HOST command=t elapsed=2.047s
I (26393) M1: command=t
I (26393) M1: blocks=9774 dma=9774 render_max_us=66 deadlines=0 write_errors=0 short=0 tx_q_ovf=0 gaps=0 running=1 failed=0
I (30093) M1: blocks=11158 dma=11158 render_max_us=66 deadlines=0 write_errors=0 short=0 tx_q_ovf=0 gaps=0 running=1 failed=0
I (40093) M1: blocks=14908 dma=14908 render_max_us=66 deadlines=0 write_errors=0 short=0 tx_q_ovf=0 gaps=0 running=1 failed=0
HOST command=? elapsed=22.125s
I (46463) M1: command=?
I (46463) M1: blocks=17300 dma=17300 render_max_us=66 deadlines=0 write_errors=0 short=0 tx_q_ovf=0 gaps=0 running=1 failed=0
I (50063) M1: blocks=18647 dma=18647 render_max_us=66 deadlines=0 write_errors=0 short=0 tx_q_ovf=0 gaps=0 running=1 failed=0
I (60063) M1: blocks=22397 dma=22397 render_max_us=66 deadlines=0 write_errors=0 short=0 tx_q_ovf=0 gaps=0 running=1 failed=0
I (70063) M1: blocks=26147 dma=26147 render_max_us=66 deadlines=0 write_errors=0 short=0 tx_q_ovf=0 gaps=0 running=1 failed=0
I (80063) M1: blocks=29897 dma=29897 render_max_us=66 deadlines=0 write_errors=0 short=0 tx_q_ovf=0 gaps=0 running=1 failed=0
I (90063) M1: blocks=33647 dma=33647 render_max_us=66 deadlines=0 write_errors=0 short=0 tx_q_ovf=0 gaps=0 running=1 failed=0
I (100063) M1: blocks=37397 dma=37397 render_max_us=66 deadlines=0 write_errors=0 short=0 tx_q_ovf=0 gaps=0 running=1 failed=0
I (110063) M1: blocks=41147 dma=41147 render_max_us=66 deadlines=0 write_errors=0 short=0 tx_q_ovf=0 gaps=0 running=1 failed=0
I (120063) M1: blocks=44897 dma=44897 render_max_us=66 deadlines=0 write_errors=0 short=0 tx_q_ovf=0 gaps=0 running=1 failed=0
I (130063) M1: blocks=48647 dma=48647 render_max_us=66 deadlines=0 write_errors=0 short=0 tx_q_ovf=0 gaps=0 running=1 failed=0
I (140063) M1: blocks=52397 dma=52397 render_max_us=66 deadlines=0 write_errors=0 short=0 tx_q_ovf=0 gaps=0 running=1 failed=0
I (150063) M1: blocks=56147 dma=56147 render_max_us=66 deadlines=0 write_errors=0 short=0 tx_q_ovf=0 gaps=0 running=1 failed=0
I (160063) M1: blocks=59897 dma=59897 render_max_us=66 deadlines=0 write_errors=0 short=0 tx_q_ovf=0 gaps=0 running=1 failed=0
I (170063) M1: blocks=63647 dma=63647 render_max_us=66 deadlines=0 write_errors=0 short=0 tx_q_ovf=0 gaps=0 running=1 failed=0
I (180063) M1: blocks=67397 dma=67397 render_max_us=66 deadlines=0 write_errors=0 short=0 tx_q_ovf=0 gaps=0 running=1 failed=0
I (190063) M1: blocks=71147 dma=71147 render_max_us=66 deadlines=0 write_errors=0 short=0 tx_q_ovf=0 gaps=0 running=1 failed=0
I (200063) M1: blocks=74897 dma=74897 render_max_us=66 deadlines=0 write_errors=0 short=0 tx_q_ovf=0 gaps=0 running=1 failed=0
HOST command=r elapsed=180.031s
MICBEGIN rate=48000 samples=48000
MIC 000000 d70001be01a2017b0152014a00eb00ca00c600aa006c0069006b003d000e00150004ffeefffeffdfffddffb8ffc6ff93ff6cff35ff1efed2fec7febafe98fe94fe65fe51fe12fe25fdf8fe14fde9fe38fe04fe05fe0ffe1cfdc5fdfcfdfdfe18fdd6fe01fdf7fe0dfe0cfe1dfe3cfe75fe66fe74fe7afe73fea0feabfebffed4
MIC 000064 fef5ff07ff31ff36ff7aff9dffc8ffe0fff4000200190011003c005e007500c700d100d800f90117011c010b01060138013f016b01d501cb01f50210020f01d101f7020a020f021e0243025102290225021d01fe01f601d701c701cd01aa01ac017b016d0148014a00fb010d010100d100bd00d0008b003d004c000cffe8ffb6
MIC 000128 ffc4ff98ff84ff67ff4cff0fff15feecfec4fed5febafea1feaffeacfea2fe9ffea5fe74fe79fe50fe4ffe35fe26fe08fe12fdfdfdeefe01fe01fe0cfe16fe12fe01fe30fe43fe4dfe5ffe8cfe98fec1fe8bfebbfed7ff0cfeefff2cff49ffa4ff76ffccffc00004fff3002e001700390044008700a700b900ca00cb00ea00ef
MIC 000192 00f40118017d017001a8018e01bd01b501d501df01fe0207021101ea021b020501f601fa01fb020001c701d301bf01c301df01e101cd019d0185017b01800199018f016a0131010200c3008d0057003e004600590055003600020006ffc0ff8dff6eff52ff1fff41fefbfee5feadfea8fe67fe52fe3afe37fe49fe55fe5dfe58
MIC 000256 fe7dfe21fe2efde8fe07fe0afe3bfe17fe3ffe18fe21fe18fe35fe23fe48fe5cfe69fe5dfe64fe68fe65fe90fe95feb9feeeff12ff29ff38ff2bff4bff50ff6cffa5ffcd000d0048005b007a008400be00d600db00e300f4010f0117014701440169016d019101b501b801c701c001db01ef020d022302250222023702390229
MIC 000320 02450226022001d601e701d501b101b401c7019a0195017a01470130012300ff00f100ec00ca00ac008f00920044004e002ffff7ffcfffbeffa0ffb7ff6dff57ff55ff45ff01fef6fee6fecffeb9feb2feb4fe7dfe88fe6cfe5dfe36fe0afde6fe21fdaefdcbfd9bfddafdbdfdd6fddffdf4fde3fde7fde5fdfdfe1bfe45fe66
MIC 000384 fe86fe9ffe98fecdfecdfeedfee8ff35ff45ff5bff5cff6cff9cffb6ffc2000200000037001d0042004c008500af00d7010501190109012701370157016d0196019501b501d101e101d201dd01d501f001fb0217021b020102170219021a01ee01e601bb01c201ca01d501d001c6017f016b014a012d00ef00f300eb00f500b0
MIC 000448 00b3008b00630042002200270031000effd9ffcaff7dff5eff34ff25ff05fedffed0fec0fe84fe95fe75fe77fe73fe54fe55fe5efe13fdf9fe05fe0afe07fe1afde5fdd3fdaffde2fdb7fdccfde5fdebfdfefe4afe48fe68fea5feacfec6feb0feebfee1fee0ff11ff4aff2aff56ff76ff83ff71ff9bffd0ffd6ffe300330054
MIC 000512 008c00c400d7010c010901250137014801430186019f01c101e601fb020201e501d601c901b001e301e001d601bd01c101ae019d01b801ba01a401b601c501bb01c601bd01cd017d014e01480147010c012a012b010f00f300cb00b6008f007d0068004e003e0004ffd3ffc6ff91ff48ff6eff36feffff17fee6fecdfeb2fea4
MIC 000576 fe6cfe81fe5dfe64fe42fe5dfe11fe0cfdfcfe01fdc6fddafde6fe04fe06fe0cfe32fe02fdeafdf6fe14fe1cfe3efe75fe72fe6efe5efe87fe99fe9bfeb5feedff18ff2aff38ff5bff7bff8dffb7ffd700020008001300510081005b00a200ca00ca00b900f5011601150168019601ae01b001ec01f201ea021d021002040225
MIC 000640 021201e301f401ef01bc01c601ff01f301cd01e101d501c701b401d601af019e0177016c0179015b0149014c0120010500d800d500c700a50064006b0055001cffddfff6ffddffa6ffa4ff91ff86ff50ff49ff04feeffeb7fed3fea3feaafe6efe8ffe59fe45fe0efe0afe0bfdddfe19fdfffe18fe21fe3ffe42fe54fe1bfe5d
MIC 000704 fe2efe53fe42fe5ffe4efe81fe6cfe77fe78fe7dfe87fe9efeb0feaefee8feedff18ff2fff6aff7bffcbffd3ffe1000e004e003b007c009f00b600ae00f100ec00eb011601420147018a0174019501c501c001e5020401f0020201df01ea01ff020e021402390226021d020f0207020601eb01f901f301d701cf01b4019f0199
MIC 000768 015a0157014d011800e700fd00b600880085007300490017fff7ffc9ffaaff97ff67ff55ff67ff34ff3afefcff07fefbfeddfed8fe9cfe78fe67fe5bfe57fe57fe55fe52fe31fe1dfe25fe09fdfcfddffdcefdf4fdfefe0afe23fe45fe5ffe61fe70fe8cfe48fe6efe72fe78fe50fea0fe7ffeaffec1fef3fefdff34ff2bff44
MIC 000832 ff61ffb9ffcf000e00160044005e007e0076009f007500bb00a100c000b600dd011b014c018501a801e001cf01f201d1020601d402220210024102280273025b024e0237024301ee020501d801d301cb01b601cb019b018a014101470125010300c600db00b00097008e0095006800640037002700270001ffc2ffb2ffbdffa1
MIC 000896 ffabff6cff70ff36ff1ffeebfeddfe9dfe7cfe7ffe7afe32fe33fe33fe0efe0bfe0ffe0ffe03fe06fde2fdcbfdc0fdbcfdcbfdbefda8fdb5fde0fde0fe0efe1afe58fe32fe53fe61fe76feb2feb1ff02ff1fff31ff20ff62ff6cff84ff84ffc8fffb0000002200580054009f00b800f3010201120123012b013f014c01540172
MIC 000960 019b018f01ca01bb01ee01dd01f601c901f601db01dc01fe0209020a01f601ed01f601d101db01c301c701bf01dc01c301c001a1018a0162013c0129010a00f200c500a400aa0066003f0037fffbfff0ffdeffd3ffbeff83ff2dff23ff09fef6fee0fee2fec8fe9ffe91fe7efe61fe5afe4bfe41fe15fdfbfe19fe24fe33fe46
MIC 001024 fe36fe2ffe33fe0afe13fe2efe50fe48fe5cfe71fe73fe2bfe4ffe4cfe53fe5bfe95feaafec1fec0fef5feeefef0ff19ff26ff67ff8dffb3ffcdfff1fff10021001d00660042008500af00b900a800e400e4010501290160014e01600165018601a301ab01b701d801ea01f90210022e020d020001f701cb01ba01b601b701bb
MIC 001088 01ef01c901a601a601990163014d014d013e013b01410135010c00c800cf007d00790047003f0021002effed0007ffe1ffa9ffa1ff52ff5cff39ff2eff13ff00feb2feb5fe85fe6afe4bfe63fe5cfe52fe31fe2ffe09fdf3fde4fe05fe2bfe33fe1ffe20fe10fe03fe0ffe2cfe30fe1efe45fe5dfe73fe85feb1fec5febffec8
MIC 001152 fec0feccfedcfef3ff35ff5affa5ff70ffabffb1ffdaffe0001300690057008300b200be00bc0100014601510154018201550163014801a601b801d802070217021f0249023f0270025102470224020401f301f901e9020a01dd01d101c2018e017e0179017b0192019d016f016701500132011300fe00f000bf008f0077004a
MIC 001216 0015fff4ffe6ffa8ffa1ffa2ff6dff70ff36ff24fed6feeefe9bfe96fe6ffe7cfe39fe51fe48fe38fe03fe12fe04fdf9fdddfde9fdf1fdd9fdd8fe08fe01fddefe1efe34fe57fe51fe5dfe44fe17fe50fe5bfe5ffe86fec1fed3ff0fff12ff18ff47ff39ff80ff90ffa5ffe5001e00290065008d008b009100ae00b9009600b0
MIC 001280 00d500ba00fd011b013501340169017d019f01cc01d301db01d701fd020c0242022b0252021c02400217020601f3021701f801e301e201f601ac01bd01bf01c4017401740154013c0139013a01270163012600f000ae009d004f0030000f0038fffdffddffb7ff8dff4aff24fef3fecafed8febafecffe93fe83fe65fe4ffe31
MIC 001344 fe2ffe38fe64fe4efe4ffe20fe0afde1fdd4fdd3fddcfdf1fe1efe63fe74fe77fe5cfe62fe4efe49fe6bfe8ffe92fed5fec2fefbfef4ff0cfee9ff0bff1cff45ff50ff8aff8dff8dffd1ffd3000b0017005300740088007700ab00a100c000cf010500f9012e015d01690169019301c701b201cb01f701f8020f023902150237
MIC 001408 0204020d01ef021b01ff01f401fa01fe01b601be0199019b0187017b014c0158015101080105010500e500aa008a007c004a002e00140014ffe5ffc8ffaaffa6ff54ff43ff29ff54ff21ff00fefafee9feccfec2fea5feaafea6fe6afe6cfe39fe29fe1afe40fe3efe1cfe12fe19fe0bfe06fe21fe16fe20fe20fe1dfe1cfe16
MIC 001472 fe29fe71fe49fe6dfe90feaafec8feedff00ff2fff2fff5bff3eff71ff97ff8cffc0ffd4ffdeffec000800210049007900b400d301010129012b01460168016801550182016a015a019001ab01e701dd020801dd01fe01fd02270209022801fd020a01d901ad01a401a5018901a201a201b201940193018e0179016f013500f8
MIC 001536 00e500d9009e00a9009d006e003f0051fff7ffe4ff9fffb7ff7bff7bff49ff21ff0aff1bff1bff02fee0fed8fecefe89fe94fe50fe56fe3ffe30fe0cfe18fe03fe0bfe15fe2efe01fe08fe10fe22fe07fe14fe41fe35fe2afe31fe40fe49fe59fe82fe90fecafee5fee6ff1dff24ff52ff1aff57ff73ff8cff7effa0ffaeffc9
MIC 001600 fff7002b004a004c005f0087009a00bb00d500c800e400fe0127015a01520191019b019401b001c301da0207021402400237023a022302050220021001f101d6021301ca01dc01c901eb01bc01b401bd01b10171016601530151013b0117010a00e300c900ac009c006e0047001bffe3ff9eff5dff4eff55fefeff0bfedefefb
MIC 001664 feb2febbfe97fe93fe69fe6dfe56fe3bfe22fe20fe3afe06fdfdfe08fe0ffdedfddafdcbfdc3fdd4fdd2fde5fde8fe0ffdeffdfafe3cfe47fe4bfe6dfea9fe8dfe8bfed7fee1fed8ff10ff54ff70ff81ff8bffc5ffc7ffda000a002f00520046007d009600ae00a200e1010a010a012e013e015b014d015e0155017e018101b5
MIC 001728 01c001dc01f10206021d0215023c0219021001fe020f01f901f301ef01d401c501ce0195018f0174016501300141011d011e010f011900f9010900d700ab00a70081006500390017ffccff88ff67ff5eff4bff33ff15ff3eff00fee0fed8fec4fe9ffe80fe7efe85fe4dfe3bfe4cfe4ffe2dfe36fdf2fdfefdd0fdf0fdbcfdcd
MIC 001792 fdcefddefdccfdd3fdebfddffe0bfe19fe49fe41fe4cfe87fea2fe99feccfedefefaff0bff30ff3eff31ff52ff7aff92ffe0000a0071007400750063007e0076007900de011001230149016e019301aa01b701b3019501a301cb01d801f001da01e001b401ae01ae01c701e101d801d901f701f101f701f60217021401e101de
MIC 001856 01c6018c01630131012f010400e100e500d400b7009a0084006f006400340013000fffd5ffc5ffaaff8dff68ff2cff22ff05fedcfecffec8feabfec6fea8fe89fe73fe4dfe4dfe45fe39fe2cfe0dfe13fdedfdc9fdd0fde0fdc6fdf3fdecfde2fde8fde2fdf2fde1fe0dfe16fe4bfe3efe79fe70feaefea6fec7fed0fecafecb
MIC 001920 fefeff15ff57ff72ff86ffb3ffde0000fffb00170034005b008900bd00c200e40120012401660173019601b501e80210020201d701cb01c101cf02060213021e022b022e020c01c701c501fa01e501e501f701f801d201bd01b90197018501750159013d012a011300f700d60096007b00750020000dfffe0022ffd8ffd0ffcf
MIC 001984 ff98ff88ff93ff80ff8bff89ff75ff36ff08fea5fe97fe57fe67fe2dfe13fe18fe18fdbbfdfafde4fde9fda6fdf8fdd7fdf7fe02fe2ffe0afe11fe20fe27fe1afe2efe37fe47fe64fe71fe6afe65fe6ffe54fe91febcfef6ff1bff42ff3eff7fff80ffa4ffcbfffd00100053007400630067007b0092009f00f60107016a016e
MIC 002048 018f01a401c901ac01c301c701df02050234024602680252022a01f701f401ed01e501f501ef01e701cf01d701c501a6019f019301690175017b016701490137012000fe00bb00b600a5007b0073007f003500340009ffb5ffb1ffa7ffb0ff8dff96ff70ff0eff09fef6fed8febafe9dfe9bfe78fe69fe61fe4efe10fdf4fdff
MIC 002112 fdf3fdfdfdf6fe0afdf2fdf9fe22fe10fe38fe4afe5cfe65febafe6efe70fe64fe57fe41fe5efe66fe63fe79fe9bfecafee3feecff28ff6fff84ff8effcbffe6ffc1ffed0023003900510088007c007b008d00dd00f9010b011d011b01370120015f017601b501b401e701e801db01f101ff0207021e0232022a022d023b0213
MIC 002176 021f0214020101e801e801d701ca01c801c501ab01bb017a0173015001460104011200d700b20081006e004c001ffff3fffefffbffc0ffbeff93ff6cff21ff31ff13fefefed5feeefea0fe92fe6ffe6ffe47fe20fe15fe12fe15fe0dfe2dfe1efe41fe33fe4cfe16fe1afe08fe1ffe19fe29fdfffdf2fe06fe10fe3bfe51feb1
MIC 002240 feb4feb0febafec3fec7ff07ff36ff73ff79ff9aff9cffbfff9dffc6ffe90037002a005c0063008a006500ab00c800d700f3010401130147016601aa01a701e901cc01d901df01e401e10203021f02270232021502170208022002230238022e022f0237020a01cd01d201be01a0017d01a7015801570125011500d900db00cd
MIC 002304 0092009500a0007e0055004affefffe8ffb9ffcfff6fff82ff77ff53ff13feebfea9fe98fe6bfe71fe63fe5bfe4afe3efde5fdd6fddffdeffdfdfde6fdf5fdd3fddefdeffdc8fdc5fdf1fde6fe0afe0bfe1afe0bfe20fe48fe45fe69fe4efe82fe9cfed3feddff19ff46ff53ff50ff6dff8dffa0ffd1ffe4003b0039006b005e
MIC 002368 007f009700ae00dd010c0112014c0169017201a201ba01ee01d901db01d601f901e5021e01ff020b0210021b01f3020a01f3020401e501f801d301e801c501d401c201b401ac0188016f015a0148011f010800ee00e500af008f007d00470041002b0012ffddffbeff81ff94ff72ff4cff4aff30feebfee6feccfeaefe81fe82
MIC 002432 fe62fe5ffe28fe3afe16fe44fe1afe0efe38fe29fdf9fe25fe09fe48fe1efe2dfdf5fe08fdd2fdfffdd2fddafdcdfe02fe01fe27fe6afea1fec9ff01ff0bff0bff46ff46ff59ff7bffb9ffb0fff90007000e001c003900430036004f0084009600c300e200d901120129014001630184019d01cf01e701e301da01c101fa01e9
MIC 002496 01f5021e02270227020d021701f401e301c601d201d901e601d101e801e301ab017801870152012600ff010800f800d900c300ab006c004a0009fff6ffd4ffddffbdffb5ffaaff69ff5fff36ff18fec4fee5febafecffe8dfe95fe69fe5ffe5ffe65fe50fe57fe5bfe36fe19fdf6fdeefdeafde1fe15fe38fe24fe33fe17fe24
MIC 002560 fdf5fe3dfe2bfe58fe6bfe84fe6ffe96feacfeb6fec9fef1fef6fefaff29ff34ff45ff57ff96ff85ffd3ffd8000a00250058007f00b000b900c300c500e1010d013001410165018f018b018401a201bd01d80204022c0207022702390249023d0264025902220215021201f901f6020d01d601df01f301a5018801720183016e
MIC 002624 0159014400ff00e800a900ad0090007a0063006c004a001f000ffffbffdbffbeffb4ff9aff6fff40ff3cff02fed7febcfeabfe8bfe58fe3cfe4ffe2cfe44fe50fe37fe23fe2ffe05fdeefe00fdedfddcfdf6fe06fdeefdf6fe11fdd7fdf4fe17fe28fe36fe79fe7cfe8dfe97feb2febcfebcfedafeedff1fff3fff76ffa3ffd5
MIC 002688 ffb9fff0fff3000100300076007000ce00cd00e400e500f70118012e016a019e018f01ca01d401dd01e501e401ed01ed01d801d5020001f101fc02030235020a0219020f02170214021801f401f201df01d901b701c401b6015a0176015b014b00e900df00b300b5008900990067003700160019ffdbffd5ffcfffc0ff65ff2a
MIC 002752 fefafeeafed7fec3fea7fe8cfe94fe70fe72fe6bfe73fe50fe28fe08fe13fdeafdfafe01fe21fe0ffe28fe1dfe03fddbfdedfe14fe0afe0dfe3afe41fe41fe6efe98fe9efe97fecdfeb5fe98fea1feedff1cff18ff69ff9affa6ffb4ffd6ffe8ffed000c004b008a009f00e601000109011401040101010a01380151017401b3
MIC 002816 01c501c501dc01db01de01e3020801f001f601fe0222022402180229022f020a01f901e201e101c001b601b3018301690171015a0146013a012700da00bf0097006f004c00490035001e0011001bffe2ffa4ffaeff82ff5dff4aff38fef0fefbfedbfee4feb5feb7fe93fe9cfe38fe46fe19fe1afdebfe06fde6fdddfdd6fdc3
MIC 002880 fdb6fdcbfdeafde8fe2dfe28fe28fe0cfe57fe36fe7dfe62fe78fe74fe99fe8bfeb0fe9cfeb1fecfff17ff42ff44ff67ff7fff8cffb5ffe9ffdc00140021006e007500c300ef011f0117013a0112014b01260162016e01a4018601a101b501c801c401c001cd01da01ea01ee01ea020d020a01e301f4020c01d401bb01d401cc
MIC 002944 01b801c001a10171018c01570155014c015000f100ff00bd00c0008900a6008d00490016fff1ff95ff84ff56ff58ff31ff25ff3dff16fee8feeefebafeacfea4fe8efe63fe78fe79fe5bfe5afe4dfe34fdf0fe08fdcefdf6fe04fe36fe05fe5cfe49fe44fe3afe35fe4bfe2ffe34fe38fe34fe29fe5bfe5afe86fe92fed4feed
MIC 003008 ff25ff2bff36ff38ff6fff57ff9effe6fffb000d002e003900590075009f00ab00cd00bc00f900f401290107012301370162017d018701bd01dc01cd02100226023702440244024802310258024402360222020a01f101fb01c0019101a401bb01910180017f015f0121010b00ed00d100d100a400c100930086005d00750036
MIC 003072 002200040017ffe7ffb7ff8aff42ff1efef7fef7feb5fec5fea2fea4fe9ffe77fe56fe63fe2efe2dfdf9fe17fe02fde9fdf6fe05fe01fe04fdeafdf0fde9fdf3fdeafe1cfe42fe51fe5cfe92fe94fe89fe97fecbfe9efedefed9fee8feecff06ff0dff4cff83ffafff89ffcfffc2ffd1ffeb00130024007000c800fa01110127
MIC 003136 01650150013a0153015d014901a701be01d901c00205020301c301e201e9021402260243022f02450222020e02010214020801f301f801e401c401ab019d0172016001480123012d00ef00e400c3009e0071004a003100500031001a0021ffd9ff9bff88ff55ff40ff2dff21ff04ff04fee8feb3fe93fe96fe54fe44fe61fe46
MIC 003200 fe2cfe34fe46fe15fe28fe48fe16fdfafe19fe3afe1afe43fe39fe2afe03fe1bfe15fe30fe5efe90fe82fe8cfe94feb7fec2ff00ff22ff25ff2dff59ff3cff47ff44ff52ff70ff8cffcbffeafff60032004e0053008b00ab00c300dc011c0160018e01a901c301c001e901e301cf01e5020801ee01e8020b021501f30220024b
MIC 003264 01f7020c0221020e01f201f001e201d001cb01b001840182017b016101490144011f011e00fa00e90101010400ca00bc005f004900080009ffdaffb2ff73ff7bff4eff40fef9fecbfeaffea5fe74fe77fe21fe4cfe2efe21fe2ffe3dfe1dfe09fddffdf3fdfafe17fe11fe09fe3efe1ffe20fe05fe0ffdf1fe14fe1afe1ffe29
MIC 003328 fe2afe54fe50fe77fe84fe9ffecefeeefed8ff10ff1fff52ff4eff88ffa9ffceffdd000bffee001b003500520049009000b3010000e50134012e0164017c01aa01af01e101de020a01fe0218020d022402230238022702300238021f021e0206021d01fc01f801ed01d301b701cb019f01a7015e014a0119010900ef00e000cc
MIC 003392 00d100ad007e0066002d000cffe7001effe3ffe7ffb4ffbfff5aff33ff39ff2ffeebfee9fed9febdfe65fe86fe5cfe3bfe41fe22fe0cfe23fe24fe1ffe5cfe30fe3ffe18fe2cfe0bfdfdfe16fe16fdebfdf9fe09fdf6fddefe24fe36fe39fe68fe82fe8efe7cfeaffeb2fecfff0eff2bff5eff83ffa1ff9cffacffefffe8fffe
MIC 003456 00450055007d00ac00d000d000e2010a00ff010e012201430157017e01a0019201af01ac01b701d401bf01ea01fa021d0225022c0217021e0205021401fe01f501f501de01aa019c0181016a01510130011f00f4011a00d200d900c100c7008600810053004f00220015fff8ffdfffe7ffb4ff82ff58ff4eff3aff31ff20feff
MIC 003520 fedffea6fea7fe95fe54fe6ffe68fe53fe4afe2ffe43fe1ffe01fe27fe06fe31fe17fe1cfde2fde1fde9fdf8fdeffdfdfe0bfe26fe40fe6cfe7ffe80feb6fea4fecbfecbff0dff1fff34ff2eff6dff59ffc2ffd200050011003400440051007700ae00e100f90109011a0163015a018001630196017801b501b901e301f7022a
MIC 003584 0204022b01db01ee01e101eb01cd01e7021a02030226020c020a01c801cd01c7019d0163018b01640151012e0157011200fc00ed00dc008b008d0067006a00260032fff9fff6ff96ff99ff5fff63ff42ff1bfedefef0feabfea7fe8bfe82fe79fe64fe48fe65fe49fe6cfe44fe4ffe34fe21fe1efe21fe0dfe0cfe16fe10fe0d
MIC 003648 fdc2fdecfe01fde7fe20fe41fe53fe68fe77fe94fe93fe99fee4fee4ff0eff0aff12ff34ff68ff62ffc3ffd2ffcaffe70007fffa001700320075006b009600d400f500fd00fe011a010b012b01440162016201c501ab01ae01d501e601c501cd01c901d101a501d401dd01e301e401f801da01f301df01fd01f401e101db01e3
MIC 003712 01af01b5017101520136013000fe00e900dd00c8009600940081004d002500050001ffccffb4ffa9ff81ff3eff2afefefee9febffec6fea4fe9bfe75fe80fe96fe7dfe85fe7dfe81fe54fe02fe32fe00fde5fdf5fe13fe04fddefdf9fde8fddcfdfafe1dfe21fe36fe3dfe6dfe8efebefec9fee8ff13feeafef1fef9ff24ff1a
MIC 003776 ff76ff98ffb0ffacffd8ffabfff3fffa00470055009a008400ac00bd010f00f60177013a017a01410191018401b901c201e601d601e201ff021401f1020001fb01df01ce01e201f20204021101ff01f701d401bb01a801a201aa01b0016d018c0172013600ef012500d000a400650073002b001300130034fff3ffdcffa6ff83
MIC 003840 ff5dff46ff31feeefee4febefe99fe8bfe82fe5dfe4efe33fe49fe02fdf7fe05fe13fdf7fe20fe19fdfefdf2fe0afe0dfe09fe01fe20fddbfdd1fdb2fdc4fdeafe14fe34fe52fe5bfe87feb7feadfee2fef1ff31ff54ff5aff7bff8dffc100070005000c001400240009003e0048006e009100ba00e100e000de0122013a015f
MIC 003904 018b01a301b401b101e801e201fb021b02210217024d024d0261024c024402310238020801e201bf01bd01b101a101ac018101800120013c0116011a00dc010b00dc00d400b1009a008f005a00390014fff0ffa9ff84ff61ff5dff45ff55ff65ff3afefafed7fec0fe8bfe78fe7ffe58fe2cfe1ffe0afe02fe2dfe20fe1ffe3d
MIC 003968 fe45fe0bfdeffdedfe04fdebfe0afe1dfe0dfe40fe41fe5afe3efe38fe73fe72fe72fe83fea6fec2fee8ff19ff10fee6fef3ff20ff29ff71ffacffb6ffcbfff10000002f0040004f005b008a00a300cd00d50109011f016a016a019001aa019401d601c901e401d9020b01ff020a020b02090212021101fe02170216020e0209
MIC 004032 02330210020e01eb01d601930192017701800162015101300139011f00e300a400a3006a005000180012ffe6fff5ffbaffa0ff75ff3fff53ff22ff21ff21ff23fef5fefafec2fec7fea4feb1fe9bfe78fe3bfe3bfe2cfe2bfdfcfe07fe0afde1fdd5fdc1fdd3fde7fdebfddffdf2fddbfdcbfde1fe0afe29fe49fe68fe97fe87
MIC 004096 fe7efea4fedbfefafefdff2aff3eff51ff79ff92ffb5fff8ffd00016002b005700540093009200bf00b200d100f801050151019a01a501a601a901a4019b01c001c7021e0239021b02160240022702220229023201ed020001db01d001960193019401aa019f016f0177016f015d016f013e010e00f200ae00b0008e006e0031
MIC 004160 00410006ffccffdcfffbffb5ffa0ffa6ffbdff74ff58ff56ff3dff22ff07fef7fec9fea3fea5fecafeb3feb7fe6dfe4cfe17fdcafdd7fde8fdf5fdd6fe11fe19fe09fe00fe38fe18fe1bfe30fe53fe75fe5dfe76fe74fe97fe99feb2fee9ff05ff19ff2cff4cff49ff54ff5bff9bffc4fffbffeb00160003003d002300750083
MIC 004224 00a700b300ed00ea011c014a0198019801c001e401d501e0020101ec0208021e0212024202390237022a023e0229023001cf01eb01c001d001da01d501a101920198017b0144013e016a010701400121010d00c400e1009f009a0045003dffecffd2ffbfff9aff8fff8cff66ff18ff1aff17fef7febefef8fed3fe95fe8ffe7f
MIC 004288 fe69fe4bfe5dfe44fe22fe0afe08fe05fdfffdf3fdd5fdd7fdeafdebfdecfe2dfe2cfe26fe26fe56fe20fe34fe3cfe73fe82feb8fe9dfedcfeacfec2feceff00ff15ff5aff83ffd4ffd9fffc00460039005200660091007500c700aa00da00cc00ed00e60100011c0162014e01b501b701cd01cb01bd01d801d8021b023d027c
MIC 004352 025902890247024201fa020d01ec01e001d201f901a301c50197018301600151013401140127011f010900f100da00ab00980057001d0010fff4ffd4ffc3ffa1ffa3ffafff74ff82ff6aff48ff0bfee4febdfe98fea7fec6fecafec0fea2fe63fe63fe1cfe08fe09fe10fdfafdf0fe1cfe1afe2dfe0ffe03fde5fdf3fdf1fdfa
MIC 004416 fe1afe40fe61fe59fe67fe48fe5cfe81fe72fea8fed3feeafefdff34ff4aff58ff90ffa9ffbeffd20001000e002600680083009400cc00ed00ec0100014a014e01350146018a0157015e018601b8019901c301e001ed01df01ef0221020801fa01f201fc02080208021b01fd01fd01a701bf01a1018b018201860176014f0167
MIC 004480 013f013700f500ed00a00099007200960052005d0022fffcffcdffc9ffaeff68ff60ff2fff06fec2febdfe94fe92fe69fe8bfe96fe89fe44fe4cfe25fdf5fdfffe0cfdfafdecfdfbfdf6fddcfdddfdebfdf8fdf3fdf9fdf4fe01fe0cfe22fe3efe4cfe37fe6dfe3efe99feaffed7fef6fef4ff12ff11ff41ff81ffb2ffaefff6
MIC 004544 001500120049006b009200bb00ce00e800f201150130014d014c017a017b0194017201a601dd01eb020c020f01fb01e401cc01e101ee01fc021d023202300210020a0205023801e30215020401d901b901a6018001680140013000e500e000ce00b500b80094008b00510053000c000cfffdffebffe7ffabff77ff5eff4bff1c
MIC 004608 fee7fef6feb3fea4feabfe90fe48fe32fe15fdeffdf9fde9fdfdfe10fe00fe02fe1afdfbfdf6fdf2fe30fe16fe4bfe59fe69fe23fe41fe1dfe0efe05fe62fe70fe80fe97fea7feb6feddfedcfeffff16ff74ff82ffa0ffc8ffef0002003e00520058008600af00ad00cb00f401150107012001670144018d019901ac01b301bc
MIC 004672 01ce01d301c6020101fc02210246024d02380252024d0225022a021d020e01e001e101f501d5019f018d017e015f010e0129012701290109010500d200c30099008b00680064003c0032001b0005ffceffb6ffabff78ff7aff59ff42ff02feedfebcfebffea3fe78fe51fe5ffe25fe30fe33fe45fe21fe34fe13fe1cfe44fe31
MIC 004736 fe2cfe45fe2bfe0ffe02fe1bfe14fe15fe58fe34fe35fe4cfe5afe57fe98feaefef5fefbff44ff3fff6bff4fff64ff84ffbeffc50014004b0039009f007f00aa009e00b7009c00c000f6010d0136016101590155017a019b0190017f017f01ad01af018c01c501d301c001f10202021002030203022501e001d701d601d401ae
MIC 004800 01ac018201b70192016a011b010b00e200cb00f3010000db00b500cb0084003b0033002e00130006fffbffdbffb8ff7fff51ff15ff18fec9feb5fe78fe73fe5bfe44fe49fe40fe17fe1dfe1dfdfafdf7fdebfe00fde6fddafdd6fdc9fdc6fdedfdedfde4fde7fdfafdedfe0efe26fe55fe55fe7efe43fe6dfe7bfe9bfeb9fef6
MIC 004864 ff29ff51ff5bff6dff82ff90ffb5ffe90012003f005f008400880077009f00c300da00f9013301330179016a019901a801b201af01bd01d301e602000206022a020b0242020f0248023b023502260252022f02380215020f01d001c901c701c4017301770150013f011a010900c500a60085004f002d0001001f000e0030ffec
MIC 004928 ffd5ffb3ff89ff3cff47ff14ff25fef6fefafef3fed0febafea4fe72fe42fe2cfdf5fe01fdeafe02fe36fe17fdf6fdd0fdd2fde3fdc3fde3fdfbfe1bfe23fe1ffe2afe4bfe0efe53fe4ffe6afe6afeb0feabfec4fecffef9fef4ff24ff36ff52ff6dff9dff77ff76ffaaffc7ffd70029006200ad00c500f300eb00e601110171
MIC 004992 015d015001730186018501a401cf01dd01e001e901e501fa01ea01ee01fd020701e701d601ed01f001d00200020b01e901a801c7017d01a3017c019f016101530140011a00f600f800d200d800cb00c3008e007d005b0036000bfff1ffccff95ff74ff4aff2eff16feedfeeafebbfe8afe91fe59fe48fe54fe1afe3afe0ffdde
MIC 005056 fddafdeffe0bfdd7fe0bfdf7fdcffdd4fdf4fde2fe04fe0efe32fe23fe4afe2efe67fe83fe74fe58fe6bfe71fe71fe81fef4fef0ff4dff6bff54ff63ff4eff70ff54ffa9ffcb002a004900940082009500ba00d300e60158016d017d0197019f01af01b301a401a201b301be01db01e401fa01e801d501c201c601a101ca01df
MIC 005120 01df01df01e501e401cc01ca01ba01df01b101c5019c01a0012d011100e600ed009a00e000a900c000740097004700590000fffaffc1ffd7ffadffb2ff86ff84ff45ff41fef2fed7fecbfed5feaefed9fea8fe82fe6dfe55fe33fe3dfe29fe3dfe1ffe2cfe22fe0ffe14fdfbfdfffdcdfdd6fde2fe1efe01fe32fe16fe33fe24
MIC 005184 fe68fe6ffec1fec5ff11ff21ff3aff5bff84ffaaffc3ffd7fff9fffdffc8000cffea00280028003d0052008a0079009f00bb00db00d9010401320143016b01d101d501f902110206021b02360200022502400232021f0214020a01c001d001bd01cc01cf01c601a4018f01560144014501290107011100fb011100df00d900d1
MIC 005248 00b200860099005e00490046002d0016ffdcffbfffa4ff73ff52ff24ff12fef5fec7fe99febafe95fe84fe59fe4afe34fe0afe20fe0cfe0efe03fe27fe1dfdedfdfbfe14fde6fdeffe0dfdd9fdd7fdedfe1bfe2afe3ffe5cfe59fe79fea7feb1feabfebffea7fee6ff0eff3aff65ff73ff98ff98ffd1ffc0fff4001b00310050
MIC 005312 008900ac008f009100ad00ad00d700e90143017a017e0196017b01ab01ac01b401f101ef01e401fb023201ee01f30206020001f101fa0219021901ee023301e501d201c501ba0192017e01770175017301570121010400cd00a300950090005a002efffdffe0ffa5ff86ff66ff64ff53ff53ff32ff07fefafeb1feb0fea9fe82
MIC 005376 fe66fe5bfe60fe5afe50fe52fe4ffe29fe35fe2dfdf2fe18fde9fe1ffe01fe2afe0ffe1dfe11fe1efdfdfe26fe2ffe1dfe25fe3cfe46fe66fe95fee3feeeff09ff17ff1bff21ff45ff7bff97ffabffd30016fff100040023003e0035005c007c008900a100f40108012b0161015c0181017d01ba01c701e8020f022801f801fc
MIC 005440 01d901d501d4021302010217020d021e020901fa020301f301ed01e901f001cf01d101b5018a0165013b00d500e400cb00d900b100e10096008d004d00110008000effb4ffd7ffb1ffadff73ff55ff40ff10ff18feecfedbfeb5febdfeaafe78fe61fe48fe4ffe20fe19fe27fe1afe29fe30fe06fe05fdf2fdd2fdecfdcefe0f
MIC 005504 fde6fe2bfe2bfe35fe2ffe78fe4afe66fe7dfebffeeafed8fef8ff26ff05ff35ff61ff5aff8bffa4ffadffc70003000c0017004d005f007b009100ef011101310161015c0169015f018901a301cc01f5021e021a02120211021602020221021b021b021b020301cd01fb01d901f501c401f601dd01990198018a015201410172
MIC 005568 016701570131012900ea00e100c100d3009100800065005f002ffffffff9ffccff90ff91ff57ff5dff43ff2cff22ff02fefbfeabfea1fe90fe7ffe34fe6dfe3bfe2dfe12fe16fe03fe13fdf4fe19fde5fdd7fdebfe01fe04fdf2fe19fe1cfe15fe17fe47fe5afea0fe8bfeb1fe8dfe9afe99fec3feecff24ff4aff75ff7aff72
MIC 005632 ff86ffcdffcaffe70023004c0062007700a900b300cb0102010800f9014c0149015a018a017e01670184019701a3018301de01e501e301f301f90212022b022802390247024d0251023502200233020301fc01f001dc01da01b8019b0183016a0145012500db00d800a4009b0069006400170001ffdcfff3ffceffb4ffacff83
MIC 005696 ff7bff63ff53ff0fff16fee1fec5fe84fe7afe40fe59fe1ffe3efe24fe0efe05fde9fdbcfdd5fdd6fdecfde8fdccfdf6fdddfde7fe01fe3cfe2efe42fe5bfe50fe32fe3efe6cfe61fe9cfecffef4ff20ff49ff4eff52ff93ff84ff9affa3ffd8ffee0025003e006600380076006a009400a400d800ef0105011c0163013e0189
MIC 005760 019c01bb01e701d101eb01e601ed01df0201020f01f8020102240200021801eb021101c201d801be01c301bd019601b401a801920176017f0161012800ef00f800b1007c00720049000affd6ffdaffd0ffabff86ffa2ff79ff5dff52ff58ff52ff24ff07fedbfea4fe73fe5cfe42fe4cfe3bfe27fe40fe22fe1afe28fe04fe13
MIC 005824 fe12fe09fe06fdfafdecfde6fde0fe10fdf3fdf3fe1afe0ffe19fe4bfe7dfe8afea2fe95fec9fec6fefdfefeff33ff37ff30ff5dff60ff84ffb2ffde00060029ffff002600400050009200c900d900fa011d0131014a018501a601af01e501de01ef020d01fb020801f6020e021102100203020e020701fc01f201de01c401ce
MIC 005888 01bd01b9019401a901b00194017b015a013c010f00cc00bc00b8007c00a0007a00850054005e0031002dfff7ffcaffa9ffbcff77ff5aff5aff38ff09fedbfef1fea6feadfe8dfe64fe20fe18fe43fe61fe60fe58fe25fe21fdcdfde5fddcfdeefdf2fdfbfde3fdd8fde4fddcfde8fdf9fe20fe33fe59fe40fe56fe34fe66fe61
MIC 005952 febdfed5fee8ff03ff31ff31ff57ff7eff79ffa9ffe30007002f006200960081009300c200dc00f1012301760168014b015c01880177019001b201e501c801f10218020301ed020c01fd01f0020c02060206023101f401fd01d801e301a601c101ac019d018101af0167013000f700f800b10091007f008a00730084005c0052
MIC 006016 0029ffd9ffa4ff81ff5eff59ff5cff2eff1efeedfeddfebdfeb5fea2fe6cfe86fe73fe76fe6bfe8ffe50fe4afe02fe11fe1cfe13fdfefe2dfdf2fe15fdeffdfefde0fdd9fde3fe13fdf4fe1efe07fe4afe35fe75fe53fe8bfe79febcfec4fee2ff17ff4bff7dffa5ff9cffb6ffb5ffd0fff6000a00410067008e00b300fc00ff
MIC 006080 0124013f015d01390159017a019b01bd01e301e801ee01df01d401e001d701e901e601ed01de01f801d101e901e6021601f4020601d601c901bd01f401dd01aa01af018501590138012c012000e600bf008d003500480014003dfff6000bffea0001ffb1ff97ff6fff7fff52ff57ff42ff28feeffecbfe98fe8bfe85fe63fe79
MIC 006144 fe6ffe60fe2cfe49fe23fe2cfdcefdf2fdc7fde2fdbbfe28fe20fdfefdfafe20fe21fe1dfe54fe4ffe63fe67fe82fe7bfe76fe9efeb6ff08ff34ff61ff62ff77ff78ff8eff8dff9fffc2ffc7ffe5002000250062009a009a00e500f30113011f015401670192018f01af01b001da01e301c101bf01d101b301d101ee02180209
MIC 006208 02190230021a01f2021201ff01fb01f8021d01e701c7018f01860158014a013e0126010c00e700b300bb00bc00ad0080007c004f0031002f0012fff8ffd3ffb7ffb2ffabff5fff6cff48ff0efeacfeaafe95fe72fe63fe6cfe83fe48fe5bfe1bfe21fdc8fe15fdeffdf1fddbfe06fdd8fdfdfe14fe25fe1cfe38fe1bfe3ffe4a
MIC 006272 fe53fe56fe2bfe5dfe5bfe92fe71feb9fea9fefcfef5ff1fff00ff1aff41ff60ff87ffb3ffe900260019003c0064008e009f00d201250142016a01a401bd019901ae01c101b4019401b201a101ac01b301bf01bc01b501cf01ce01cf01de01ec02170201020201d101ff01d901f201c201b90167015e011f011c00ea00f400d8
MIC 006336 00db00f500ca00a20086006c0014fff7ffeeffd9ff92ffb3ff81ff7bff30ff15fed8fec6feb9feb5fea4fed8fec0feaefe94fe82fe54fe5afe4dfe13fe10fe14fe4cfdf3fe3dfe0ffe12fdecfe15fe10fe0dfe04fe50fe45fe73fe8ffe9afe9bfe9afe9dfea4feeefee6ff06ff12ff28ff1dff2bff3fff53ff48ff7dffa7ffd2
MIC 006400 ffe7003a0045004f006b00af00c500d800d401130113015101510199017c01bc019601b401b8019e01ad01bf01ca01ee01ce020501fc01ef0208021f02120232021e020c020b01db01f601d401dc01a50193017201860153014c0142010000df00a0009a00420019000a0035fff20003ffc1ff8aff6dff43ff42ff5dff4dff2e
MIC 006464 ff0efee4fec6fe7bfea1fe82fe5ffe55fe70fe4efe38fe1ffe23fe04fddefdc9fdd4fdb4fdc7fde6fe31fe09fe00fe24fe50fe3bfe5bfe79fe95fe7cfe88fe98fec7fec0ff07ff19ff51ff1cff41ff48ff49ff57ffb0ffcbffff000e00490089009900bb00de00f000ed012a013e016a017701b501bf01b301ba019e01900195
MIC 006528 019101c2020b021a020a01e001e801cc01c101df020701f40215021b01e501f401c601aa01af016701720146017801470145013d010e00da00c900a4009a0073008c006000560008ffd9ffc0ff85ff4dff5eff73ff55ff31ff2dfecefec5feb2fec9fe9efea3feabfea5fe63fe4cfe40fe0efe0cfe03fe11fde5fdedfdeffdec
MIC 006592 fdd4fe08fdf8fe13fe23fe55fe49fe5bfe56fe5afe62fe9ffecdfec2fef2ff22ff1eff0eff1aff30ff79ff86ffb9ffb0fff2fffb001000470075009a009000cf00d000e800fe0146013001580153015001570173019501dc01af01ec01e601e402030252023f0234022d0235021f0217020b01e201d501ff01c101c801e1019e
MIC 006656 01b001a7019f018801570148011900fb010100f800b7009000780064006b00200010ffeeffedff92ffafff92ff67ff37ff39ff0ffed9feabfea4fe97fe8cfe60fe6efe53fe34fe0ffe1bfe08fe11fdf4fde4fddcfdebfdccfdc7fddefdd0fdd9fdecfdf3fdf1fdfbfe27fe49fe3ffe61fe9dfe87fe98fec6fefffeeeff3eff62
MIC 006720 ff9aff6cffa4ffdbfff4ffeb000c002c004c002c00620074009a00a300e400c800d300de011a0111015c015a0180018c01b0019b01df02080227020f024a025702630252023a02250216022b01d801ec01d901e901d501d101a101730143013600fe0118010900fe00d900ca009e00810083005900380039002c000cffdbffb8
MIC 006784 ff9fff86ff7bff46ff56ff22ff23fee8fedbfe9efe87fe4afe5cfe25fe26fe0afdf3fe19fdfafddffe0dfdeefddefdf9fe04fe11fdf9fe08fdfdfddefdcbfdf2fdc8fdf5fe07fe44fe4ffe6cfe6afe7bfe82fea4fea9fee2ff11ff3fff57ff66ff7dffc5ffc0fff10025006500510089009c009500d601060124013a01490150
MIC 006848 018e01ad017c01be01d201d501ec022a02330223023e023702270203023301ef0211020c020c020a020501cb01ed01d0019701b8019c0194017f017c0141011400fb00fc00c600a6008e008800760053001d0016ffc8ff96ff52ff3fff0bff1cff13ff18fee8fecefebcfe88fe6cfe69fe65fe51fe6efe28fe51fe38fe18fe14
MIC 006912 fe25fe28fe17fe0bfe1afe01fe26fe0cfe34fe04fe05fe17fe35fe45fe3bfe29fe59fe3dfe6ffe7dfeb2fec0fed8fef6fefeff05ff09ff68ff72ff80ffa0ffe2ffccffecffeb0035002a00510060009e00c100c500d2010800f4011f014b017b01a401ac01d001eb01de01c801ff01fa0216020302430230022f022f020b01e2
MIC 006976 01fa01de01dd01e701d801cc01fe01ed01ca019501960147011c010a00ff00ef00ea00c0008e007e0045001d000affe5ffb7ff94ff77ff52ff1aff1dfefffeeefedafeccfec2fecefe8cfe91fe69fe5bfe2dfe46fe21fe1dfe2ffe49fe2efe20fe34fe23fe0afe10fe1cfe22fe23fe06fe1bfdfdfe0efe09fe37fe22fe3ffe51
MIC 007040 fe6bfe6dfe71fe93feb2fecffed5fef5ff23ff78ff7bffc0ffbafffd00030028005a008800a500de00e900fb00e20124011d0129016d01a001cf01e401ff01f301eb0213020201ed01f001fa022a023b023e01e401f201d801b901ab019701b801a401a10194018a018601640162015901470154016b012f012400e700d2006b
MIC 007104 007000120038fff3ffffffa2fff4ffceff90ff85ff95ff41ff3bff28fefcfee5feb9fedbfeb1feb3fe7dfe72fe3dfdfcfdedfe08fde9fdd5fdddfde1fdbbfdd0fdc9fdd9fdfafdf8fe14fe42fe5cfe54fe84fe9afe9bfe90fea0fe84fe83fe77fe96fea3fee3fee1ff2eff45ff5eff6dff9bffcfffd2ffed0014001d002e007b
MIC 007168 006c00a000cb00fa00fa01100156017301a101d301ef01f6020a021e02060233023f02300213022d023701f701ea020401e001f501e201db01a501a401b20193019501940197018e01bd016c01500133012600c600d700db00c1009b008b004e0000fff1ffc5ffc3ff9eff9cff96ff78ff49ff3bff12fef5feabfeb6fecbfe99
MIC 007232 fe7dfe5bfe51fe36fe22fdf1fdd3fdcafdaafdeafdd2fddafdd9fdfbfddcfdc9fddbfdfefdfefe29fe43fe30fe34fe50fe53fe91fe9ffec4fec9fedbfecdfee2fefeff26ff63ff69ff96ffc5001affd9003e002a0046005300a200a300a800c8012a010d013b0148013901470168019501ad01d701f7021801f1020801fe020f
MIC 007296 01fb020301fa022801f801ec01d701ce01c501d20197018f0196017a018101770194015e016d0152013d0124013f011400eb00b500ab00580069003d002d000efffdffddff97ff78ff52ff1dff1cff0cff01fee0ff03fee7feb0fea4feb3fe88fe70fe2ffe46fe14fe20fdfdfdf5fddbfdcefdbcfdbbfdb7fdecfddcfdb2fde4
MIC 007360 fdd3fdd6fdf2fe29fe1dfe3cfe55fe6bfe6ffe88febefeaffeccff0dff3bff7bff9dffc5ffdeffe6001a0027003d0055007400aa00c500b900e10108011b010d014a015b017c017301de01c801ea021102190214021402120221020e021c021b022e0216020401d001fd01e001f8020b01e201c301ac017c01610147014b017f
MIC 007424 016701580137011d00d600cc00970099007f005e005200380011fff8ffb6ff99ff25ff15ff26ff00fef9fefbfee9feb1fe7afe5bfe5bfe41fe52fe4efe4afe21fe41fe11fe4afe18fe11fe2ffe34fe2ffe18fe0afdf7fe11fe0cfe31fe1ffe3bfe17fe36fe1afe2efe3afe51fe6bfe9cfeceff05fef3ff31ff35ff8dffc8ffca
MIC 007488 000a00430063006e00b2009f00b200ca00e900f100f500ef0116010300f8012801380151019101b301cb01cd01ed01bd01c601de01d90208021a0227020501f4020801bf01af01c101f001b201ad01b101910168015b0164014d012f013c011100e700f000f600ee00c3009a008700490039002dfff10001ffbfff9bff8bff97
MIC 007552 ff62ff53ff66ff38fef9fef2feb3fe8bfe6cfe5dfe47fe2bfe24fe1efe02fe07fdf8fdf0fdd7fde5fdddfdc0fdddfddcfde0fe02fe45fe34fe52fe59fe54fe4efe9efe82fea2fec4fed6fef4ff0bff20ff42ff36ff3bff65ff8bffc8ffed0019004800560062009a008600cb00c4011000f5012201330178015c019901860199
MIC 007616 018101ad01b901cd01b801e801e201d20215020c024c022802410222022b01e3021b01eb020901dd01ff01b701b20174016e012b0127012000e900dc00eb00b50079007c002d002f000f0004fff1ffdfffd6ff8eff85ff60ff10ff1bfef4fecbfecbfebffe8ffe7ffe6cfe55fe29fe20fe03fe00fe07fdfdfdf8fe00fde1fdf2
MIC 007680 fdc2fdd0fdf5fe0dfdd4fdfafdf5fdeffe11fe00fe4ffe2efe4dfe7efe9dfe87fec8feaffef0fee7ff27ff43ff65ff74ff93ffa4ffbfffcdffc8000400260064005900b300c500f300d2011000fb01450130018a0176019f016b01a9019d01c001ad01d201de01da01d901c401c601e801f201e0020101de01f201e101c601b8
MIC 007744 01cc01bd01a101a801950162013b0161010d00ca00cf00ac00ab00940087007800750039001cffd3ffefffc9ffb1ff88ff92ff4cff33ff1dfef4feb7fec5fea9fe7afe7bfe61fe50fe2ffe15fde3fdf9fdd0fdf8fde3fe03fe0dfe45fe05fe28fdf3fe0afe06fe12fdeafde7fe04fe33fe2cfe34fe63fe5efe72fe7efeb3fea7
MIC 007808 fee9ff03ff48ff5eff94ff90ff95ffd1ffdc002f00300048003600580061008c009400be00d500de00fe0131013d018101aa01c001d101df01e801e801ca01da01dc01e801c101ba01980190019301bd01cf01b901b401c701ae01b501af01d101aa019d014f0149010b0115011200fe00f900e900940063004bfff0ffc6ffc0
MIC 007872 ffc6ff7fff94ff92ff7fff47ff82ff57ff3cff08ff11fef3fed0fed8fec4fea1fe6dfe51fe17fe1afde3fe04fe03fe20fddbfdb8fdb1fdc7fdb4fdd4fe18fe07fe09fe09fe16fdf7fe05fe1efe36fe46fe76fe82fe80febefec3febbfef3ff0dff12ff2dff61ffbaffb2ffeaffd7ffe40000000c0051008200c000d100ed00ed
MIC 007936 00e301030147014f01bd01f3021e01f1020001cf01f501c402050218021902270245021d01fc01f601e801d101cf01da01ca01d101b401bb0199019f014b013b0147011600f6011500db00ba0075005b00440012000dfffeffe7fffaffecffc8ffb3ff9eff72ff3fff2efee6fee8febafec1fe80fea9fe5bfe50fe1bfe24fe15
MIC 008000 fe24fdf3fdf1fe0ffe07fe0cfde0fe07fe02fdf7fe04fe07fe12fe3dfe3bfe70fe4bfe5bfe54fe78fe58fe80fe8efeb6fea9feddfecffef9ff22ff7cff97ffd5fff7000a0018fff8ffff000f00130038006d009100dd00df011e0132013f01500154015e0164016b0186018c01ad01c301db01fe021201fa01fe01dd01f601e2
MIC 008064 01ed01f8020f01d301d301d001a8019f01a6019d01b00197017a018f013601300105011600e800de00cd00b100a2009c0055005800240005ffd3ffdaffa8ff8fff54ff3cfef5fef6fedbfeaffea5fe88fe8ffe8efe70fe5cfe54fe3dfe25fe08fe15fdf5fe1bfe3cfe4dfe23fe30fe33fe23fe0efe27fe3dfe58fe41fe66fe76
MIC 008128 fe73fe80fe83fe92feb6feb8ff07ff34ff35ff5fff53ff6dff5fff6eff8fffbeffc800000004002300380056006900ca00d40111011d012c0114011a015f0152018f01ba01d701d701d301d501d901d501d001d5020602160219022e023302130217021701ec01f501d001df01b801be0196017d01480145014d012f01130118
MIC 008192 00e80099006500430039002f0016ffe2ffdeffc9ff87ff98ff74ff45ff29ff06fed8fea2fe82fe97fe9bfe84fe7ffe96fe68fe42fe33fe32fe16fe1ffe1efdf3fdeffe00fdf8fdf4fdf3fdf1fe05fe19fe25fe26fe37fe4efe4ffe52fe6afe9efeaffedcff0efee9ff02fefeff20ff04ff62ff87ffd3ffeb000f0044005a0045
MIC 008256 005a0054007a009100af00cb00ea00fe0122014f0142017a016201d901c701d201be01ef01c901fb01ee02280221024302310247023c0235022201fc020701ac01c5018f0194016a017a015a01780107012300f9012800ca00dd00d800cc005b006900400012000c001ffff6ffbeffe8ffa1ff7aff59ff89ff55ff43fef1fed6
MIC 008320 fe9ffec0fe7cfe88fe40fe4efe31fe2efe34fe1ffe1afdfdfe19fddbfdccfe16fe34fdfafe0dfe0bfdf4fdd6fdfafe26fe3cfe37fe79fe76fe7afe85fe9bfeccfef1feeaff19ff3cff6aff6bffaeffc0ffcbffc6000a000e0051006400a000af00db00d000e600d30108012d014b015b01560146016a019a019501e301ec01ef
MIC 008384 01d901fb01e001d401e902290204022f02070218020e020401f101f4020101d501c301d201d801b901b101960180013e013a010e00fd00db00ec00a4008d004d003afff6ffd8ffa1ffaeff8fff89ff64ff6cff34feebfee9fedffec3feb8fedcfea8fe82fe54fe49fe24fe1efdf4fdf6fdfbfdf5fde5fdf1fdecfddcfdf4fe0f
MIC 008448 fe02fe20fe35fe54fe4dfe4dfe58fe85fe99fec0fee7ff0bff2bff08ff3eff3fff44ff6cff7fffa7ffb2ff90ffe7ffd7fffa000c0053004d007a008800b700bd00e7010e00d6010b010e011b014e016c019101c501c601b101b601e101e901da01e6021a01f7021e0219022e022a02330212022901ec01da01f401c501b6019c
MIC 008512 01ae01960170014f01490127012400f400c30098007c0040003b003f0029ffeeffebffafff88ff68ff93ff58ff4dff04ff4aff12ff12fed3fec8fe80fe5cfdf8fe37fe18fe23fe2bfe53fe32fdfafe0cfe09fe1cfe00fe50fe36fe5afe4cfe3efe3efe4cfe3cfe4ffe48fe74fe64fe82feaafea4fed4fecefef6ff0bff4fffa6
MIC 008576 ffbeffc5ffd2ffe4fff2fffa003600330068007500c100da00f70113014101370177015a0193017d018c019801a701c201ed01e9020801d9020301ec021301c301da01d801d401df0205021b01ff01df01df01b9019a018a0174018d015c016e013301570113012300f600f600b600a200930065002e0025ffd0ffc2ff88ff6a
MIC 008640 ff57ff3cff52ff4aff3fff15fee5fec3fe98fe85fe73fe42fe4cfe39fe34fe2ffe3efe56fe28fe22fe31fe35fe28fe27fe1efe2afe3cfe15fe16fe23fe15fe48fe39fe3afe2dfe42fe3afe4cfe72feb0fec9fef6ff18ff34ff41ff76ff86ffb2ffc2000500240045003f007b007900b800c900d800ec0123013f013601430164
MIC 008704 0169017e01b501d001c501e6021b02010208020a020401e8022101f401f501f801f701da01df01c0018f018f01960186018b019b01a00151011a00fa00e700df00c700de00b4008b00670068002f0018fff1fff2ffbdffc5ffc3ff99ff65ff4bff29ff21fee1fed7fea4fea8fe99fe96fe5ffe5bfe23fe31fe2ffe24fe2dfe2f
MIC 008768 fe0afdedfdd3fd9bfdaffdd0fde9fdedfe21fe27fe34fe11fe4bfe07fe3ffe46fe6ffe66fe97fed4fee7fed9feeaff1dff16ff3cff5fff71ff8cffd7ffcb0004ffec001800010046008300c100ab00e800d000fd00e80127012701580160019001b101d301d701f801f401fe01f40206021001fe0237020701f001d201c201a2
MIC 008832 01a001b601d401c301b5017401570118010d00ef00de00f500eb00df00ca00c3006e00620030001dffe3ffe2ffbdff9eff67ff84ff53ff32ff12ff07fef8fef9fee8fee3feadfebbfe88feabfe7dfe80fe52fe5bfe31fe25fddefdf1fdd5fdf2fdebfe01fe0afe1dfe1cfe2efe1afe1cfe17fe13fe0bfe18fe46fe51fe52fe73
MIC 008896 fe91fe9ffecafec4fec1fed8ff11ff1bff5fff88ffb6ffd0000b0015001b004b007c00a900c5011100ff0119012a0157015b016a01a7018b0179018c019001a2019901b301be01e001e2020201e001f001f501f6020c020f02030239021c0225020e01c301a9017a01740148015b011a011100da010b00af00b8005b00540000
MIC 008960 0027ffe8000dffb4fff2ffb8ffa6ff7cff88ff51ff32ff23feeafee0fea5feacfe88fe96fe64fe7bfe43fe52fdedfe2dfdf5fe05fe00fe4cfe28fe4afe30fe2efe00fe28fe22fdf8fe35fe45fe55fe50fe8afe6cfe70fe75fea7feabfeb6fee0feebff03ff05ff20ff59ff72ffb3ffd9ffda0004001f0034004c004d006b009d
MIC 009024 00d400fa011b012f013d011e013d015001560159018e01a201bd01d301d101ec01cd020201f6021b0214021e021902390241022e0219022f020001cf01af01b6018701790175013e012d01260109010400d000e600ea00b400aa008f0097003b003e001cfffeffbeffc0ff7dff44ff43ff29fef4fedffebcfeaafea4fe94fe8c
MIC 009088 fe4efe48fe23fe18fe1ffe36fe29fe2bfe12fdf6fdc1fdebfdebfe0bfe30fe49fe4cfe36fe30fe41fe40fe37fe42fe7bfe9efef3fefaff26ff1fff32ff01ff0cff1cff42ff5fff99ffd6ffdefff200130039003f004f008900b700b000e300ff01020107012e0129013801500165018501a2019901a001ac01cf01e0020f0214
MIC 009152 0223023b02390257022f022e02170238020e022b01fc020001c601c9019701840180013e0139013b00fe00e800dd00a100a0007f0064003c001bfffafff9ffcaffb2ff75ff77ff49ff0aff1dff21fee8fef5fed1fe92fe67fe5dfe44fe6dfe6efe56fe51fe45fe2dfe16fe25fe1bfe05fe20fe17fe3afe2ffe23fe2efe28fdff
MIC 009216 fe37fe69fe57fe79fe8bfe9ffe72feadfe9dfea6feb8ff06fef7ff55ff59ff7dff81ffbaffc8fff4001f0065006700aa00bb00ab00d400e2011101290177017a01a10179018e019401b301b501cb01e402020218021e022101f9021501ef01e501e201cb01cc01ea01e701dd01d201c101ad01ae019d018e017801770131014a
MIC 009280 010000f600d400da00ab0095007d0087005300380025fffcffc4ffcdffa4ff9bff66ff79ff4dfeedfee3fed0fe9ffe7dfe9dfe86fe88fe66fe71fe5dfe67fe34fe45fe10fe20fdeefe25fe13fe0efe0bfe30fe0cfe08fde8fe14fe13fe2efe37fe4bfe63fe90fe73fea0fee1fee3fef1ff13ff43ff56ff56ffb3ffcbffd90006
MIC 009344 0012fff4fff00013004500680064007f00a700b500d900e3012c0130014b0177019101a601ba01e701fa020702250256026a024d0258025002430216021801ea01f001d801fe01c901cb01b601e001c0019a01880186015e01730131010c00e900c100d60087008d007d001c000e000cffe9ffecffcaffacff53ff2eff01fefd
MIC 009408 fecdfee8fee2fed0fe88fe62fe69fe34fdfefe2ffe2dfe0afe1efe12fe09fdebfdf3fdd6fdd7fdbdfdd2fdbbfe03fe17fe22fe32fe2afe18fe2cfe2dfe6dfe70fea5feb7feacfe7ffeb9fec8fef8ff0cff70ff5fff7cff9dffb5ffd700150046005300a500c000e100eb00f400ff010100fd011a0123014c0180018e019e0199
MIC 009472 01b601bb01af01eb01f00224021e02320252023a02430250023501e4021601f7020101bc01e101b001af0178016f011e010f00dd00b200d4009f0079005b0057003c004b00490031fffaffd3ffb0ffa1ff81ff69ff4eff3eff09fefbfefbfeccfec1fea3fea8fe7dfe5efe57fe5afe4dfe30fe3efe56fe2dfe27fe02fe0efdd9
MIC 009536 fe0cfdf0fdf1fddffe14fe03fe1bfe18fe28fe43fe42fe43fe45fe78fe93fe8efea7febffeeafefdfef9ff16ff08ff15ff23ff4aff79ff99ffd3001f002d0040008400ad00d000ec012201490158016a016a016f017b01b901c301f101de020f02030208020202080208021e0204020802150206021b021e021501f801c801ba
MIC 009600 01b0019601990189016d011100ef00bc00b5009c00c500a500a0008f0083004d004900150042ffe2ffd6ff8fff85ff36ff45ff18ff0dfec9feccfe90feaafea1feb2fe76fe82fe4efe1bfe29fdfffe25fe13fe4afe4efe49fe10fe07fdedfdfdfde3fe1dfe03fe09fe09fe0dfe1efe31fe49fe4ffe67fe59fe86feacfed7fedd
MIC 009664 ff1fff1dff32ff06ff70ff85ffafffc7ffe7ffbf0021fffc0059007f00ba00d400ed00f300f6011a01580179019f01c601a901d901d201db01ba01fb01e6020201f002200231021c0242024f022f02230221022101dd01f7020301e901af01b9018d016a0149012d012300fa00ee00bf00a3005b00250007fffcffc8ffe1ffd5
MIC 009728 ffc7ff94ff80ff65ff50ff16ff17ff21ff13ff0dff16fef1feb8feb5fe7dfe6dfe2ffe37fe13fe27fe20fe0afe0ffe11fdf4fe14fe12fe33fe18fe45fe1bfe36fe3afe49fe34fe46fe30fe50fe51fe98fe78fe8efeb6fea2feacfecaff0fff33ff73ffaeffd9ffedfffbffe5ffee00120040008200bc00ca00e8011b012e012f
MIC 009792 01550169016b0170017b01790188019b01d201c601e701eb0215020a020501e701e001cb01e501da01ed01ea01da01cb01bf01c7019e01be017a016f0161015c013b011500da00dc00c800cb00a8007900680044000bfff0ffd1ffa8ff86ff70ff6cff51ff73ff5aff39fef5fefafec6feb7fe96fe92fe66fe67fe61fe6afe25
MIC 009856 fe19fdfffdeafddffdf7fdfefe1cfe2bfe20fe09fe16fe1bfddbfdfafdf4fe20fdfbfe43fe53fe7dfe79feb5febefed6fef0ff21ff3aff45ff26ff97ffa90002001000560053005e0064009c006a00a300a700e901190124011f0133013b0146019a018f01af01a101a501c201df01d401df01cc01d601a801de01e001c401cb
MIC 009920 021101d201d301f101fe01c801e101e301c701b001b401910164016c01560127010700da00b900a9008c00470005fff2ffc6ffa7ff98ff9eff85ff79ff53ff59ff39ff32ff37ff0efeeffedbfec4feb5fe7bfe7efe64fe2dfe42fe35fe24fe29fe2ffde5fe01fdddfdd6fdbafe02fe16fe3cfe48fe73fe3efe35fe33fe35fe09
MIC 009984 fe35fe5afe8dfe9bfeb5fec6fef9feeaff19ff25ff4cff69ff96ffcdffd90007fff8003500460086007800a600cd00f300fb01290147015a018c01940194019501bf019901d301e0021b020e02410227023d022f022501ea01f101db01da01db021701f801ee01c601e101a40187017b016f015d013e014d0151011c00fc00ce
MIC 010048 00da009b008400690059002800190024ffd7ffccff95ff97ff88ff52ff46ff28fefcfecffe8dfe8efe9bfe88fe78fe4efe49fe33fe36fe18fdf0fdcbfde3fde0fdc0fdccfdf9fdf3fe03fe01fe0cfe06fe03fe32fe1dfe29fe61fe5ffe98fea2febffed6feecff09ff2fff31ff5fff72ff8cff9dfff7ffee000e002b005d0075
MIC 010112 008700b600c100cc00ea00f6010f015301530198016f01b8018401bf019f01d901c301d101d101e801c601cd01ba01d301b001cd01af01d401cb01ec01da01da01cc018e019001a7019a0175018601660138010200f500c800c40093008900510053004c002800140007fff2ffd7ffa6ffaeff93ff5fff84ff3fff26feedfee1
MIC 010176 fec2febcfe94fe9efe7bfe72fe30fe40fe04fdd7fdbffdeffdd0fdcffdd6fddffddafdeafdeefdf9fdfcfe0efe24fe24fe2dfe1dfe4cfe61fe7ffe90fea8fec4fec6fec5ff12ff1dff45ff5eff7dff97ffc1fff100450033006a009900a500a100ef00f40122013a0161013b014f016d0173018101a6019601aa01c501ad01cf
MIC 010240 021002020203023401ef01f0021f022301f101f9020f01c701ae01a90190017e01a2017e015b0128011800ef00d100ca00c900e700b5009d008d0065003400070005ffddffacff90ff73ff4cff6aff4cff56ff0dfeedfe9cfeabfe80fe7bfe60fe54fe56fe36fe1dfe2cfe2ffe0ffe0dfde7fde9fdc9fde8fdccfdc9fdd8fe1a
MIC 010304 fde6fe21fe28fe33fe1cfe5dfe6efe7dfe78fed3feb2febdfeeaff0cff00ff3bff6aff7effb8ffde0003fffa003400390067005400c800a9011a0104014d014c015b015801750166018c01a501c101bc01cc01cc01ce01d601b801c101bb01c601c8021401f501f701f0020c01d401ce01d101b801920199018e017e01800183
MIC 010368 0167015a015b0128011700fd00eb00bc00af009a005100390043fff8ffeeffb6ffa8ff6eff3fff26ff13fee6fed9fea7feb2fe92fe97fe65fe92fe5bfe66fe56fea6fe4bfe4efe52fe5ffe11fe31fe2afe09fe21fe17fe2bfe10fe31fe1bfe2efe47fe94fe8cfee2feadfecdfea7fecdfeb9fefcfee5ff1fff1cff2dff63ff6b
MIC 010432 ff5aff92ffa6ffbdffe000020035007400b000bb00fe0111010801100159015e015901ac01ae019d01a601be01ae01b901c901e901e5020001db01d5021b020b0208023802480215023e022e021601f801ef01b101b5018a016a0168013a0113010b010700ba00ac00b1009b0082008c00750044000e0025fff5ffd3ff8aff6f
MIC 010496 ff5aff2dff00fef0fed3feb9fea3fe70fe9cfe78fe7efe6ffe67fe3dfe2cfe43fe31fe1ffe3efe34fe33fe37fe21fe13fe28fe44fe1efe49fe65fe57fe36fe68fe78fe48fe6dfea3fea8fea2febfff01fee9fee2ff11ff2cff2bff43ff6effadffafffd4000a00550052006b008700a200a700d10112010e010e016201760199
MIC 010560 01c601ec01eb01ef01f201f4020701eb0223020e023a02250247022f022602110246021e02390219020401e601ef01d4019c018d0166013b012001230112010300d500e300ad00a10082008f00490029000cfff3ff7cff61ff39ff19fee4fefbfef1fed6fea2fe93fe86fe5afe4cfe54fe1afe2ffe0dfe05fdf6fe14fde9fddd
MIC 010624 fdb7fdcafdb7fdbbfdc6fdcefdd9fdd4fdbbfdd7fdddfdedfe1efe1efe37fe66fe8bfe8afec4fedbff06fef2ff10ff34ff4cff6aff96ffb5ffbdffdd00140052003c0057008e00c100ba010d00ff011c00f30135013f015e0164018e01a901c2018701d901d801c801ca01f201ea01ee020b021d022f0215021801f50204020e
MIC 010688 0202020101fc01cf01b5017f0178014c01230127010900ed00bc00c500b8007c007c006300350008001fffd2ffc0ffa0ffa6ff6fff3aff15fee4feb1fea1fe8afe93fe91fe65fe5afe5bfe5afe5afe30fe11fe16fdecfe0afdf6fe0bfddffde2fdd6fdd3fdb9fddcfdf9fe02fe2bfe47fe5efe7ffe97fea5fea7fe8cfebefea9
MIC 010752 feb4fed2ff02ff3cff54ff81ff92ffa8ffb4ffb7ffc3fff90040007a008f00a10098009e00a300d000cb00f30115013501560184018001aa01970197018f01b701c901b701c801c3019401a701b301d301d101e401db01dd019e0197016c01600153015001670180015a014e014e0127012a00de00cb009300a7008b009c0028
MIC 010816 0036fffcffe4ffbeffb4ff8eff9aff53ff3dfefafee2febffe9dfe9efe6dfe62fe58fe32fe19fe20fe0afe20fe10fe0afde7fe03fdd1fdfcfdc4fdf9fdebfdfbfe0cfe18fe32fe27fe2efe43fe39fe4cfe74fe79fe81feb2fee4fed9fef9feeafeefff10ff3fff58ff73ff98ff9dff9effebffe1000e001a00410071009b00d5
MIC 010880 00d901060118014a014a016601430184019401bf01e9020001e901f001ff020801eb01e60224020001ec01e901f401cd01cc01d701c701a6019601ab018001600161012d012d0123010d00f500e500c5007d0074007400350007002a001c0002000b0000ffb4ff77ff62ff56ff2cff1fff34fefbfef7fecafea5fe9efe64fe56
MIC 010944 fe23fe13fe1bfe25fe2bfe1afe0ffe01fdfdfe08fe17fdfffe22fe00fe02fe0bfe06fe0bfe30fe50fe3efe61fe6cfe99fe9cfeb2feb7fecafed5fefbfed0ff33ff35ff66ff81ffbeffceffdefffb003b004e004c008d00a300ea00eb01380149016a015d01a1019d01bb01ca01de01d901f201eb022d021e023c02300228021c
MIC 011008 020a01f0020f020f0229022d023e023e020601f001da01d501a5019c017f017e016401570129010f00e400c800950072006a00540044001f0012ffe7ffc3ff8aff57ff3eff47ff06ff10fef0ff0ffec9fec8fea2fe9afe6efe72fe4efe3efdfefe03fdf3fe1afe15fe0dfe0ffdfafdd8fdc8fdf1fdd2fdd0fe0bfe06fe10fe0f
MIC 011072 fe21fe2dfe20fe58fe80fe97feb9feebfeffff30ff59ff83ff48ff62ff69ff77ff83ffdffff20010002a004c005f007c009b00a200d500fc01250122016001360175018a01a2019901c401bf01f801ea01fd0207020401f001d801da01c501ce01d301c301b001be019e01a301a901a30176017901730159012e012e01220100
MIC 011136 00f700f500e000a80087007f0040002f00280013ffd8fff8ffa2ffa8ff6eff4eff10ff1bfeecfea9fe6bfe86fe59fe49fe4ffe4dfe46fe33fe39fe2cfe3bfe28fe22fe10fe06fde3fe0afe18fe31fdedfe26fe13fe39fe0dfe44fe56fe4afe33fe62fe74feaafeaffeeefee8fee3ff15ff2cff30ff3cff5fff91ffb4ffacffc0
MIC 011200 ffd80017003700640082008d008400a200d300ed013d014a017a0189018201ac01e701b501da01cf019f019301c801d401c501ec0235020b02200212020901e3021601f101ff01ed01c6018a01a801a2019101660179014f012f0112010400fd00be00b0009c007500290023fff2ffe4ffacffaaff69ff48ff01ff07fee7fed0
MIC 011264 feaafec8fe83fe43fe67fe5bfe4efe52fe77fe38fe30fe1bfe0efdf5fe03fdebfdd5fde4fdfbfde4fe18fe18fe28fe40fe41fe35fe49fe4ffe8ffeacfeb4fec5fee7fef2ff0aff10ff20ff38ff5aff7bff88ff9dffadffb3ffe7002c0030006e009f00a1009300b000b500c900f801200148017501a3019e019501d001d701ea
MIC 011328 01df01ff01de021301f702060203020501e801d201db01d201c401b001da01bd01c50190018f017c017a01530166014601410118012f010500e500af00cb0083006000310030002cfffe0009ffe6ffd0ff70ff74ff33ff0ffeecfeedfeecfecafebffea7feb9fe8dfe68fe5ffe63fe2bfe03fe23fdfffdf7fde2fdebfddbfdee
MIC 011392 fde4fe0efe16fe0dfe12fe36fe4efe3efe39fe2dfe4dfe4dfe9ffeacff0cff1fff5bff4fff64ff59ff7aff87ffc4ffbf001100180041003e00570073008c008c00ae00a900b900fa012c01460137017201780162015f01be01c701f201fb0213020c01f901f30225020c0201021d01ff01e601bd01b401cc01b101b401b2019b
MIC 011456 018901630150014e012b0120011b00f700d100b200b800a8008a0071008800250005ffc7ffd1ffa3ff93ff6cff62ff2eff3cff09ff06fef0fedffec8fec6fe9bfe5ffe66fe71fe60fe37fe3bfe27fe14fde4fdfdfe16fdf5fdf5fe1bfdf8fdf4fdf3fe19fe15fe34fe2ffe59fe42fe61fe75fe7dfea6feacfeb6fecffee0fef7
MIC 011520 ff22ff6dffc6ffc0fff3fffe001c001200570068008d00aa00d6010300fb0116012a01140119010f0129011801540182019101aa01ee01de01bb01de01e8021c022d02830246027b0242024701fe0216021401fc01f401d601b101a2018d018e017c014401610129010600cc0097007a005e0040002e0018fff40006ffd2ffa4
MIC 011584 ff7fff5aff3aff10ff04ff07ff17fedffecdfe9efe9bfe6bfe86fe67fe6cfe2ffe52fe3bfdfffdfbfe09fe0efe0bfe37fe3bfe52fe34fe3dfe2afe21fe1afe2efe22fe4ffe5afe61fe6afe64fe86fe6afe7afeaefed2feffff2aff55ff6fffb2ffc80001000f002e0020007c009000b200c300e200eb0100012a011e01180155
MIC 011648 016a01650179018701a801ac01c601be01eb01d601dc01cf021901fb01fe01f3021e01fd01f501e501f401d401bd01c001b301a80170017601530168013101430128012200f100fb00c200c70098009000660036001b000affcaffa7ffa2ff6bff5fff56ff44ff29ff29fee8feeafeaefeaffe82fe85fe75fe3dfe2cfe36fdf4
MIC 011712 fdf6fdfbfde8fdf7fdf0fe0dfe0bfe33fe18fe2ffe1afe39fe1bfe1efe42fe51fe56fe69fe8ffe93fe89fe9ffed9fee7ff00ff17ff09ff34ff43ff78ff81ffb2ffcc0018002500580051009d00b700c500fe01200137013401530172017e019701b5019401a401a401aa019501cd01b901e801ef020501ed021601f001ef01ff
MIC 011776 021e020401f101f101c401cc01ca01d901a6017a01790160011c012300f300e600bf00b5009000560048002afff0ffd3ffd5ff9fff5bff7aff49ff44ff3fff3aff07fef0fefafedefea3feaefe77fe5afe4bfe33fe07fdeffdeefe02fdd2fdcafdbbfd97fdd0fdd8fdf2fe15fe3dfe37fe38fe39fe61fe65fe84fe8dfea1fe95
MIC 011840 fe95feaefec5feeaff11ff21ff38ff41ff5fff6fff92ffb1ffc70009fffb003a002d0088007800a1009600c300b600ef010d013d013d01650170018c0183019701ba01d401e401dc01ef01ed01ed020a02210211022f0216021901f601f901e301eb01d701d7019c01ba01880167013d0133010f010200df00bd00a400850073
MIC 011904 003c0031001e000dfff90001ffaeffc2ff79ff6aff21ff2aff1eff3cff06ff19fedffec8fe92feacfe84fe89fe45fe71fe3afe2dfe28fe02fdeffdc1fddefde2fddffdeafe13fddafdfefe08fe28fe38fe63fe5dfea2fe9bfebdfe96feb4feaefec2fedbff2dfefaff32ff41ff64ff65ffbaffcbffd7fff0001f00560074009e
MIC 011968 00b100d400e80100011b015a0179017901680164015c012701530184017d01b801d001cf01cb01f001f90209021b022202050213021f021401f101f801e801bb01a1018a019001770186016a01640133012300ed00db00d600d700a300a800760084006e0044003f001a0000ffa6ff78ff40fef9fecffecdfeb0fe93fe93fe83
MIC 012032 fe76fe5afe3afe1ffe1cfde6fddcfdecfde4fdd6fdbdfdbffd99fd94fdaffd91fdc6fddefdf8fe13fe12fde6fdfcfe22fe3efe55fe87fea3febbfee6ff09ff09ff17ff19ff3bff3cff52ff6dffbdffa7ffd700100058007f00b700d2012300ea01190124011d010c0111011e013e013c018601a001a401a2019b019f019c01b8
MIC 012096 01dc01f8020a02350221020e01f001ef01b301c101aa01a301ab019a0186014801480108010e00fa010800e100ea00df00c70087009400610055002c0009ffedffe2ffabffa4ff96ff7cff28ff09ff18fee5febefedafeddfea3fe8cfe86fe5dfe4efe29fe4efe2cfe19fe04fdf0fdf4fe00fdddfdf3fde6fdf8fdecfdfafe21
MIC 012160 fe24fe3ffe3afe59fe43fe98fe8cfec6fe96fecbfed6feddfec6ff01ff0fff53ff42ff6eff96ff70ff8effcc0015001b0078008700ae00aa00d500cb00f501050108010c01590164016d01a5019f0182017a019401b201b101bc020601f6020b01e801f601ec01e001e601fb01fb020701fa020f01f001cb01b401850155012a
MIC 012224 013a0109011200f000f800ad00a90072005c004d00630014ffecffeaffa4ff66ff3dff1efeedfee2fefcfeb5feb7fec2fea0fe72fe88fe77fe59fe52fe6efe51fe60fe5cfe3cfe0efe38fe21fe0bfe17fe28fe11fe3ffe45fe55fe32fe51fe66fe67fe73fe59fe5efe5dfe60fe88fe91fea1fee8fefaff13ff41ff81ff94ffaa
MIC 012288 ffc2fffcfffb002f002a004a0055005a0069009500b200d600f701290133014c01580189018801b301a901c301c601f401df0201020e020601ff0210020d01e502120216020101cd01f001ec01bc01c701e201da01b101ad0192016d013a0151011c011100d800cd009e009d0075004300060006ff85ffabff82ff99ff52ff53
MIC 012352 ff3cff1afee1fea0fe9afe82fe67fe4afe4ffe2dfe18fdf7fe0ffde9fe2dfe03fe21fdfffe0bfe16fe43fe31fe5bfe6bfe6efe48fe62fe59fe27fe59fe62fe6ffe5ffe90fe84feacfec4fed9fefdff50ff30ff6eff84ffb2ffde00340041004600640085008300ab009000ca00bb00ec00e40110011701520157016f016c0182
MIC 012416 017b018901b501c401d801e301fb01e40208020d02430215021e0214021301eb021a01ea020701e901df01ac017f0131013a0133014001370129013e00fb00f600f200e600b2009e004700270010ffceffb3ff9bff75ff54ff2cff1dfee9fed6fed7feb7fe94fe88fe80fe5afe69fe42fe5afe23fe1efe09fe0bfdfefdf7fe0e
MIC 012480 fe26fe06fdfafe0afe1bfe1dfe30fe4efe4bfe16fe2efe51fe4ffe59fe87feb3fed7fee9ff0dfefdff1aff31ff52ff7eff78ff8effbfffdeffeb001f004d0086008100b800c600e200cc010c01120142012f0176019201af01a301f701e0020501e601ff0224020a021c021a022901ef020901f101fe01e101e4020001e701ac
MIC 012544 01b901a30194018201970177014c015e013a01270112010a00e200bc00a4007b008a007d00550037fff3ffd9ffa5ff90ff80ff81ff55ff42ff31fefefe9efeacfe8afe8ffe49fe49fe45fe10fddefe08fe0afdebfdd3fdeefe06fdfcfe21fe16fdf4fdfafe04fdc5fdd7fdf9fe18fe40fe6bfe73fe9efe89feb7fea1fee5feda
MIC 012608 ff34ff33ff52ff34ff7dff49ff63ff64ff96ffb3ffc80007001a004600650096008a009f00c600e700e801330161017b017301b0019f01bb01ec01e701d201f601f301f2020102180207021b0237021b021601f801ff01cb01b001b301d301be01a8019c018d01700167014700f600bf00ba00a7008a006d005000120016ffcf
MIC 012672 ffe2ffd2ffbdffb2ffdfffbcff84ff51ff63ff07feecfed6fed9fee4feb1fe9cfe9ffe8cfe41fe2ffe39fe0dfe1dfe1afe14fe10fde2fddbfdd7fde2fdddfdfffe2efe2ffe09fe18fe1efe02fe0cfe3bfe5ffe5afe7dfe91fe98feb4fee5ff00ff1fff2dff76ff8eff9bffa3ffe0ffef001f001e0043006800a700da00f80136
MIC 012736 0153013101420161015a0164019001c001b101d601ea01cd01c801e801cf01d001ff01f501dd01f001d401e401b101c601b701b901b001b401a501a3018d017d014d013b013e012a00f200fc00bc00840081005f0038001c000cfff8ffe9ffc9ffd1ffb0ffb1ff7bff68ff43fef4feccfea4fe91fe77fe74fe5bfe51fe23fe29
MIC 012800 fe2ffe26fdfffe11fe14fe18fe07fe24fe0cfe21fe18fe0efe1cfe10fdf1fe1cfe32fe46fe50fe77fe73fe85feabfed1feaefec7fecbff1dff19ff64ff62ff8cff71ff9affaeffbffffa001c00300072008e008300a800df010400fb015901700177015b01a8018701d301c6021d01f302270206022b021c022402290235023d
MIC 012864 0228022a021f021601d001d101ad018e01650173016a016d016201610138011800fd010300e700b5009500830056002f001dfffcffefffcaffedffd5ffa3ff7fff5bff4aff45ff10ff1fff02fed3feadfeabfe93fe53fe13fe28fdf1fde5fdd5fdf8fdd0fdbdfdd7fdfcfdfffdd9fdeefde1fddbfdd4fdf4fe1ffe0ffe04fe36
MIC 012928 fe53fe40fe59fe81fe8bfea6feb9fee7fed3ff04ff2aff66ff6cff99ff98ffb5ffe40027003d00740099009d00d300e001110127015101560146014701530179017c01b601b601f901ce01dd01eb01e701d001e201ea01fb01f5021f0235022b022f021a01fa01e801c901b701b801c601b10197017a0161013c0122010e010a
MIC 012992 00e400f900c80093006a0055002d001cfff4ffe0ff88ff95ff44ff4cff12ff09fec1fee5feccfeacfe8efea3fe93fe59fe3dfe2cfe07fddefdf7fe01fdf7fdc8fe1ffdebfe04fdc8fe0dfdfbfe1ffe02fe48fe3afe72fe41fe64fe6cfe80fe7efeb2fec2fed1fed2fef5ff07ff1cff2dff65ff86ff89ffbaffb5fff2fff6002c
MIC 013056 002d0061006b00a900c500e400ff01140147013c01600172018601a101b501bc01ce01c301e501e001ff020402070220020401ea0208020e01e701ed01fe01ce01c801d601eb01d101e701ba01bf019301a50152015f013300ee00d400dc00a2006e00450026fff3ffe3ffdfffbfff95ff8dff78ff78ff6eff51ff3bff08feed
MIC 013120 fec7feabfe81fe6afe50fe4efe32fe1ffe12fde1fe15fdd4fe00fdfbfe19fdf2fe2ffe21fe23fe07fe3afdf3fe1ffe4afe5cfe67fe96fe80fe69fe76fe90feb0fec7feebff11ff37ff59ff52ff4bff82ff9dffaaffd8000d004000420050005e0062007e008a008000b200dc00f90129014801540154016e018901a801c9020a
MIC 013184 0219021f021a025c02250218021302360218022e0248021801f601ef01e101bb019a017f01a40194019d016c017f0142012f010a00db009d0081003b00310007ffd0ffc0ffa7ff9bff97ffb1ff6fff59ff2fff2dfefffef1feeefed4fec7febdfe92fe90fe5cfe44fe3bfe37fdfffe0afde8fdf9fdf5fddefdf4fddcfdeefdcd
MIC 013248 fddffde6fe1bfe31fe58fe59fe7dfe75fe75fea7febefeb8fef3ff0afee3fec4ff12fef8ff0fff31ff85ff76ffbfffcc0002000c003c003e00610072008900a400d2010801130136014d01410129013d01640188019601e201c601c801dc01ed01ce01f0020b020901f4020f0213021902350230020d021d021101bb01a90199
MIC 013312 018801780170015f0118010a0115010500da00d20091007100330015fff7ffbfffb3ffa3ff93ff79ff73ff53ff5eff22ff1dfeeefee5fea1fe8dfe71fe86fe3dfe49fe2bfe0cfdedfe02fe09fde2fdf9fdecfde9fdd1fe06fdf5fe26fe20fe28fe21fe63fe34fe41fe43fe5afe66fe6efe78fe83fea6febffeecff05ff12ff20
MIC 013376 ff6fff86ff9eff9affe70005003500370085008b008200ab00f200f700fb011f013b014c016f01a8017a01a401a201d701ce01d401d801f701e0020302130214020401fe01e701de01cd01c801ce01bd01ba01980195017c0150015601480162014b014000fe010000af00c90092009e008900970067003e0017ffeaffbdffac
MIC 013440 ff6bff61ff75ff4bff26fef7fef4fec0fec0fe98fea7fe7cfe6afe71fe76fe44fe03fe03fdeefdb6fdbafdd4fdcdfde8fde8fde9fdc8fdb9fdcefdf2fdecfe2efe40fe60fe53fe70fe7bfebefeb0fed1fecbfedfff05feffff25ff46ff5bffaeffc7ffeb001600240058008c00a300c800c100dd00ce00ed010d01170136015f
MIC 013504 018401780193019f01c501d701f9022c0254022402620265028002630273024a021301ea01ff01e301fa01f501bf01a90172016b014701390131011a010b00ff00c700b500c200cb00a60080005c0041ffedffe8ffd2ffcdffb6ffa5ff5dff40ff08fefdff16fee6fedcfea3fe8cfe53fe47fe33fe54fe2ffe32fe03fde8fdd2
MIC 013568 fdfbfdfffe00fdf6fdeefdd0fde2fe00fe2efe6afe6bfe65fe4bfe51fe48fe67fe7efea9fea3febffebbfecffee6ff22ff38ff65ff65ff7cff75ffa1ffbdffc4fffc002d00380055009700c500e40117012f01280127012001560176017c01ad01de01e901b301cd01f101de01ed020d02220200022d02440225021d021f0219
MIC 013632 01fa01ed01d801c201c901d201b001ab018a017e0144015c01620118010500f000d700a200b000aa00650058003e0006ffcaff7aff5bff47ff2cfef6fee5ff01fecffec2feaafe9cfe56fe54fe4efe57fe55fe85fe6ffe54fe24fe33fe15fdfcfe11fe26fe27fe21fe25fe1efe23fdfefe28fe11fe5cfe4afe86fe9afed8fead
MIC 013696 fef8fee8ff00fee1ff0eff0fff32ff4fff88ff86ffc9001400050057005600a1009900bf00c400ff00e1012f0134013b01370173014c0175018101a901b101ba01d801bb020d02000210020b023a01fd0227020f0226022d0243021801fa01da01d3019401730173016f016c016b017c0159013c0133010000cb00af00810087
MIC 013760 008600750035003a002effe8ffc2ffa7ff96ff62ff42ff2cfef4fefbfef8fed6fec3fec0fe8cfe87fe53fe33fdf4fe09fddffddbfdc5fdeafdb3fdcffdcafddafd82fd94fdabfda3fdb5fdd6fdfffe0cfe47fe65fea8fe8afed6fedbff11ff20ff74ff6eff82ff87ffb5ffc5ffd00007001d0041005c0058005f0089007500b1
MIC 013824 00a400e20117012501350148014b017001a201a00191019101bd01c1019d01c301e201f901fc02310226020c01f5020401e101df01ca01ea01be01d401c501c101c701aa017901470143011a010f010800e800cb00b60083006d0035002effffffe4ffbcffddffacff83ff60ff41ff18fef7fef6fecffebdfec4feabfe7ffeab
MIC 013888 fe62fe5dfe3cfe41fe1afe2ffe3cfe2ffdf0fdf0fdd9fdbcfdacfdcefdd4fdd3fde9fe03fe27fe21fe5afe48fe62fe7afe9bfea1fee9fef3ff03ff08ff6cff48ff47ff6fffb7ff88ffadffc0ffb6ff95ffd5ffe500150042007d00a200ce00c200ee01130120014d018901c701ba01cb01e101eb01c601d801e501e101df01d8
MIC 013952 01ef01fb01eb020101f5020d01f7020701f7021101f801de01cd01d501b00195018f014e012b01430134010100e500c600bb00900061004500080010fff6ffd0ffc8ff9fff67ff36ff2cfef8feabfeb6fe9dfe74fe5afe70fe33fe4dfe3bfe47fe07fe04fde4fdeafdc4fddbfdcafdb9fdccfdd4fddcfdd5fdd3fde6fde0fe0a
MIC 014016 fe04fe17fe49fe77fe38fe65fe67fe8ffe8ffeddfef4ff1eff0dff4fff3eff5bff71ffa4ffb5ffc1fff90035005400740099009900b900c500c600f8014b0143015d017c0176015f018c01a301b5020b021c01e801f1020001bf01d701b101a0017801ab01b901c401d001f901cd01d001cd01a10188018c01ab01b701930162
MIC 014080 0161012300d400aa009d00510039003b001affe70002ffd3ffbfffa2ff72ff5fff46ff25fefdfee0feb0fe85fe86fe8dfe6bfe65fe62fe18fe0efdf3fdf2fddbfe07fddffdf2fdeafe2dfdd5fdfdfe09fdf1fdecfe06fdfdfde8fe0bfe10fe35fe43fe58fe99fe9dfe8ffee3fedcfeecfec1ff04fee0feefff44ff4dff7dffb0
MIC 014144 ffadffc500010024002d005e009e008000a900c800fa00fa015b017a0162017d0194018f01aa01bf01f201d401fd01da01d701c901d401b801de01e101f201e101fd01f201eb01a201d401b5019501890184016201290137013000f100c300e400aa0096006a00700042005100310014ffe50005ffabffa3ff7eff57ff23ff2e
MIC 014208 ff07feebfedefee2fee2fec1fea2fe83fe92fe70fe53fe21fe32fdc9fdf5fdf3fdfefddffdfbfe11fe1dfe02fe1bfe26fdf0fdfafe1afe4dfe3efe56fe70fe96fe94fedffec9fed8fed1fee3fef3ff35ff51ff7bff8aff9cff95ffd4000d00160036006900a100b900b200d700fd010f011f0153018001790171019501a6019b
MIC 014272 01bc01f701e901dc01fb0214021302020212020f020502110220021a022d020f022f01f101c3019701630148015101260113010e00eb00cf00df00cb00b000a7008d0072004b0065005100290014fff8ffc0ffbcff68ff52ff1cff1cfedcfec7fec5fe8dfe55fe74fe75fe49fe39fe67fe26fe17fe31fe36fe0efe25fe15fe13
MIC 014336 fe02fdf9fdd5fdf1fe10fdf6fdfafde9fe05fe0bfe42fe4ffe55fe5afe96feaffeddfeddff39ff35ff4cff7cff9fffb2ffcbfff1000100190017004100510075008b00b300da00fc00fb015b01370165016601a3019201c301d101fa01e4020d020001fa01e2020902070240022802350251022c02450215021901e401e7019e
MIC 014400 01d301a901b6017a01a00145013300fb00e700d700b7009f009a009b0081005c004c0023fff5ffdcffb6ff99ff76ff64ff2cff26ff27ff08ff08fee9febbfec6feacfe8afe6ffe52fe4cfe44fe2afe38fe22fe2bfe04fde9fdd5fdddfdd3fe1cfe1afe22fe31fe30fe40fe19fe1ffe4bfe61fe4dfe89fe9bfeb8feb4fef6ff01
MIC 014464 ff0dff40ff8bff77ffa2ffb9fff5ffe4fffc0024004f005b009a009e00c300e600d700ea0102011f01380170018d01b001a701c901ce01c201d401e501d401ea01e801fd021a01ed01ec01eb01cd01b601d001f601e801d901fa01ed01d501b501c00197018e016b014301130118010c00f500b600a9007f003e0021fffeffda
MIC 014528 ffd0ffb6ff92ff5aff5aff18fef4fee3feeefecafebbfebafebbfe81fe97fe5efe40fe34fe23fe32fe0bfe10fe13fe22fde8fdfefdcefdecfde8fe00fdfefe1bfe0efe19fe13fe3cfe28fe40fe70fe6dfe99feacfebffeaafedffee2ff2cff4bff8fffacffc9ffdefff20010002c004e006800860081007f009500ac00d300e5
MIC 014592 01180145013d01620187018001a901d601f501d9020e0225021c0240023302250218021a01fc01f501e101ea01ec01f701e101da01bd0192016801820157016901640157012f012e01090121010900e700a60066002affeeffd2ff91ff89ff5bff71ff32ff1bfef6ff01fed3fed1fe93feb0fe81fe96fe7cfeb1fe93fe82fe49
MIC 014656 fe5afe2bfdf1fe16fe13fe22fe09fdeefddefde7fdeefe00fe2bfe2bfe35fe48fe4ffe59fe5ffe93fe94feaefeadfecafecbfefffef1ff28ff25ff2aff2fff83ff80ffb100110039004900710083008f00b100b000de00fb011a0107013e01420169015001a0019001ae01b601df01cc01f601c901fb020901ff020902390254
MIC 014720 024e02370230020901e701e201bb01a5017601660163013a010e011b00f400cc00a100a6008300690060005f0044003b002dfffe0003ffcdffafffa2ff5dff20fef6fedcfebffe7ffe9efea1feb4fec2febbfea4fe89fe4bfe3bfe25fe35fe23fe47fe1dfe2dfdeefe05fdd3fdc0fdcbfde0fde2fe05fe1efe37fe24fe54fe7c
MIC 014784 fe7bfe82feacfed8fec7fee2feecff2cff2bff71ff71ff72ff7dffa7ff9effe3fffb001600400095009d00b700c600fc00fb011001210153015e015f018c01b2018f018501960198019301bc01f902240238025f024e024b02490228022b020001d701c001d301bb01a701aa01a10171013b0147014200fd0115010d00ef00a3
MIC 014848 0098009c004c0055004e0039fff4ffe7ff9fff8fff60ff76ff49ff74ff45ff3ffef1fee8fe9bfe81fe75fe4ffe12fe1dfdf4fdfcfdfdfe2bfdedfdebfdf6fde7fdfbfdf7fe28fdfffe37fe1bfe0bfe02fe32fe27fe40fe5cfe74fe5bfe80fe89fe90feb5fe9efec3fecdff06ff2eff78ff91ffb8ffd8000b00060011003d0074
MIC 014912 009600a800ae00d500e200e001000123012b013c014b015d017c017c0199019e01cd01ac01bf01e701f401e502040208020a01f4020d020e0200020401ed01d201b601a3018e016f0164016d01670136012f00f200df00a700b700ab009700640051001effff0001fff0ffc2ffbfff94ff68ff6bff51ff22fee5fee9feb7fe7b
MIC 014976 fe71fe81fe55fe50fe47fe2ffe0efe23fe38fe1dfe36fe2afe17fe35fe1afdf1fe08fe06fe02fde2fe24fe1efe44fe46fe63fe5bfe6dfe66fea9febafeb9fed3fee3fed8fedcff00ff40ff48ffa2ffa6ffefffef001c00190055006f008d00b000cf00e700f80122012b0159014d017c01650187019201ba01a901df01d301ec
MIC 015040 01cb01dc01d701e601f60220022e0252020401fd0205021401d701b601c101a00181014d0151011f012d010e011b00f8010c00d700f200b900b5007c00760032000400000008ffecffecffb6ff64ff5bff03fef8fee1fef9febcfeb1fe67fe3cfe11fdfefde5fdf8fe07fdfafdf3fdebfdbefdb7fdbefdcafdb7fdaefde2fdf1
MIC 015104 fddafdfafe2ffe04fe14fe67fe4ffe7bfeb8fedffebcfecffeedfecefeecff2dff51ff57ff98ffb3ffe5ffc4ffff0002003b003400af009400c300ec01110118013a01670165016901a60187019c01e001ea01d101e401f901e601e701d701fd01d101ea01e5022501f9020101f7021a01cf01f101e401c501850189016d0133
MIC 015168 0133012e012c0107010900e8010300dd00cc00b8008d005c004200240015ffcfffafff9eff7eff35ff18ff28fefafecdfed0fecefe7efe64fe6dfe72fe49fe59fe58fe47fe27fe43fe2bfe26fe43fe22fe0dfe19fddefdd1fdd7fdf1fe0afe13fe36fe34fe42fe65fe55fe7dfe82feb9fe9ffeeefee5ff24ff5dff89ff8aff8f
MIC 015232 ffbbffa3ffcefff0001b002e0080008000c600ad00f0010e014b013e0181017501ab019701c001d701e801d101dd01dc01f901fc02070219020c020301db01f2020201f2020a023f01fd01f401fd01db01bd01cb01f001b901af01ae016b011a010f010600f700cc00cd00b80086003a003a00370009001bfff9ffe6ffcdffa9
MIC 015296 ff7eff4eff4bff14feedfee6fed4feaafeacfe8cfe7dfe41fe0cfe02fdf1fde1fe08fe22fe2afe0afe04fdf1fdbdfdcefdfafdfffde8fe11fe16fe46fe50fe7efe7ffe81fe8cfe8efe9efedcff02ff26ff69ff7fff64ff85ff8affa0ff9b0001002b0018004e007a008b00a600a800ca00cc00d900e400c200ee0113011a0152
MIC 015360 01a201b901af01f201e501f3020e022a022c0227023402360258025c024b0239022d01ec01f101f301f601d301ca01c4018a016b017201600135011a010f00fe00b500ae00a000700042005d002b0026fffc0003ffeeffbcffa2ff82ff5dff4aff27ff28ff20fef3ff00feacfe92fe89fe7ffe47fe55fe34fe18fdf8fe11fe17
MIC 015424 fdeefe2afe57fe21fe23fe51fe20fe0cfe11fe33fe1efe19fe43fe46fe49fe74fe8dfe9ffe95fea4fec4fed3fecaff15ff27ff74ff75ff92ff9dffdefff2004000430073006500ab00dd0118011e017501580196019501c601a801be01b101cc01bd01d601c601de01e601de020f020a01f801f3020101d601d201c001cd01fa
MIC 015488 020201fe01d801cf01d1019501a2019101550155014b013700f400f700ca00a800710069003800350003ffe4ff8bff8eff33ff37feebfed9febffeb4fe8efe78fe82fe7afe7bfe70fe8bfe9cfe93fe6afe37fe1efe09fdf1fdfffe2afe22fe2cfe39fe1ffe02fde1fdf8fdc9fdf2fdebfe17fe2efe4dfe47fe5afe6ffe6efe70
MIC 015552 fe8efea2fecdfecefef7ff17ff50ff45ffa8ffd3ffe4fff6003e004d004c008d00bd00d100ea00fe00f80100010f012c0144018c017b018f01b801f401d901dd0207020201cc01de01eb01e201dd02100237021a022e021f01f301b601b3018d0195019201ab017c0162014701270119010700de00ec00f100ae00ae007c0053
MIC 015616 0014ffecffd0ff9eff7dff8cff63ff48ff0fff04fee8fef6fec8feb4fe93fe82fe5cfe4efe4efe3bfe0bfe16fdf8fdcbfdbdfdd5fdcefdbbfdb5fdbafdc3fdd9fddbfdecfdfffe04fe10fe2cfe1efe3afe4dfe66fe69fe83fea5febafec6fed9ff14ff2bff51ff4bff95ffa9ffbaffe6002000300069007e008b007f00840096
MIC 015680 00ce010301070139014001790156016101540188017f01b001cd01f501ba01ea01f0020901ff022c021d0201020602290205022a0207020801bd01dc01bc01a701b801b001a6019701840167011d010800e5009500ad007d0078ffe40018ffdeffc9ff84ff8dff30ff27fee8ff03fed5fef3fec7feb3fe85fe5bfe4ffe21fe34
MIC 015744 fe24fe1afe05fe23fdf6fe09fde5fe00fdbbfdddfde9fe08fdf2fe43fe54fe6ffe7afe9efe88fe67fe59fe6ffe80fe79fe80fe79fe8ffe79feabfea4fee0fef7ff37ff62ffa3ff98ffed0005002b00150039005b0095009200d100b600dc00ce010700f80116010f0150016e019801c601f4020d01e30202020c01fd01e601fb
MIC 015808 01e501ec01ee021b020d02290215023e0240022e01e101eb01b0017601640176014a011100fc00cb00b2008c007800770078003b00250012fffbffadffbfff8aff43ff31ff10fefafedefecafebffeb3fea5fe8afe82fe7bfe69fe8bfe72fe2bfdfffde0fdd1fdbcfdbcfddbfddefdf6fdf2fe12fe1cfe54fe2cfe36fe39fe51
MIC 015872 fe34fe7dfe81fea1feaefedcfeb8fea4fed2fef4fed4ff22ff02ff4eff49ff6eff6fffb7ffe0001d003600850097009d00b700d600ee01000128014a0153012d017c0199019d01d1020501f701eb01ec01ef01f40205021201eb01f601fc01ef01f0020701ec01e6020b01f201ca01c501c001af01a101a90174016c012e0131
MIC 015936 010800f600c500a90071002f0004000dffe2ffcbffccffafff9dff7bff88ff47ff69ff2fff22feedfecffe9efe8efe73fe76fe44fe47fe2ffdfbfdeafde4fde5fdd1fdc6fdc3fdaffdc2fddcfdf3fde4fdf5fdd1fdeffe12fe1bfe40fe4dfe6cfe6efe96feb9fed1febdfef5fef6ff28ff11ff40ff47ff6cff77ffa3ffaaffbf
MIC 016000 ffe3000600550041008000ba00e100ed011c013f016401560181018201ae01cf01f101ee01ea01bb01cc01be01d201d30215020b021d021a020801fd01ed01cb01db01b801ed01ef01da01c401a501ae01960189015e014d0134012000e800c4007700610018002dfff1000e0003000effd5ffbfff5bff7bff45ff21fefeff2a
MIC 016064 fef8fec0feaefea2fe7cfe5efe4cfe4ffe2afe0dfe13fdecfdd1fda7fe09fdeefdf6fe0efe3cfdfffe10fe09fe0cfdf3fe1dfe28fe3afe4cfe58fe6afe44fe79fe83fea6fe9bfee9fefeff1bff1aff60ff78ff7bffbaffeeffe1001b004500650055008f009f00c70101013501270150015e017501580192018401a4019101b8
MIC 016128 01c001c301c301f101e601db01da01cd01d101e401d701c601d401bd0196019701ab01780174019d01a50177018b017f01460111011900e400b4009d00a3007f005f0056001f0019ffcfffc4ffa1ff9cff93ff94ff74ff68ff27ff1eff0cff0dfef2fed0fe9afe89fe6cfe36fe2efe2bfe25fdfcfde1fddffdc6fdbafde6fdd9
MIC 016192 fdedfdc9fdd7fdbefdd1fdcafe41fe3dfe45fe40fe82fe7cfe9bfebbfeeefeecff26ff26ff48ff61ff87ff97ffc6ffc6fff3002600600073008900cc00cf00dc00c900ec010601200145016801560150016a0175019701c701e40203021e022f0230023f0226020d0205020901fa01ce01eb01df01fa01dd01dd01d101a10188
MIC 016256 01b6017b018901640151010b011200f2010600dc00c800a9008d004200250011001dffdbffd6ffc3ff89ff58ff4cff55ff34ff1bff08fefcfed1feb5fe84fe51fe35fe21fe0ffe16fe00fe45fe32fe33fe36fe1cfe07fdeefdf0fdf0fe06fe14fe31fe32fe35fe37fe26fe27fe4dfe82fe88fe8ffea7fec5feabfecefecafef1
MIC 016320 fef7ff22ff57ff93ff9fffc9ffe9fffbfff00036005e008d00bd00f7011b012e0157013f0159015e0169017601ae01ab01ce01d601f4020a02250227025102650250024e023f0229020501f101bf01b301c001cd01ca019f0194016601520156013b0137013d0129012c012000d300af00ac009f0078006a00950040003c0003
MIC 016384 fff2ffacff92ff4eff37fefbff11feebfefafe99fe82fe6afe75fe47fe51fe70fe22fe09fe03fde8fdd6fdd3fdcffe01fdeefe31fe08fe2efdfbfe10fdeffe0afddffe2efe3bfe53fe63fe91fe8ffed0fedaff01ff09ff0dff3bff2bff54ff6cff8aff8fffd6ffff003900360074007e0078009d00d200e100f6012d013e0160
MIC 016448 0148017d018501ad01b301c401c401e901d301fa0207020d021b022f022e022301fb02180207021e01e801f101ba01ba017b0180016f019b019101a6017601620105012d00e600ef00c800e000a7008f004c0046fff6ffdfff95ff5bff32ff3dff39ff11fef5fedbfecdfe76fe8cfe74fe66fe7afe89fe5afe4efe2efe17fe0a
MIC 016512 fe1efe04fdf7fe01fe13fde7fdeefe05fe17fe30fe17fe57fe4efe78fe72fe96fe8dfea2feacfecbfe8efeb8fecafedafeddff00ff18ff48ff55ff8effb5ffeeffe8002a005c0061006f00a700a2009600b500c500d300f400f80103011101230139013e01710169019601a701dd01ca020601f90223023602380246023501fe
MIC 016576 01e001cf01b401a301ae01c101a701b1019f01a3017b017e0128012d010100f600ca00c9009a008d005a0051ffe5ffc2ffa8ffa5ff90ff9fff7eff68ff46ff0afee0feb9fed3feb2fecbfec2fe94fe5dfe58fe2afe24fdfdfe1ffe1bfe13fdfefe2ffe11fdf6fde8fdecfe00fdf0fe19fe2ffe14fe46fe6cfe6ffe5cfe43fe4b
MIC 016640 fe74fe94feadfed9ff02fef7ff2cff40ff3dff48ff67ff89ff8fffb9ffadfffe001c0068006b00af00b700bc00cb0108010601010146014d0196018201ae019d01b901c001f501c501e401ec021802230235020a023d01fe020d01f301fd01db01d201d001d0018a019c018901650154013a0134010e00e900f300da00ba00ad
MIC 016704 00ae0098008000540047ffceffb0ffb2ff9fff6cff4aff35ff16fef2feb0feabfe90feadfe7efe78fe6dfe77fe53fe69fe56fe57fe5bfe60fe4afe1dfe1cfe19fe2bfdfdfe00fdccfddafdccfdd8fdeafe2bfe22fe0afe47fe62fe6cfe93fee2fef1ff14ff10ff40ff38ff31ff62ff7eff80ffd6ffd5fff50010003c00520094
MIC 016768 00a100d100d900f9011c014601970183019d01b701a2018701c101ad01c001d601f501f301e601f501ff01fb020c020401e501f801f001cb01d001b301b80183018601820169017c0174014d0136012000f300c700c2009e009c00690077002e00190001ffddffc3ffbeffbbffbcff72ff3cff14fecdfeadfe9afe96fe7cfe78
MIC 016832 fe56fe7afe44fe2cfe1bfe1efde5fdfafe1bfe19fe03fe11fe27fdfefe0dfe02fe45fe3dfe47fe4efe72fe46fe5bfe73fe92fe62fe83fe81febbfecdff2aff3aff35ff4eff3fff4bff54ff95ffd600020036004a005a005e008900a000c500b200d300c000e700ff0138018901b501b101b801e501d501ec01d0021001f401fd
MIC 016896 01f801fe0201021302080237022302160217022801fc01f201e301d901ce0190019e016f0182015e0131011c012f00e600df00bd00ba009a0081005300490036001c0006ffbcffa0ff72ff79ff4fff31ff00fef2fec1fe9afe62fe72fe5afe46fe1efe39fe19fe00fdfafdddfda0fd9ffdbafdc7fdc5fdcffdebfdd9fdd1fdba
MIC 016960 fddefdcefdf0fe1dfe74fe81fea7fec8fec2fea6fed3fecbfedbff0fff2fff5eff8fff9cffc4ffd0001400240036004500620065009e00a000c500d300db00fb012d0123016e019f01c501b401c301cb01ca01d101f40206020a0213020001f701f0020f020f021301e901dc01c601c901d901b901e001b201760153016f0151
MIC 017024 01240120012100d900e500df00d400a700a20086005c00360018ffe0ffd4ffb0ff93ff65ff45ff07fecffec6fec1fea4feaefea3fe7afe3afe2dfe29fe2efe36fe2dfe1efe22fde3fe0bfe11fe19fe2efe38fe2dfe00fdedfdd1fdd0fddafe10fe2bfe4bfe3bfe59fe74fe86fe8efec3fee2ff0bff2cff40ff52ff7bff94ffb5
MIC 017088 ffe8000000190032005b003f006c0058008e00a400d100e101290126014e0180018f0179017f019301a401b301dd01d501ce01dd01e101cd01e401f701f502110204020b01e8020301e101dd01e601ea01bc01c001a00184013801600140011b00d200de00b0008e0085008b003a000dffeeffd9ff9aff8eff91ff94ff8aff3b
MIC 017152 ff4eff3fff01fec6fee4feaffeb3fe83febafe62fe67fe45fe45fe29fe34fe30fe38fe29fe38fe21fe23fe26fe26fe1ffe35fe6cfe34fe45fe21fe1dfe04fe35fe38fe61fe75febcfe9bfeccfed2feeeff23ff5cff80ffb1ffc3ffc60008000500460047005100620081008700ac00d400f800ee0106013301550144017801b4
MIC 017216 01b601c90202021602060217023d022d023d02360232024d023c0236022c021c01fd01e901f801ec01be01cc01a4018a015d0155014001360123011900b900aa00920091005500630056005600340039ffdfffb2ff82ff69ff30ff03fefafeaffeb4fe97fe9efe68fe6bfe41fe35fe19fe3efe10fe20fe28fe31fe28fe3afe35
MIC 017280 fe3dfe43fe40fe2afe1dfe2cfe12fe24fe2dfe45fe36fe4afe6dfe86fe64fe8ffe9dfebcfeaafedbfef6ff24ff38ff73ff89ffa7ffcfffe8fffa00330037004d006c0094009100a800cd00ed00fb0147016501720196019901d301d801e3021e0230022f022c0245020602100209021e020301ef021b0209022501e2020c01df
MIC 017344 01c0019f01af015a016d015c018b0153014e011d0114010500a3007e00710068004c005e001e0007ffc1ffa9ff95ff6dff3cff3aff3dff4dff18ff0efee7fec5fe89fea3fe7cfe63fe72fe58fe3cfe3dfe14fe1afde0fdf5fe0ffe17fe30fe2ffe2efe2cfdf7fdecfe04fe0afe12fe0cfe48fe2efe69fe6bfea7fe92fed3feeb
MIC 017408 ff18ff22ff47ff50ff69ff83ffa1ffd1ffdf0014001600440045006f008700b300b100cf00e901170129012c0150015801610173019501ce01e401f40211020401f901d301df01dd01e601cd020801d501f101dc01fd01e001f801d401fd01e601f101c601d70191015a0128011700d900bb00a7009100720057002e000affd3
MIC 017472 ffb7ffa1ff99ff99ff8aff6fff41ff01fefcfef5fecbfed7fea3fec8febefeaefe96fea2fe5bfe66fe1dfe2cfe22fe18fe00fe11fe02fdeafdb1fdd2fdd0fde7fdf4fe28fe19fe13fe58fe64fe4efe61fe80fe8ffe64fe99feb3fea9febbfeeeff24ff0eff57ffa1ff95ff9fffd3ffeaffd8fffa00400075009200d901100106
MIC 017536 010901290125013a0157018b016c019f01c301c701bc01f501e401d401f3023702160225023d024c01f6020301e601e501d801ee01c401df01b6017b017d017e014501420128011b00f100c200b2009b009b00630068005500280003fffdffd8ffbbff8eff8bff2bff09ff08feebfed2fedffec4feb6fe59fe53fe4cfe21fe48
MIC 017600 fe2afe28fe0afe09fe00fe22fe03fe0dfdfafdf2fdf6fdd3fdeffe0efe07fe0efe19fe3afe57fe5bfe5dfe81fe89fea9fec4feccfeedfef3ff04ff30ff30ff3dff64ff83ff99ff8bffcefffe00130040006f007c00af00c700d700eb01270126014401680170016001620196017b01ab01d401e901e301fa020401f501fb0229
MIC 017664 020402030231021401ff01ff01f601f301b10196017e01710134013d0121011d00f4011300fb00f200de00d600bc009f005e0020fff6ffd3ff80ff68ff7fff6bff4dff17ff11fef0feabfe75fe85fe5dfe45fe6bfe83fe2bfe39fe40fe43fdf8fe30fe1afe13fe14fe28fdeffe1efdf6fde2fdebfddafdc4fdeefe04fe1dfe30
MIC 017728 fe4afe4cfe3afe67fe89fee2fee8ff46ff3cff4dff31ff5aff66ff9dffb2fff0000000400052006f00a400b800c7009a00b000c900fe012001620140017701500188018e01a501b101f601e501e501ee021d020601ef023c023b022401f7021701d101c701d201ec01bd01c7018c018f0166015f0161016b014f012601180104
MIC 017792 00e000f300d200bc009f0084004e00300031000affdeffb8ff7dff54ff37ff03feeefed5fed0febcfea2fe60fe5efe2bfe2cfe2dfe2dfe15fe1ffdfefe04fdf2fe09fde1fe08fe05fdf6fdfafe1ffdf4fdf7fdf1fdebfe0bfe13fe2efe45fe88fea2feb0febbfed7febaff16ff2eff4cff86ffe1ffdffff3ffe80004fffe001a
MIC 017856 005c007d006500b200cb00ed011701210130013f015a016e01800190019c018601c601ba01c101ab01d701d302040205021401f6020401f001d401cc01f101eb01d101d101ce019201a9019c016f01660160011b011000f300c800d900c800bb0091008400620056003d0036fff6fffbffbaff81ff50ff5eff30ff24feefff01
MIC 017920 febffeaffeaefe91fe55fe72fe67fe48fe3afdf9fdfefdb1fdcafdaafdc8fdccfe03fde1fe08fe04fe2afe05fe3cfe38fe54fe4bfe95fe8cfe77fea6fe92fe9dfec0fed2ff1fff17ff48ff5aff40ff6dff8affd2ffc2000a0040003e004c008600b000ba011001320131015d016301510174018b019701a901ed01be01d001dd
MIC 017984 01f901d2020401ec01f601fd01ff01ee02210228022401ed01f401c601af01af01bd01a0017e017f0176012f012b012e00fc00e600dc00c100a7009e0085004b0025002affcdffe4ffd4ffcdff8cff77ff2bff0afec4feb3fe8dfe87fe89fe8dfe57fe69fe17fe01fdeefdcefdfafe01fe04fdf8fdf9fdc9fdddfdcffddefdd4
MIC 018048 fde3fdf6fe12fe37fe5cfe47fe6dfe9afea1fe9ffecdfedbfef1fee0ff04fef8fefdff06ff3dff68ff98ffa7ffdbffe6ffee000600490057009b00ce00fb010301100113011c012201360149014b0147018301c501cc01ed0207020d01f50206020d020b02110220021c021b022801fd0220021301dc01d101d0019e01a8019a
MIC 018112 01b8019e018801700151012e00e700c1009b006900250043003dffecffddffddffd3ff90ff5cff64ff18ff1bff14ff14fefcfef7feeffed0fe96fe99fe6bfe5efe2efe4ffe20fe25fe1cfe13fdfbfe01fddcfdf5fde7fe04fdf7fe17fe09fe01fe1ffe34fe32fe43fe3dfe67fe72fe7ffeaafed8fef6ff21ff1bff48ff6dff8a
MIC 018176 ff93ffacffc5ffb8ffd6ffe60012002a0060007b00ae00cc00d100e90108010a012601470183019c01c901db01cc01cc01d801df01bc01d501c101ed01e601f901ea01e501da01e201be01ee01cf01c501b601b00193019a01ae01a20193018f0186014d012d011300d700d300db00c800b900a0006d002affe9ffbaff88ff48
MIC 018240 ff45ff13ff4fff3fff42ff14fefffeb5febcfe59fe54fe4efe7ffe61fe64fe3dfe25fe04fde7fde8fdd3fdf0fdd7fdf2fdf1fdd7fdeefdfdfdf8fe04fe11fe38fe31fe60fe85feabfea7fed6fec0ff03ff14ff4cff6fff86ff97ff79ff8dff9affcdffc5001c003a0060006c00800074007d007d00d100d4010b011c0154016f
MIC 018304 01b501de01c601b801be01e201d10206020d022a021801fd01f201f901c301e801ce01ee01dc01da01d101d101c501c101b301b801a40182016d018b013e0111011200de00790065005f0028ffff00210008ffd0ffc6ffabffaeff86ff5cff4cff38ff0dfed6fec8fec3fe87fea8fe87fe7efe4bfe4efe2afe37fe00fe2bfe2f
MIC 018368 fe32fe27fe39fe3bfe18fdfbfdfafe01fdeffe35fe3bfe41fe2afe34fe52fe48fe4ffe86fed2fed7fee3feecff13feedff0eff4aff5eff9effb3ffc9ffceffdaffe40010002000390046008900b400cd010b0143013101280167018101b701d0020d020301eb01e8020a01c101dd01e9021b01fe02220218020c01f8020f01da
MIC 018432 01e401f201d901ca01f501de01a1018f017d015b01190142012e012b00e800e10088007400320045000e0015ffe8ffd1ffa5ff6aff4dff50ff35ff08ff11ff0cff17fee7feb8fe8bfea0fe8dfe7dfe6dfe87fe57fe40fe38fe10fddcfde3fdccfdd8fdd8fdeefdeefe0cfdf7fde2fdd6fdebfdcffe14fe2afe5cfe7afe8cfe94
MIC 018496 feb1feb3febbfedafee9ff1bff46ff87ff85ffb3ffd7fff90001004a0032005b007a0082008b00ca00c800e200fb01110113011f015d016c0161019801aa019601c301d201e801ca020201f401ec01df021201e601e401de01e301c801b901af01b901c501d401d001c001c601800160012d010c00db00cc00ab00b0009d0089
MIC 018560 006b004a003ffffe0000ffd9ff91ffb0ff80ff78ff45ff27fee2feb8fe9efea7fe88fe72fe73fe66fe4ffe56fe47fe40fe12fe17fe0efde0fdedfddcfdadfda7fda8fd8efd92fdb2fdd8fdc8fdfcfe15fe06fde5fe37fe5afe70fea7feccfef7ff1cff17ff5eff71ff97ff89ffb6ffc6ffc6ffe7000f00320040005e006a00a2
MIC 018624 009500cd00f4014a014b01780172017e0159017801bb01c501ed01e101f301fd0213021402410222021501f001f201d601e101fe020101b201bb01b901ba01b401dd01a701a0016701630117010600d900c500ba00b500720054004b002b0007000fffefffbbff92ff9bff79ff5aff5eff45ff23fed4fecdfeabfe88fe67fe82
MIC 018688 fe59fe45fe08fe0afdecfde4fde2fdf7fddefdcafdc5fdddfdd8fde9fe09fe36fe44fe32fe57fe5cfe66fe5afe6ffe83fe79fe7bfe78fea3feb3fed0ff08fefeff01ff3cff76ffb2ffdbfff00013002a005b0059007700ba00c400ea0105011e010d013a01550175017b0170018a0188019201cd01cf01ce01c401ea01c301cd
MIC 018752 01dd01e301bc01d101cd01c3018e01a60195019d01b901c101ba01b2019b017901550143014f0109010100f000da008700a70076004a002300140008ffecffc1ffc7ff8cff56ff46ff5fff50ff1efef9fee5febbfea6feaefe92fe9cfe76fe64fe68fe56fe4bfe52fe68fe50fe43fe26fe45fe20fe18fe0afe19fdf0fdf0fe0a
MIC 018816 fe3dfe27fe3dfe59fe4ffe5bfe71fe84fe93fec2fec0fedbff16ff3bff5aff6dffb3ff95ffc8ffd9fff800160043008a00a600ba00d300c600de00ee0132015501850182019f01720191019801bd01ca01ec01f4020d021d021a022c022d0240022c0228024702330203023301f901ea01d801e501b7018d018f0178014d0139
MIC 018880 011600ff00e200e100ee00c700a9007a003e0009fff7ffccff8bff8cff7fff71ff88ff4fff2ffeedfeedfeabfe8bfe89fe9ffe72fe7bfe31fe45fdf3fdd7fdd0fddafdc7fddafdf2fdf5fddcfdf5fdecfe1efe11fe06fe29fe32fe4efe14fe33fe11fe49fe41fe83feb5fedfff04ff3eff47ff4cff58ff80ff86ffaeffe2000a
MIC 018944 000b004d006f006b007c008d0089008e00bd00e200ef010f013c0140016e0181016d017c01a2019a01de01dc01e001e601e901f201f401f5020301f301f301dc01ca01c601bf019201be01c901c201e401ab019a0194016d011d011300f500de00bc00c00099006e006c00620023fffeffe2ffebffd7ff8aff89ff74ff42ff1a
MIC 019008 ff1aff0dfecdfed7fecdfe92fe75fe53fe13fe08fe0cfe01fdf4fdd7fda1fd88fda9fdd3fdddfddafdf3fe08fe0ffe25fe37fe59fe47fe75fe62fe6cfe7efe9cfe92febafea4fecefed0feedfef8ff24ff3eff64ff6cff8fff9cffc4fffc005a005e00a900c100e600cd00dc00fd00e70106011b012e0116011c012a016b0172
MIC 019072 019a01b501d201e20216021b0243023b024602100206020201fd01e001e701e401d801b701c201aa01b301ab01b501b9019801640135011600ce00da00dd00ab007400750039004b00030028ffdbffccff6dff95ff42ff46ff06ff25fed7feb8fe99fe9cfe67fe3afe60fe4efe5bfe26fe2afdf3fe32fe04fe0cfdfdfe0dfde4
MIC 019136 fe12fdeefdf3fde7fe13fe0cfe1afe0efe3bfe44fe5efe5bfe75feb2fe9dfedcfeefff0afeecff28ff2bff57ff5cffa3ffd0ffdcffdf0011fffd001a002c004c00460064008900ae00b00109010c01340157018301ae01ea01dd0207020c020e021d02110225022b0238023202530237023d021b023b023102120214020801b9
MIC 019200 01b901bc01b4018f01790139011c010a00ca00cd00c500ae0063006e00310005ffc4ffcdffaeff83ff6bff85ff53ff4eff39ff4fff2bff0bfed6febffea4fe99fe7ffe63fe5ffe2dfe1dfe25fe18fdfcfe02fe0afe00fde3fe04fe06fde1fe18fe3bfe2afe38fe4efe52fe40fe62fe75fe8afe78fe82fe8ffec4febcfeecff01
MIC 019264 ff31ff29ff67ff72ff9bffc1ffed0012001c0034005f006f00b400bc00e401030114012b013001460144016c017c01a401a701cf01cf01f8021d020a020d02360239025d0254027d024e021001fe01dc01da01b701f701d501e301d501ce0193017b0149014a0108012100f600f600cf00a70082006a00410034ffeafffbfff3
MIC 019328 ffccffb4ffa1ff70ff5cff47ff26ff2afefaff08fee8feddfe9efeaffe74fe5cfe37fe44fe02fdfefdfefdeefdebfe17fe33fe3bfe22fe3afe0cfe19fe1efe08fe12fe42fe47fe48fe77fe66fe82fea0feb2fea4feb6fecbfee5ff00ff32ff4bff9dffa3ffacffc4fffafff1002500310068008c00ab00aa00df00f000d80118
MIC 019392 014b01600139019e017e016d017801af01a9019701b101bb01ca01c001e001e601ff01dd01e801ec01f5020a0230021101fb01d101a501970186017d017c016e016801260122011500f000d100e2009f0078003f0033ffe3ffc5ffb7ffa8ff4eff5bff4aff43ff23ff1ffef4fec8fea3fe7efe90fea5fe91fe76fe86fe66fe33
MIC 019456 fe0afe0ffde5fe01fde0fe03fdd1fdcafdacfdc4fdd3fdf1fdf8fdf5fe15fe3cfe5dfe5cfe7bfe83fe8ffe9afea5fe90fee3feeaff1cff21ff45ff44ff6fff71ffa7ffd2000e0013003c0068007100a300b600e800dd01200137015a017c019601c701b001c401ba01c401c6020301f9020601e3021001fd020401f10203022c
MIC 019520 0212020f022502360216022d023101e301d101ef01c101a50171015c011100ef00c300be0082006a004e00510026000b0008ffddffcdff9aff95ff5fff72ff4bff45ff18ff16feccfee0fe9ffea3fe7afe58fe42fe43fe07fdedfe19fe3ffe1dfe08fe16fdf5fdc4fde4fde4fdd1fdd6fdeafe10fe0cfe08fe27fe45fe26fe24
MIC 019584 fe16fe1cfe3bfe67febbfee0fef3ff28ff11ff28ff3aff83ffd1000e00060031004500550071009100c300d800e200f5010e0125012b013701690165018f01af01ca018e01cc01c801c401b101e601ca01dd01ed01ea01e2020001ea01ec01f101d401f501f5020601cb01ae0169017501460178014e0151011900ef00a70081
MIC 019648 004b0046003800560041002b002b001cffe1ffd6ffb5ff89ff7cff39ff4bff1fff0ffee6fec6fe80fe73fe3bfe16fdf2fde1fde1fdb8fdb1fdd1fdbbfda8fdd3fdc0fdbefdc4fddffde2fdfbfe2ffe47fe58fe83fe86fe75fe8cfeb5fe9bfeb8fed2fed0fed3fedffefbff1aff3fff61ff7fff8eff9dffa1ffa9ffd2ffe10021
MIC 019712 003600550055007b00a700c400fb011b0142015b016f01b801a401cb01ff01ff01f7021101f8020001e201e701e101c801ec01b301b901e7020e01f70222021201e301bc01c901c001c3018a01a4016b015600e700d100b700820075005e004a002b0039002b0013fff7fffbffc1ff9aff95ff62ff34ff27fee8feebfecbfebd
MIC 019776 fe99fe89fe62fe88fe52fe5cfe4afe4afe45fe3afe3dfe23fe1afdeefe06fdc6fde3fdddfdf9fdfffe19fe1ffe4ffe49fe6efe5ffe90fe76fe86fe9dfeaffec1ff02ff35ff21ff6fff91ff97ff85ffb9ffc3ffcfffed0020002f0074006a00a600cb010d00f40156014c0165015d01700177018e01b401c201d301d901d201ba
MIC 019840 01bc01b401c001cb01de01e901d9020001fe01e101f7021c021001e201f401f701d801b601be018801890125013200eb00e0009900bc0098007200430027fffaffcbff90ffa3ff8dff7cff6eff4bff28fef0fed0fec1febffebbfec9feb0feb1fe84fe57fe3cfe24fdfffde7fdf3fde8fdc1fde0fdfafdf3fdfbfde7fe13fdff
MIC 019904 fe2cfe3ffe64fe56fe60fe58fe79fe6dfea0febdfeddfea0fed6fef1feecfef5ff38ff5aff5bff76ff7eff8effda0009002a0045005f0064008800a900ce010e012801450134012e01730154018a01cc01f101ee01ca01db01eb01eb0202023302190213020301f1020201f501d501e501e001e601ca01c201c2016601400144
MIC 019968 014601100135010d013d00ee00fb00d600ae00580061003400270000fff8ffe5ffbcff9eff74ff61ff3cff45ff08fee2febefe99fe67fe87fe41fe43fe35fe40fe0efe38fe29fe3dfe18fe40fe1efe0efe0afe22fe0efe1afe0afdeefdfafdf7fdf2fe1efe27fe3cfe50fe3bfe4bfe4afe58fe5bfebcfeddff19ff27ff54ff1f
MIC 020032 ff6cff87ffd300000054004a00810072008a00a000dc00df010c01100115010f013d016001650187019801a301b101af01c301db01f3020701f80228021b0222022e0221021b020d022701fa01f401dc01e401d401c401d701bd01a3016301440134010000dd00d000a6006c005c0040000affdeffe8ffb3ffa8ff90ff8cff5e
MIC 020096 ff64ff32ff2fff22ff27feedfee6febdfebbfe81fe9ffe6dfe59fe1bfe3dfe24fe09fe13fe2cfe14fe06fe11fe04fde5fdcefe01fe05fe28fe06fe3bfe3dfe31fe21fe5bfe88fe74fe8cfed4febbfedcff08ff39ff61ff7eff98ff92ffcdffbf0008000e0045003e00560070007d00b300e7010801260140014601520147016f
MIC 020160 017701ab01b001c401b901be01af01cc01e101f001f002040211022f021e023c0220021a0212020801d501de01d001d00194016b012600e500bd00c000a900bb009f00a1004e004500130018ffed001f000dfff5fff0ffd5ffccffb0ff7aff5dff20feedfee6feb8febbfe9cfe6efe67fe57fe57fe2efe43fe4afe38fe11fe01
MIC 020224 fe13fde9fdedfe04fdf3fe03fdfcfe0efe0efe0ffe34fe43fe4dfe60fe78feb3fea2fee0ff00ff0bff32ff4dff50ff41ff71ffa2ffa6ffc8ffd4ffebfff2003f006e008c00b600a600b4009f00b000cc00ee0137015a0180019c0195019d018b01c401e4021a020d023102210245020e021601fc021201fe020f01e901f101e7
MIC 020288 01d501bd0199015d0157014f0145015b0141012b00e000fc00dc00d2009300a8008c009b004a0059002c0000fff4fff1ffc4ffa9ff76ff4cff4eff09fee0fecffecdfe9cfe8bfe62fe36fe10fe13fdf7fdedfdcffddffdccfddffdcbfdf7fdf7fe13fe30fe30fe39fe36fe55fe49fe55fe7afe58fe5ffe8afe7ffe7afeb0fec6
MIC 020352 feb8fee3ff19ff10ff0fff38ff7eff89ffc4fff1ffed001100210047005b006b006d0084009600dc00d4012e014d016901550186017f017c019501c501d101e801f901ed01e701e701d301d601f201ff021b021f020001e701f101ca01b9019a0187018d018901ab01a5017e0155010e00eb00c700a200a200c400a500690033
MIC 020416 0032ffdaffc1ffc6ffa4ff98ff69ff79ff3fff22ff24ff23ff0efefbfedafecffecafeadfe84fe6ffe37fe1cfdf4fdf4fde7fdd5fdc1fda5fda4fd9dfdcafdeafe30fe04fe2bfe1efe0ffe0ffe2bfe3dfe6dfe7dfed6fea5fee1fed2fedcfed2ff20ff33ff66ff7dff9bffe80004001f0035004f004a00580044005b00520096
MIC 020480 00b900f600ef01020100013f013f017401b001cb01ce01ef020e01fe0202021a021601ec0213020a01fb01fb021501df01f7021b020301ea021d020001d701df01e001a2016a013c0127011700f500d800b00084003c00160028ffe3ffd5ffb4ffacff5cff60ff3aff52ff3aff27ff2eff14feeffed9fea9fe87fe81fe69fe61
MIC 020544 fe4bfe63fe50fe52fe56fe22fdf3fe07fdccfdbefddcfe21fdfbfe03fe06fe08fdeafe1cfe1dfe16fe43fe51fe60fe8afe9bfe8efed8fec4fed2feccff22ff36ff61ff8affccffc0fff3000b003c006d008b00ba00d800f20101013d013e017301620188018b0195018d018601ab01af01b501e401d201f10218023a02290249
MIC 020608 02270225021a020301f101fd01f901e801c401a70160014b0145014a014b0136013f011e010700dc00ec00a20076004200520027000dfff0000affb9ffafff78ff6bff27ff13ff06ff2fff01fee1fedbfeddfeaafe89fe95fe7bfe53fe39fe30fe36fe2cfdf9fe25fe1ffe08fe0efe13fe0dfe03fe10fe0cfe22fe27fe57fe41
MIC 020672 fe86fe7afe7cfe76feadfe7bfe9bfeabfeddfee9ff1fff17ff32ff30ff87ff7dff9effb6ffd2ffe3000e003a006f008100a300a200b900e500f0011f012f012d0158016d0184018f01ce01c901ee01fd020e01f8020b020302030210023401f10225021a020201da01ce01cf01c401ba01cb01ed01b7018a016a0153011b00fb
MIC 020736 00f700ed00d700e000d500c600b900890069003fffebffafffb1ff94ff80ff53ff3eff14fed7feadfeb6feb2fe9afe91fe91fe4ffe03fde5fdcefdd2fdb8fdd8fe03fe00fdedfe2bfe15fe1cfe2efe38fe20fe28fe40fe41fe37fe6cfe59fe80fe83fe91fe98fed6fecdfefbfefcff38ff13ff44ff44ff8cffa3ffdfffd6ffee
MIC 020800 0003fff1003a0061008700c200e500fc00f7010f013e013d01510152017d0167017a01ab01dd01c201e80233021b01f80211022f023d023702310229020d022b020a0227021601e201e801d201a10171014501390124011000df00d500ba0091008300710065001cfffdfff5ffd3ffd1ffa8ffa4ff76ff44ff3eff39feedfee3
MIC 020864 fedafed2feb7fe86fe7bfe45fe3dfe31fe4ffe14fe1efe01fe0afde3fdcefdcefdbdfdadfdf8fdddfe05fe18fe36fe27fe20fe1dfe0afe26fe5efe6efe6cfeb6feb3febbfebbfeedff05ff21ff37ff6fff6fff7fffa4ffd9fffbfff3003300680084008500c300e200ee0105012e0126013d014001800189018b018e01af01a0
MIC 020928 019e01cd021e021002270214020f01ec01ea01f6020a01eb021201fe020a01c701d401b9019a017301710158014b012200ff00eb00e100d500c000be009f007d005f007200380000ffe7ffccff6fff60ff4dff46ff17ff14fedafebafea8fe86fe76fe7cfe56fe4cfe68fe37fe37fe07fe1efe2efe17fe14fe27fe11fe01fddc
MIC 020992 fe0efdd8fe01fe0cfdfdfdfffe32fe30fe34fe5afe51fe43fe65fe6efe99feb4feceff03fee1ff13ff1cff29ff33ff72ffaafff7000d0067007e00af00bd00fa00d600f00109015c015c0160016f019501760171018d01ac01a801ec021c01e7020401ef01ed01cb01ef020101fd01f001d501c901d001cc01ce01c301bd0193
MIC 021056 01a3019d0195016001730156014a0125011000e800c2008900650050002b000b0030002200100004ffd6ff85ff40ff33ff16ff07ff02ff12fed4fec1fe7ffe58fe4ffe58fe50fe4cfe42fe4efe18fe20fe06fe02fdf6fdeffddefdabfda3fda5fd9ffd9bfdbdfddbfdd1fdedfdfbfdfbfe44fe61fe7cfeadfedbfefaff0eff35
MIC 021120 ff5bff81ffdd000200260030005600470059007b007a00b000f300f200f10110012b0133016401a7018101b301cc01fa01c501cf01c201cb019801ae01bd01ea01e10204020c01ee01cf01ce01c001c4020a0222020d01d501dc0192017c015a0147013e015f01290140011300f400cc007a0077005f0048001e0042000fffe0
MIC 021184 ff9cffbeff6bff46ff3cff3bff08fef7fed9fec6fe9cfe66fe4cfe37fe07fe14fe0ffe43fe12fe34fe33fe1ffdcdfe0cfe03fe19fe1dfe28fe01fe18fdfffe31fe41fe6afe74fe9cfe9dfe85fe94feadfec8febafef9fef7ff31ff1fff67ff66ff90ff8fffb2ffabffe9fff6003c005b008b00ae00c100d400f6010b0142016d
MIC 021248 018e0199017b01a301ae01c601eb0221022c025e024f0251023002280221021801f801fe01e901da01d401ba01a7019a01870192017b018901750150013f010900c900e100da00a500a400b8008e003100280010fff1ffd7ffe5ffb6ffaeffaeff92ff74ff5aff15fee4feb5fe98fe67fe4dfe4bfe40fe07fde8fdfafde6fe03
MIC 021312 fdfcfe41fe15fe47fe1ffe28fe08fe19fe12fe48fe47fe5bfe73fe8ffe70fe98fe88fe73fe35fe44fe57fe86feb1fee9ff15ff1cff28ff54ff45ff4bff81ffb7ffc8ffe200350052006d007800af009b00e900f0012701280141014c01700174018601a001c601ef01ea01df01e801d401c301d901da01eb01d0020b020c01f7
MIC 021376 01e701dc01b301d501c401d301d301d401a6019a0171017e0128014d0142011f00e400e600b1007f0059004e0036fffaffe2ffc3ff9dff61ff51ff15ff16fefeff26fed2fee0feb5feadfe5bfe61fe41fe51fe44fe65fe60fe5dfe54fe2bfdf7fdf7fdeafde9fe0bfe0ffe27fe17fe27fe19fdfefdfdfe02fe36fe51fe66fe84
MIC 021440 feb5fec0feb6fecdfedaff12ff0dff54ff81ff92ffa1ffd1ffc7fff6fff7002c0031005e0074009a00a300b300d300e500f800e80125014b019a017b01c801c601e201c5020f01f80230022f025b0250024c0246024802510222021501ea020301ce01c101e601cc01b001b1018801630111012000f000dc00ba00bd005e007a
MIC 021504 0051004400250010ffd5ffdbffc5ffb9ff98ff55ff61ff1cff18fefcfef3fec9febffe9cfea1fe47fe5bfe31fe3bfe0afe19fe0dfdfefdeefdd0fddcfdcbfdf1fe00fdfafdfcfdedfdfcfde8fe07fdfdfe0dfe34fe6cfe57fe8afe9efeb1fe90fec0fecbfecffef4ff3fff52ff6fffa1ffd4fff2fff40018001c00450049008e
MIC 021568 00ac00b600c500ee01000114012b0177018601a0019c01a701b701af01d901e001ea01d201c301d301d501ea020a020e021201eb01ef01d201d901bc01b401d101b501a601c3019c0195018501740141011400d200a7009400800079006c0062002cffebffd3ffb5ff79ff73ff5eff3eff13ff0aff0efefbfeaafebbfe7dfe7d
MIC 021632 fe5afe93fe70fe59fe3ffe3afe28fe1dfe22fe38fe48fe44fe45fe6dfe78fe29fe4dfe5efe68fe39fe81fe48fe38fe09fe4afe37fe5ffe5cfe9cfe8ffe8ffea7fea8fec9fed5fef7ff2aff84ffafffde001a0039002a008a006c00ad009f00e901070103010a012201330155015e017a01a701bd01cd01d001e401ec01ff01f7
MIC 021696 022e01f002170214021b01fc020301df01f301ce01db0208020701f801e501c3018b016e0164013801140122011200fb00b900810067004f004a001d002100090014ffc7ffa1ff91ff6bff37ff38ff32ff17fef2fef5feccfe7cfe88fe40fe23fe18fe1ffe19fe19fe1bfe17fe0bfdfdfde2fde2fdfcfe05fdf9fe22fe25fde5
MIC 021760 fe07fe18fdf6fdeefe2efe62fea1fec9fed5fed3feffff0aff1fff41ff52ff5aff84ffaeffc3ffcfffebffecfffc002b00480067009c00ab00d100f801120133013c014b0178019501b801ab01ad01a8018401aa019401a501b301db01d6021501e7020c0212021f0214022601e601f701e801c801a00192018e014a013b0147
MIC 021824 011e00f900f900c300c5007a0073003c003d003e0049fffcfff4ffbfffa5ff78ff78ff69ff5aff4eff17fed3feaffe90fe59fe2dfe42fe47fe1bfe29fdfffde3fdbafde0fdf6fdeafdfcfe2dfe3bfe3bfe34fe4efe42fe2bfe3cfe4efe55fe58fe7dfe8efe66fe80fe91fea8fed0fefcff23ff56ff5eff71ff7aff6dff75ff8c
MIC 021888 ffacffe100220036003f00420075008900a600a600d200ba00fa010c015001790193019c01a001a401b401ca020601e801df01e401d101cc01cb01e201c801f101c701c301a201aa019401b101a201d301bb01ba01a1019d017b0151011e00ef00d900b000bc00af009f006a006d002b0025ffdcffdcffb7ff8dff5eff66ff44
MIC 021952 ff39ff1bff26fee0feccfec4fea0fe6bfe80fe4cfe2efe2dfe17fde3fdf0fdf6fde8fdfdfddcfddffdb4fdb9fdaefdc5fde7fdfafde7fe0bfddafe00fe22fe5ffe69fea4fec6feddfed1ff0eff11feefff25ff70ff87ffbaffcdffe6ffddffcd00050009000000160028003c007900ad00dc00f3012d013e0137012a0172018e
MIC 022016 01c901e901f80208021f022f0226021202350221022b02350222022702170225020901ea01c801b401c20196017501810164015d0136013300eb00de00bc0075006c00240000000300100000ffe2ffd9ffc9ff79ff6cff43ff28ff20ff11ff0eff0afeddfed2feaffeb9fea4fe94fe6ffe5cfe46fe47fe40fe11fe1dfe2bfe11
MIC 022080 fe1dfe15fe14fe14fe0dfdf7fdfefdebfdd9fdd8fe22fe19fe43fe4efe55fe3ffe5afe7bfec3fee8ff1dff60ff96ff99ff93ffb5ffe9ffd1000f005f004e007f00aa00ac009800cc00d900d8011a013c016001b401ba01c401c8020601f401f5021901eb01ef01c701e801ab01ca01e6020001f8021d01f4020201d601d801df
MIC 022144 01c901d401a001ab01b6019a016c014c011600f900d300f200c500aa0070009a00570047003d002cffe9ffd2ff96ff91ff57ff3bff3eff25ff09fee4fec5fed2feaafe8ffe99fe58fe1efe1cfe34fe1afe2efe29fe24fe17fe4cfe39fe2bfe22fe0cfe13fe13fe3ffe20fe4bfe5cfe5efe43fe7efe92fe87fe8bfeaafeb9febf
MIC 022208 fed8ff03feddfef3ff03ff49ff58ff94ffc2ffff002a004e008e00a300a300bc00c600f60107013c0146014a015b0170017e018f018001a701bc01d701f6020402080214021b020a021d023c025b025102410245022401e301cb01c1019b019b01a20187014201430118010800ea00e000de00cd00b300820066002f000cfff0
MIC 022272 fffeffcaffbbffd8ff95ff70ff84ff79ff29fefdfee6fee4febcfecefeb2feacfe7dfe74fe53fe54fdf9fe02fe02fe12fe12fe03fdf8fe19fde0fde9fdd1fdf8fdd4fdfcfe0afe0dfe0afe23fe43fe61fe9cfeb9fedaff01ff1cfeecfefdfeeafee3ff06ff66ff83ffaefff30012ffff0033003f004f006f0073008a00c50104
MIC 022336 00e4011a011e012b0106014f0169016d01c301ca01d201f401e001e001f002150244023d023c0240024a021501f901bc01da01ae01be019d019101690172014a014e015601460147014700fe00b2009a00750062004e005800220034ffdeffb6ff80ff77ff39ff23ff10ff04feecfee5fecdfeb7feaffea3fe8bfe89fe6efe84
MIC 022400 fe72fe52fe2ffe34fe0ffdf6fdf0fe07fde1fdfcfe24fe2afe28fe33fe25fe45fe2ffe4ffe7efe85fe8dfe82fe88fe9efe9afea8fedbfed0fef9ff1eff45ff3dff53ff7fffa6ffb2ffec002f00630062009200a300cb00cf01160131013f017201a301a401a301a801b901c401d301fa02040232023e022e021b0228020e0206
MIC 022464 01e9020301fa01e901e201e801d801de01bb01d3019001ad0189019c01650149010d00f900cf0090009c0093007f004400550018000cffe3ffe8ff9bff88ff78ff6cff4bff5fff13ff22fea1fe98fe7dfe66fe4efe6dfe52fe14fe00fdedfdfdfde9fe18fe09fe1ffdf2fdf5fdc7fde7fdcffdf7fde3fe01fe0dfe0ffe2dfe24
MIC 022528 fe2efe7afe88fe9efed1fef3ff10ff2eff57ff4eff62ff5dff8aff71ffa9ffc6ffe80004003c0017003f004d0084009600be00fe011b00fe011f0124014b017701a401cc01e301ce01e5020001fc01d801d801dd01da01d901f301ff0202021701e401f801d701d701c001da01d001cf01af018a0147012400f900f900d600bc
MIC 022592 00a9008900470033002d002d00110007001dfff6ffccffbbff9bff61ff59ff15fefdfee4feddfeccfedffeb3fe8bfe68fe60fe32fe25fe21fe29fdfffdf7fdf0fddefde5fdd8fdedfdfbfdecfe11fe07fdfdfde3fdf8fe16fe10fe3cfe64fe92fe76febafed1fef9fefcff31ff52ff7bff96ffd3ffcafff6ffd70001000f0045
MIC 022656 006800a200cb00c700ce00c200cf00df0105010e014a01700183018f01a0017f019b019001a701a301bb01b701df01d901c301e001fd01f901de020801ca01d801d901cf019d01a70196019d018c01810178014b012b00fc00cb00a1009c008f00a0008a0073005000400012ffe4ffbfffcbff77ff67ff4fff4afeeffef9fee6
MIC 022720 fed0fe91fe83fe65fe6cfe4cfe62fe68fe4cfe21fe24fe07fdf6fddbfdfdfdedfe08fde5fdeefdc7fde9fdc3fdf9fe21fe40fe1efe76fe70fe74fe75feaafeb0feb7febcfee5ff11ff2eff46ff78ff99ffa5ffc9fffb0001002100530056005f0065008900a600c500f4011b013a0133014d016801a1016a01ca01cc01d801eb
MIC 022784 0218020a02220230026002510257023902170203020601c001cd01db01ca01a201c801ae01ae018c01a0015a0141012000f800e400ba00bd00a2008b00690043002dffffffd2ffb7ff9bff8eff38ff20fee5feeffebffec1febefea4fe70fe7afe51fe2bfe04fe27fdfcfdf9fe1afe27fdfefe0cfdfcfdc7fdc2fdc5fdf3fde3
MIC 022848 fe19fe29fe37fe36fe70fe51fe5ffe82fe8cfe83feb9fee0fecdfee5ff15ff1aff0dff7cff7bff89ff8affc2ffdf000a000a00270040007a0072007e00a700c500cf00f6012701190121012f014b01320121015701680168018a019e01c501d701e1020501e101f101f601fe020401f2020601eb01df01b601c001cc01ae01a3
MIC 022912 01920171014500ff00ff00d000e500b600cb00b300aa0055006b0042000cfff00026ffc9ff91ff84ff45fefcfef2fed8feb0fea7fe95fe8ffe80fe7cfe69fe3dfe38fe3afe33fe59fe3efe50fe57fe2afe15fe0afdfafdd9fde9fdfbfdecfdeffdf7fdf3fdf4fde7fe0dfe15fe37fe65fe73fea0feb8feb8fee4fedaff0fff0b
MIC 022976 ff5cff62ffb2ffc6ffdfffcd000efffb0052006800b300c100f800eb00fc013f0132014f016c0165015a0176017201aa01aa01bc01e001f001c60205022c022d02220247023b0216021c022b0239023d0242020701f501d001a70173016d013a012b0111011900f300cc00b3009600740063004400210000ffeaffbaff92ff82
MIC 023040 ff6eff3aff4cff3fff1aff0bfedcfed6fe89feb7fe74fe6dfe47fe4bfe35fe22fe23fe07fe02fde6fdf2fe0afde1fdf3fdfffe03fe08fe08fe35fe32fe22fe44fe5afe62fe64fe7cfe99fea6feb7ff23ff1bff5cff6eff68ff55ff61ff6eff93ffc2fff2000b00350060005500770078009e007b00c600db0111014a018501a7
MIC 023104 018701ae01c601b001b001e40204022e021d022f021a01fc0201020f021d0243021e021302140219020f01f901fa01c701a1019901af014b014f0133011200f100ee00dd00c100a400a6007e00800057002100300000ffdafff7ffddffaaff73ff6aff01ff08fed1fed4fe96fe91fe61fe5cfe3efe27fe09fe2efddefdfbfdf8
MIC 023168 fe19fe17fe12fe24fe02fdf9fde2fdf5fe12fe3ffe30fe67fe63fe82fe38fe7afe50fe7afe8cfeaefec8fec1fec4fef1ff13ff23ff3bff7dffc4ffc900140045006d0067007f00b000bb00c401110141014501510182015c01430159017e01ac01c1020901f401f801ee020e020f0201020e0244023e024d02570245021001ee
MIC 023232 01c301a901ae01c8019001a40196016f013a0147010600f900ce00ea00df00a50078007c0065005700230037ffeeffbcff8bff7cff60ff3dff52ff25ff36fefbff1bfecdfeccfe96fe9afe6dfe52fe37fe4cfe23fe20fe0afe02fe05fe11fdfbfe01fe07fdfafe32fe1efe33fe12fe25fe20fe34fe30fe48fe3ffe5efe54fe52
MIC 023296 fe9bfea9feaffedefef9ff25ff42ff71ff9affacffcefff8fff90018005e0079008f00ce00c700d600c900e400e100da00f901260133013b015f014f0169018801a701ad020a0217020a022f025102350222024a024e023f0252024e023101ff020601b001be018e0181015e0164015e013d012f011100f000a90085005c0056
MIC 023360 002f002d000efff3ffcaffe5ffaaff7bff65ff5bff4aff1afefbfec2feb8feb0fe9afe9efe96fe6efe60fe40fe17fe12fe20fe16fe08fe00fe10fe16fdfbfdf6fdf6fdf0fdeafdb9fe06fe29fe1dfe40fe7afe71fe87fe85fe79fe80fe68feaafec4fef7ff03ff53ff66ff9cff7dff9cffcefffa000d004f006d008e008e00c5
MIC 023424 00d000cb00e9012101220121014a014f015f017d0177018501ac01dc01da0231023f0230022a0231021a021e02250222020101e801dc01cf01b901c201a201ab019b017a016d0151014d0142014b011500cf00d900c3006c006b003e000bffb5ffc3ff9fff73ff7bff7fff61ff1cff0afed8fecffea3fee3fec7febbfebefeb6
MIC 023488 fe50fe3afdf5fde4fde1fe20fe08fe17fe1efe16fdf9fdeffe04fdf1fdeafdecfde6fdf5fdf8fe17fe54fe5afe77fe68fe8afe87fe7dfe86fe9ffeb2fee7fef7ff1bff32ff5bff97ffabffbaffce0002000c002a0040007e009600c301140114012f01450131015e0180016e01ad01e0020601fc02230220020c01de01f201f8
MIC 023552 01eb021402290225021001ed020201c701bf01b701b0018a018e01700167015101380104010a00fc011f00ee00f300b600a00049004f0040000effd7ffecffbcff97ff7fff85ff47ff3eff3eff34fefafeebfee1fecefeb5fe96fe87fe73fe54fe4ffe4dfe10fe21fdf3fdd8fdb0fdbdfdbefdd8fddcfde2fdd1fde2fddefdd1
MIC 023616 fe10fe42fe5bfe76fe91fe8afeb1fe80fe99fec1fed7fedcff19ff32ff3aff3bff77ff94ff9affb8fff6000200460032009200a600ab00d1010f00ff0151018101b1019901b601b901b101c901d90213020402250220021801e001ee01f1021e020b02390224021a020c020601cc01f301eb01ba017401a40155014c01380143
MIC 023680 010b00e400f900d900b5009500ba007f006f0048005f0013ffeaffddfff7ffc1ffa7ff7cff5cff28feeefee2febdfe9ffe94fe60fe5dfe55fe28fe33fe47fe2dfdfafe04fe00fddffddbfe31fe23fe0efe0bfe13fde8fdfdfe04fe13fe02fe0ffe21fe43fe6efe6afebefed3fef1feefff14fef2fefaff06ff54ff48ff92ffc5
MIC 023744 ffe5ffe300000028003a005d009e00be00c000f801190115012f0149015701550178017e01ba01b1020201fe0211023402290205020d0224022002350225020501f4020101ed01d501e101cc01bd01bb0167015501270123010200d100d700e900be00b3009c007d002f003b001dffe1ffccffe3ffbcff80ff7bff5bff47ff24
MIC 023808 ff1afee7fedffec2feb2fe62fe79fe56fe3efe2cfe3afe0dfe0ffdfafe06fdfbfe06fe10fe00fdedfdfcfe0afe2cfe1cfe23fe2afe27fe40fe3cfe59fe7ffebdfebbfef0fee6fefbff0eff27ff2dff3aff89ffb6ffd6fff2001300160029001c0034003e0068008b00cd00d10109010601450127016c01710197018901c801c1
MIC 023872 01ed01e501ec01e701db01bb01db01e501d101da01d5021a01ec01e5020101f501e001cd01c401b3018a0162015301480110012700dc00d0009f00b200a300a8008c00760051004c0004fff3ffc9ffbcff77ff90ff51ff4fff21ff31ff00fed5fe9afe7efe94fe5dfe5dfe61fe4cfe17fe37fdfdfe00fdd2fe09fdeafdfbfdda
MIC 023936 fdeffdbafdc2fdcafdeefe10fe2efe3bfe6afe69fe7afe8efe87fec4febafeddfec7ff04ff06ff36ff33ff78ff53ff6affb1ffceffe40020003000410054006400ac00cc010f011b0133013b0121013b014e015a01810196019a01b501a501b601e9020702030210020a01e801f601ea021c01f7021101fc020d01cd01c601bc
MIC 024000 01bd018101c101a101980166016d013800f300ef00b60085009300a200510063004f0008ffe8ffe1ffb7ffb2ff97ff8bff60ff3bff1bfeecfeaafea7fe9afe97fe87fe90fe8ffe5efe2dfe26fe25fe27fe26fe12fe49fe10fdf9fe05fe43fe07fe20fe2efe42fe07fe03fe25fe26fe59fe7ffe74fe88fe83fea6fecdfee9ff0e
MIC 024064 ff24ff4bff63ff60ff7cffd7ffcf000800070050002b006f008b0093009c00f5010e011f012401460150017a017f01a8019801ca01d7020501ff021601f601f201e1021001e701f0021c01ea01f1020601ea01d801c901b601db01b201dd01b801bb01a201a4015d0162012a010500e600c500b400740066008f0046005a002e
MIC 024128 fff3ffc1ff94ff58ff34ff1fff34ff4aff0bff06fed1feb4fe62fe54fe3efe1bfe1ffe45fe30fe0afe20fdfbfdedfdfcfddafdf2fdfdfe16fe1afe33fe5afe25fe1ffe3dfe58fe2cfe48fe55fe7afe65fe92fe9afec8fee9ff10ff28ff70ff67ff81ff83ffc5ffc00013002900420039007a009600b200b600e800e300e60117
MIC 024192 0142015d016701940162016a01a101a601cf01f602070203021802410210020f021b01fd0208021a021b0215021201da01e801af01ae019801b1016e018c016f019a017201690158011b00ff00a60099006a005800080026ffddffacff83ff5bff33ff1eff2cff31ff10fefbfed0feaefea0fe65fe69fe6bfe6cfe59fe53fe40
MIC 024256 fe39fe0afe0bfdeefde6fdebfe19fe2ffe1dfe16fe12fe19fdf4fe0afe0dfe25fe47fe90fe6ffe81fe75fe68fe65fea7fecdfedcff1dff45ff52ff7dffa2ffa5ffd00008005c004c007000810070005c0086007e00a900d000ff0142014e0157016d0172016001530161018201a001b501d301e001e201d101d101fd020d0211
MIC 024320 0235022001f9020501f301f201cb01e201af01af0195017b0162017501540144011b00fe00e300b800b80094007a006f004c00260018ffd9ffddffadff8dff47ff43ff06fef3fecafeb4fea6fe97fe55fe38fe1afe2ffe0cfe14fdf7fdf3fdd6fdb0fdc5fdbffdd0fdcffe03fe0cfe0bfe27fe54fe65fe7bfe9cfea2febffebf
MIC 024384 fec5fec3feeffeebfeeefef2ff1fff21ff2aff5dff7eff73ffa0ffb7ffcafff4fff8000c002e002d005f007100c600e000ff01200126012b012e0160016201ad01b301c901e501e802130210021e0203020d020f0208020d0201020c01fa01dc01cd01c4019d01b001c601ca018c018d0170014701150136011e010600ce00d1
MIC 024448 008600560047003b001d0002fff3ffd1ff96ff68ff52ff49ff2eff0cfee8feebfebbfec0fea6fea5fe7efe65fe4efe3bfe20fe02fe16fe23fe1cfe0cfe3dfe30fe25fe25fe47fe39fe21fe3efe30fe39fe0ffe39fe33fe43fe39fe52fe69fe64fea3fea8fea2fed3ff03ff10ff34ff7fff7bffb4ffb30006fff0001a00380064
MIC 024512 0062009a009000c100c000d500fb01190143014e015b014b017b019401a001b501f201f30216021e023902070240020702290208020e01e1021101fa01df01c001d301b801a401a401a0017a01490153012c012800f5010f010700e000bf009b005c00250004ffdbffbbffadff6eff51ff4fff36ff2fff49ff19ff10fef5fee1
MIC 024576 febbfea0fe90fe68fe4bfe30fe1ffe0afe11fdfbfdfafdf4fe02fdcefdc9fdc1fde2fdbefde3fdebfdfefe02fe22fe29fe2ffe20fe52fe63fe68fe82fea8fee0fef9ff2aff3eff49ff49ff77ff8fffc7ffe8001f0035005b00330061004a006a008600bf00fc012a0142017b017101930172017e018b018d01bc01e401f50211
MIC 024640 02260223021201f201fe01f402040204020401ff01f601de01c201bb019901a701a5019d018401490142011100fa00d900f300da00c200990081005300220026fff7ffe8ffe4ffe8ffb4ffc3ff59ff61ff08ff19fed4feeffed5fed1fea8febefe97fe66fe58fe36fe30fe29fe1cfe16fe0bfde8fdcefdd4fdd4fdc1fdeefe15
MIC 024704 fe24fe4cfe59fe55fe6efe4efe67fe62fe95fe8dfec0fedffee8ff16ff4aff45ff47ff76ff97ffc2fff600070001002d003a004f004c00a2009e008d00cd00cb00cd0103011a011c01220147015e019f01a301c601ab01b701bc01b501fd01e501d901dc01ce019a019701af01b201b401c001dc01cb01a201af0185019b0177
MIC 024768 0185015f01660136013800d9010a00d700b700950094004e0035002c0001ffc4ffaeff97ff65ff37ff13feecfef5ff01fedbfec7fea1fe8afe68fe3ffe42fe55fe3cfe42fe30fe12fe01fde1fde0fde9fdd9fdfafe00fe3dfe16fe10fe26fe25fe2afe4afe73fe8afe71fe93fe81fe62fe6efe80feb0fed4fefbff18ff61ff70
MIC 024832 ff95ffa2ffc9ffb5ffe00027008e009300d300e000ee00cd00fd00f30114016001710182018c01ca01bc01cc01d501f301ec021b01f8021a01da020701ee020401e701fa01fe01fc01e001e201b0019b019d0180018a019e019c015401560135011d00e200e000c700b4009600840050001efffcffe7ffbcffc1ff9bff73ff3d
MIC 024896 ff41ff20ff04fedcfed7fed3fe9dfe8efea0fe9afe63fe4cfe3cfe1bfe09fe0ffe08fe09fe05fe1dfdf5fde6fdcdfdd1fddefde4fdf7fe12fe10fe16fe09fe45fe50fe61fe8cfebafec8fec8fee6fef5ff1cff21ff5dff7aff94ff9affb8ffdffff90016002b003a004e00810092009a00c600cd011b010f0110013d016b018a
MIC 024960 019401bb01d301ae01b201bb01d001d701fc021e020c0217021b021801fd020101ed020f01e701ea01d501dc01b101cb0195017c014a014b013f01350113011800e400d60098006100440024fff2fffdffefffe3ffb4ff9cff86ff63ff59ff3dff54ff01ff11feacfecdfe89fe70fe78fe86fe42fe32fe15fe41fe1afe1cfe3a
MIC 025024 fe2afe22fe03fe08fddbfe00fe09fe2efe39fe4dfe31fe1cfe15fe3efe33fe59fe6efe85fe72feadfee1fefaff18ff63ff92ffa6ffdaffd3ffe7fff7002a001e004b006500a9009c00cf00c500d900f200fa0105011b01380165019801ac01a901ba01b801cd01e501f0020001f901e501af01c901c201bb01b401ba01b901c2
MIC 025088 019a01c701a601a301ac01bf01a50177015d014d013c011000f100d500a30085006800760060006100540012ffe9ffe5ffa7ffaaff6fff50ff2dff25feeefebdfeaafe83fe5dfe48fe3efe17fdfcfdcdfddffdd6fddffdd8fe01fe05fe05fe18fe0cfe11fdf2fe08fe19fe13fe32fe65fe6bfe82fe62fe5cfe36fe63fe90feb7
MIC 025152 fedafee1ff14ff13ff44ff37ff67ff81ffa7ffb1ffd80020003b00520087009800a600b200dd011f011f0148015d019b0184019201b101b3017601a101d601ce01eb01ef0212020802200218023401e9021901ef020601d701e501d201e8019b01b9019401a2018c017f01660140011800f100f700ae00ba008a00b500720068
MIC 025216 001d0034ffdcffd5ff9bffa7ff8eff77ff62ff36ff06fef6fed6fecbfe9bfe73fe8efe60fe60fe29fe0ffde9fde2fdccfe06fde7fdf8fdfbfe14fe24fe0dfe02fdfcfdfafe00fe2bfe28fe21fe21fe3dfe6bfe68fea1feadfed6fee7ff13ff0aff20ff1fff4fff68ff9affb3ffe6fffafffe0032004a0070008300b300bb00fb
MIC 025280 010d01330124015301500140016a017f0190019a01cc01ed01c601e501f301f101e801fd021d0221022f020e020801f901ee0200021d01db01c801ce01a9016b016d0170012d010e00f400e000ba00cf00a4009500980058003b005d003700310028ffdaff91ff6fff50ff2dfef0fee5fedffea5fea7fe6bfe3dfe28fe34fe30
MIC 025344 fe2bfe22fe4bfe29fe2efe36fe38fe17fe04fe25fdfafdecfe25fe26fdf8fe0efe54fe4afe42fe5dfe62fe70fe83fec5feaefeb5fec8feaefee8fee0ff1aff42ff5dff4eff7aff7effc6ffe400120024003f006a008200c300e900e600ed012e01150147019801b901c301c701a701a5018f0188018a01bb01d601cb01d801d2
MIC 025408 01a501a201cd01be01d201af01d801ba01bf019301a70182018f0148015e0165014e01340130010f00e200bb009c0071007d0077005e001a0008ffd3ffd1ff89ff74ff71ff47ff4dff29fee4febcfec4fe9afeaffe9cfe80fe5dfe61fe3efe33fe18fe15fdfdfdf9fdfafe1efdebfdf1fdcafde3fdabfd9ffdb7fdc7fdd1fe05
MIC 025472 fe1dfe28fe1cfe3afe57fe73fe9cfeaeff00ff27ff1aff4aff49ff65ff67ff93ffaaffc8ffd20003002d00390053007600c800cb01090137016b01470189019401bd01bd01d601f4020601fb021d0222020b020c01e9020c01ea01dc01f701f901e001e001b501c101c501f401c101ce019f017d0182016c01470133014d0110
MIC 025536 00ee00e300c400840074006a0067004d00290012ffe3ffc5ffcbffc1ff90ff40ff28fef1feb8fea9fe9bfea1febcfe80fe8efe71fe57fe3bfe25fe25fe11fe1cfdfefdedfdd8fde8fdd1fddefdebfdfcfe01fe1dfe2efe2dfe27fe58fe51fe4afe6dfea3fec7fec6feecfee5febbfec2fed3ff07ff19ff72ffa7ffbeffbffff8
MIC 025600 0019002000130069007000a500ce0126011b011a014c0142013901560183019f01dc01f6020201f101f601e201e101eb01f101d20211020b0203020701f301f301bc01d901ae01c501b801a2017f0183016f014b01500145012c011800e80096007c0075008a0079006b00740029fff8fffaffc1ffa6ff79ff3cff23feecfef4
MIC 025664 fedbfecffedefeaefe96fe7ffe81fe4efe4cfe55fe72fe02fe1efe1afe0cfde4fe12fe1afe1efe1dfe20fe0dfde0fdf4fdeafe10fe2bfe35fe5bfe79fe8dfeb4febbfeedfee1fedeff24ff69ff6cff8dffb0fffaffc8ffedfff800160015005e00720074008c00b200b200f7010d013d0167016c0193018b01bb018501b601d7
MIC 025728 01fb01ee020c022e022a0202020301ef01e201d101c601e401d201ec0200022901fc01ed01b701aa01760183017301770147012000f800d00083008500880095006d007700550034fffdffc4ffa8ff8aff50ff46ff21fedcfec8fec6fedcfebbfeaafeabfe8cfe9bfe7dfe66fe5dfe3bfe05fe1ffe0cfe00fe05fe29fe07fdd8
MIC 025792 fddefdf4fdebfdd9fe17fe14fe20fe2afe43fe1bfe33fe6cfe7bfe88febcfedbfee0fee2ff18ff42ff4bff72ffa4ff9eff9affe3ffe900040036007b007200a900f201210137015c0165017b018601bd01d201ce01b401d001d701e601ff020f022201f4021a020e01ee0221021201e401f001c601e201b701cc01c101cf01b3
MIC 025856 01bf017301870147012e011a010300e900c000b4009e0074005f0053003c001cffe3ffcaff99ff99ff61ff90ff60ff60ff3eff38fee3ff14fec3fed3fe75fe8afe61fe58fe49fe3efe1efe16fe12fe05fdf9fdc7fde6fdd6fdfffdf4fe03fdf6fe24fe10fe4afe39fe67fe5efe8efe8afeb1feaafee3fedefeffff12ff10ff3f
MIC 025920 ff31ff7fff73ff99ff9fffebffd400080035002d004a007b00ae00ee00ed01250134013601440168017901b8019901f101cf01ee01de021a021a024702030244021f021e020d022f0211022501f1021901e201d001bf01cf01bc019b017d015801370120011000fc00fb00dc00b9008f0078003700320039002efff7fff0ffcc
MIC 025984 ff91ff7aff64ff5eff45ff32ff0fff04febafe9ffeacfeadfe60fe62fe54fe3efe17fe20fe0bfe08fe05fe09fe0bfe1ffdfefe00fe1afe1efe1ffe09fe1afe06fe29fe44fe69fe5bfe8cfe86fe91fe9bfecafec2fee2fef2ff27ff35ff2fff62ff90ffafffe2fff600290028007b007f0086008d00c500a900ca011301540165
MIC 026048 017f01b80187018b01b301c901bc01dc01f501f201cb01e201d301dc01b801f001e901e701d901e701d401cb01cf01bb018801780170014601450136013801280119011500e000c0008c008900670066004c002e0025ffeefffcffc6ffceffa9ffa2ff63ff4eff40fed3fec8fecafeb5fe9afea9fea3fe7cfe21fe2ffdf3fe1a
MIC 026112 fdd9fe15fe01fe32fe26fe43fe37fe20fe1dfe27fdfcfe0cfe12fe2ffe63fe78fe7afe71fe65fe84fe63fe9cfec1fee6fec0fee5ff26ff18ff24ff5aff7dff75ffbdffe2fff4fffe00500089009c00a600da00e200f2013b013d01560188018f01b301ae01d801e201e501e901db01dd01e901ef01c101d401c801e801cd01dd
MIC 026176 01f201fa01c401f401c501cf01ad01c501ae01c101710175012e010800bb00c200aa00a90090009600490039002affecffeeffc4ffb0ffb5ff9dff5fff50ff2afee1feacfed2feb3feb1fee0fedbfecefe9dfe5efe32fe23fdfbfde8fdeffdfdfdebfe05fe08fe10fdfefe0efdedfddffde3fdedfe1bfe56fe4afe5bfe84fe96
MIC 026240 fe81feb0feccfeb4fed6ff1cff05ff0dff5fff60ff79ffacffec000500330041005d00440094009700b000da010000f80138014401470152015701580143016901cf01d301e8020a025c023302370258025c02260227021a021701f401fc01da01d801c20197017a0172017d013c0160016a01350123011200c100ba0085003f
MIC 026304 0015004a000500120006ffe9ffc5ffd7ff98ff6fff56ff4aff3eff07fef3fed2fecdfe9dfec4fe9ffe80fe53fe63fe21fe02fe0cfe00fde0fe0efe0dfdeefe17fe19fe0afe05fe1efe06fdf2fe13fe16fe13fe46fe5afe39fe82fe76fe95fea0fec4fedcfee0ff01ff24ff45ff4dff9eff62ffaaffaeffeeffef003a005300a9
MIC 026368 009500e500f4011001150167017701a9018901bd01a5018e01a701ac01bb01f402020211020001fa01f701c501e901e40208021101ff01d201e801ac0191019a01a3019e017d01800151016e0129012c0116010700a300a200890066004a0049fff9ffe7ffccffccff98ff88ff85ff5fff50ff43ff23ff05fee2fecefef7febe
MIC 026432 feaafe72fe7afe35fe30fe08fe06fdf6fe06fdfbfdfffdeefde8fddbfe09fdd5fdd0fdf4fdf1fdf6fe27fe46fe47fe4afe44fe46fe4dfe76fe8dfea2fef8feddff06ff15ff42ff32ff67ff9cffcaffff00330062007b0097009700ab00c600a800c500cf00ed01000136015e017d016d0196019801bb01d401e801f301f101ff
MIC 026496 020d0222022e023c0234020b01ef01e101d301b701c701b401c601a90184016a01530144014f01420165014a011b00ec00eb009900820068005200100015000fffccff91ff94ff5aff31ff10fed4fec9fedbfec5fed7fec2fea4fe94fe7ffe8cfe74fe77fe53fe5bfe22fe29fde6fe01fddffe00fdeffe08fdfdfe14fe2afe02
MIC 026560 fe23fdfbfe22fe00fe2cfe34fe98fec7fefefefaff35ff0fff25ff29ff2aff0fff3bff5cff8cff81ffaeffcb000c002a0050005e007f0096009200d4010101170127014b018c018a019601b8019d01c001dc021c021a022e021702240204020701ea01f901fe01e401e5020701ea01f601e601db01b80179016d015801490149
MIC 026624 017c0156015d0122012b00ea00f200b500b6008e00770016000affc4ffa0ff69ff44ff14ff03fedefeabfeb6fe80fe92fe57fe64fe4ffe5bfe55fe63fe47fe5bfe2ffe2efddffdedfdc2fdecfdcbfe03fdf4fde5fde3fe02fe11fdfbfe22fe65fe70fe6ffe88fe8dfe9bfeb0fee1ff16ff39ff3eff62ff4eff5cff4dff99ff91
MIC 026688 ffb5ffe6ffff00190065003f005f0069007b008b00d800f70116013e016701620166018b019f01ab01b401f301f401f801db01f101ce01f00214021301f0022b01f201e901e2020001df01b901a601930191019e018d017a0171014a012a00e700dc00d100db00a100a9007d00560016fff8ffbdffa3ffacff91ff7bff58ff2c
MIC 026752 ff20ff1efefbfeebfecefebcfe84fe9efe78fe70fe5afe61fe3efe37fe4cfe54fe49fe44fe1efe00fddbfdbefdb5fddafdddfdd2fde8fdfffdd3fde3fe32fe39fe36fe94fe9dfec4fed2fefdfefeff26ff5eff77ff73ff91ff93ff9dffbcffc4ffdeffdd001e0055008c00b500eb00fb010a01290135011d015a016401750183
MIC 026816 01bc01bc01c501cf01b001be01d401c701e1020101ea01eb01fc020d01fa01f501e901d601df01ee01bf01ca01b8019e019f01820149010d00f400f100a200860084006100460008ffe1ff9aff87ff91ff8aff88ff76ff86ff5aff6aff3dff34ff10fee6feb3feabfe88fe72fe62fe37fe26fe0afe14fdeafe06fdfefe14fdee
MIC 026880 fdf8fdf6fe01fe0bfe26fe37fe4afe66fe6efe5cfe33fe6afe75fe8bfe85fec5fea9fedafee4ff1eff1cff62ff41ff67ff6dff7bff71ffa7ff9fffbdffce000200220053007800ad00f000e1012b013c0166017101c201c301b201bf01cb01ce01d301fe022602140224022601f8021501cf01fb01e401d2019c01d901b701b7
MIC 026944 01b701db01c0019a019d01870186015c0166017401620131010400fe00ae006e0064004effedffbdff9bff93ff5dff5cff3aff2ffef1fef1fedffec3fe9cfeacfe8cfe87fe8bfea3fe81fe6afe7cfe58fe2ffe2ffe24fe0cfe4afe1efe1efe1efe31fdf4fdfafdfcfe0afdf3fe3dfe67fe66fea1fe9efebafe9bfe90fe87febc
MIC 027008 fec1fef0ff12ff4cff6cff5bff71ff9fff91ffcb000100280023002f0064008b006b00c400d7010300fc012801340140014b0185016801ab01d901d601f701fe020801f6020301e9020402100236020201fc01d701c401b401dd01c401f401d701d301b4019f016601730146013d0105011400fa00c300ae0082007b00500046
MIC 027072 fff7ffe1ffadffb6ff98ff70ff51ff28fedefec8feadfed0feb2fecbfeaafe65fe60fe55fe35fe37fe3bfe34fe49fe3efe59fe23fe3dfe36fe2dfdf8fe12fe10fe24fe1ffe3cfe2efe08fe0cfe25fe34fe5ffe95fecefeeafee3fee7ff02ff17ff4bff57ff7effadffb6ffd1ffe100140008002a003a007c009900c500fc0140
MIC 027136 015c017c0182017f015f015d0178019701c801c201d301cc01ad01bd01b001e001fd01ed01e601dc01c801bd01c901d001d001cb01d501ba01a401800169014a0149010f012e0110010100e100df00cf00ab006e0060002f002800280004ffdaffcaff9eff84ff73ff3dff35ff2dff0ffed3feccfe93fe82fe4ffe4cfe35fe3e
MIC 027200 fe52fe49fe1cfe15fe04fdfbfdc8fdd1fdd4fde2fdfdfe2cfe24fe33fe24fe46fe44fe53fe4afe72fe7cfe7bfeaafebefec3fecaff1eff10ff4eff5dff84ff70ffa5ff9affceffb1ffefffe1003c003200630064009400ab00cd00eb0120015a01570166018b01bc018c01b801cf01f501f2020401ed020d01ef020601f401fc
MIC 027264 01c201b101ef01c101df01e8020201eb01f001c901ba01a201ad0181017f014a0115011a010b00ac00ad00b700af00830075004e0015ffd1ffddffb2ff94ff62ff7fff4fff34ff24fefefea6fe86fe7afe56fe40fe2cfe19fdf0fe21fe05fe17fe0cfe25fdf0fdfafdd3fdcefdcdfddbfde4fdf5fdfcfe1dfe3afe39fe3efe3d
MIC 027328 fe50fe60fe60fe6bfe9dfeb8feeefefcff24ff16ff4bff63ff93ffa9ffe7ffd5ffec00040023002b0040004f0089009d00b400d200e3010501300134016801860186017701ca01d001ea01ea0217020b0213023d0228020f022b0215020101ef01de01eb01d701d101ca01dc01c101a2019b016e015901500137011f00f400f8
MIC 027392 00ba00b1007e0073003c0047002400090005fff3ffddffa9ffa7ff7dff71ff0fff3cff18ff04fed1fecafea0fe86fe48fe4cfe3cfe05fe3bfe2afe39fe25fe22fe34fe26fe32fe50fe35fe36fe2ffe3ffe2dfe32fe22fe46fe2efe27fe34fe58fe7cfe93fea4fed2fefeff07ff37ff44ff84ff77ff9fffd6ffe1ffde00000015
MIC 027456 0032004000710088009f0083009c00b900ec00e701150143015b018201c001dd01fc01e801ee01f901ea01ea02180226021a021802270214020201f401eb01e101db01db01c801bf01b701a701aa017a015c014c011a011300dd00eb00960092006a00580037004000290014ffddfff1ffbeff9bff93ff57ff3cff2eff14fef0
MIC 027520 fee2fec3fe9dfe77fe4dfe50fe22fe2bfe2afde9fdf9fdddfdc5fdb7fddefdfafe23fe1afe47fdfffe1efe07fe23fe1efe53fe5cfe6afe85fe98feb9fea2fec9fedbff0aff29ff47ff4cff7eff6aff98ffb3ffb1ffb3ffeffffa0027004000760074009700b400cd00dd00ef0100010a013a015201af01c301fa020a02210252
MIC 027584 02640240022e023002180208020b021001ff020c020901ec01c901bf01a001ae017c017b0188019801a9019501b401710155012b0129010a00fb00e700a500610002ffcfffafff81ff96ffb5ff8eff6eff59ff2cfed0fecffe98fea5fe7bfe75fe57fe66fe38fe36fe39fe2afe0dfdf6fdf4fdeafe13fe1bfe2cfe2efe44fe0d
MIC 027648 fdeffdf6fdf2fe0dfe39fe4bfe55fe4afe7afe7ffe72fe7bfeacfeaafea3fedbff08ff23ff2cff5fff96ffb4ffccffe50009000e0004006200670072008b00ce00ac00e600e101050115013d015d018301c501f901e6020901f101e001ef0214020d02250230020a022901f801eb01ee01eb01ca01f101e101f001b501d2019c
MIC 027712 01af019501830153014c012e010600d700be008e00790057001cffe9ffcfffc4ffafff7fff74ff6dff26ff1dff09fed6fed1fed0fecefec2fe9efe85fe84fe5bfe37fe39fe29fe19fe02fe0ffe17fdf4fe13fe33fe1bfdfbfe29fe2cfe35fe0afe59fe2bfe08fe15fe2ffe20fe4ffe70fe91fea8fed3fecffef1fef1ff2cff52
MIC 027776 ff75ffb0ffc9ffdbffee002100250024004900730064009b008200b900bc00d8010001100131014501870196017d019d01ce01b601f202270252024a025d0239021f02050207021202060221022b021401e601c001b3019b0150014e016e01680169012b010d00d900bb009d008d006b005700250024000dffbeffa3ffacff80
MIC 027840 ff6eff58ff5eff3eff44ff0eff08fee8feacfeacfe93fe6bfe3ffe39fe04fdeefe16fe0efe0afe1bfe38fe1ffe31fe1afdfcfe13fe33fe25fe3cfe5cfe3dfe6dfe70fe74fe4efe79fe7cfea2fea0fec3fed2fefaff0eff09ff3aff5bff8fffa3ffe6fff2003a0017004d002a004e005300a500e20123013201730160015f0160
MIC 027904 017b017701b401da01e90208020a022a01c701f001f701d601ea020501f2022002150214020801f901df01dd01cc01dc01bd01a601a3018c015f01420131013b00f300c000c1009c0094007a0065003e0014ffcdffc8ffafff89ff66ff68ff61ff36ff40ff08fee2feb1fe9afe78fe55fe4afe5cfe5afe3cfe3bfe3dfe34fe14
MIC 027968 fdfefe0ffdfafdecfe04fe07fdfafdf9fe03fe2bfe1dfe43fe48fe3cfe33fe2ffe2ffe66fe8dfebbfee0fef1ff04fef2ff0dff22ff43ff77ffc0ffcefffc002300380052003b006300a400b10105011f01450150015801560162014d015a0177019701bb01ce01db01f301d801ec01f801e101fd01de020701fe01fe021a0212
MIC 028032 01c501c501cb01d301c001bc01a60188017a015b012f012e011000fe00d000c800a80087006500490013ffeaffe6ffc9ff9aff80ff6cff54ff4bff3dff4dff07ff12fed1feb9fe99fe84fe6ffe8efe5cfe9afe7bfe4efe43fe34fe06fe12fe0bfdf5fdecfe00fdf4fdd9fde5fdd1fdc7fdd8fdfcfdfffe50fe3ffe6cfe66fe7a
MIC 028096 fe92fecffefeff1dff48ff7fff91ffc30000ffeb001c004f004b002a006f007f00790080008b007e008d00a300cb00e20112013b014301740185018901a401c201c101c001d601fb01f901fd01ff020b020701fc0212020f0216022001ff01e601f301bd018301990198016701540182013100ec00ed00c700860093007e008b
MIC 028160 0045004200100007ffc7ffc2ff9dff75ff5fff2eff31ff19ff0aff09feedfec3fe9cfe76fe6afe70fe67fe5dfe5afe2dfe1bfdfdfdebfdeafe01fdfcfdf5fdfffe1ffe05fe03fe01fe18fe10fe22fe0ffe1dfe30fe52fe57fe5efe80fe87fec1fefcff33ff66ff49ff67ff88ff94ffd7ffe400190010004400640068008d00af
MIC 028224 00aa00f000f200ff0114015401430161018901a4019b01b901d601bb019701c101db01b101d501ea020301e6020c0215020d01d701ee01e401ee01af01d501d401aa019101970161014b012f00fe00c800cf00c700bd00aa008c006a00330021fffffff1ffe8ffdbffb4ff6aff5bff2fff0bfedefed6fec1fed0fe96fe86fe51
MIC 028288 fe46fe3dfe46fe23fe1afdf7fe09fe0efdfcfddffdf3fde9fdd7fdccfdf4fe0afdf3fe1bfe1efde9fdf8fdfbfe2ffe2dfe5ffe78fe74fe6bfeaffeb7fefeff15ff64ff87ffb3ffbcffe1fff3000a00100028003a0073007800ce00ec00f500e200ee00f800f5011d0159017e01b201be01a401b901cd01b001b201ce01c701de
MIC 028352 01ed01f401fa021a022c021d01fd01d801f301d501cd01b901940168016b016d014a013b014a014a01280120010b00bf00cf009700880040004effecffeeff9fffc6ff60ff53ff31ff09fefcfef4fed9feb8fec8febafeb0fe82fe9bfe73fe80fe72fe62fe36fe25fe0cfe11fde3fdecfddffde3fdcdfdecfdaefdc4fde5fddd
MIC 028416 fdeafdebfe28fe18fe6dfe78fea7fe9aff09feefff21ff39ff61ff71ff9fffb9ffd2ffee000c003d002b004f004f007000480083008f00b3009c010300ff013c0152018d0166017801aa01b1018e01c801fd01f00208023c01fd02190227020801fc01f301f901f4020001e801d701dd01ec0198017c017d016d0135011b00fa
MIC 028480 00fc00cf00d600d500be0088005b005900220008001e0010ffdbffdcffb8ff80ff58ff1ffef1fef7fecffea9fe97fea0fe76fe60fe7ffe65fe38fe42fe3bfe41fe15fe1afe22fe3ffe1efe1efe25fe0bfe03fddffdf2fdd2fdf0fdf9fdf8fdebfe22fe1dfe4dfe4efe60fe87feb8feccfef1ff14ff3eff59ff84ffccfff10031
MIC 028544 004c00520053004300430079008c009a00e60115012c014a01740177018f017e0199018201dc01ce01e101fc01ee01c901da01f101f1021c022d024c024502490243024601fa020e01f501f901ae01a601830172013701490132010300e100dc00d500bb008900810068002f001400170023ffe7ffc7ff78ff4eff08ff1cfee9
MIC 028608 fef3fee3fef6feb8feaffe97fe76fe52fe62fe4afe40fe4ffe45fe3efe4afe5dfe2efe59fe41fe26fe05fe18fe23fe22fe1afe18fe1bfe18fe2dfe0ffe35fe40fe62fe62fe90fec8febffeeeff1aff3cff30ff95ffa6ffc6ffd5ffeeffe10007000700450053009700bd00cd01180119013b014b01610163017e018e01970166
MIC 028672 017c017f01c3019301da01eb020501e301f201f101e601e001d801ee01fc020b01fd01ff01d701dc0196019301640166016b014c013400fc00d100ba0093007c0088007e005d004f002bfffbffc8ffaaff95ff64ff3dff34ff32ff0efee4febbfea0fe70fe4efe4dfe4ffe52fe52fe33fe40fdf3fde6fdf4fde1fdd3fe00fe1f
MIC 028736 fe1afe11fe0dfe01fdeffe0cfe05fe2ffe4efe49fe37fe7cfe76fe7cfeb1fec6feb1fed8ff07ff27ff27ff6fff65ff7dff78ffa3ffabffd4ffed00490056008b009300b500be00c500e70107014101550161018101ba01a901ba01f3020401d701f201e801e801c901bd01cb01c301df01e201f601f401e401d801e901bd01b2
MIC 028800 01980197017d017a017201560120010c00e000bb00aa00a0009a0092004b003a000cffe5ffc5ffa0ff8dff94ff76ff6fff51ff40ff1afee8febcfea9fe89fea6fe83fe76fe62fe40fe1dfe2cfe2bfe08fe4afe22fe45fdf4fe12fdd4fe00fe16fe3cfdfafe36fe33fe22fe09fe18fe45fe4efe6cfe92feb0febafefaff07ff20
MIC 028864 ff43ff3dff58ff71ff89ffbcffeb002900170036006c006f00ac00cb00fa010800f7011d0126014b018301a601aa01c301b801b001cf01f401c701f60208020d01c001e001f501c101e601f701ff01e901f101f401e501be020e01df01ba0192019c012e01210126010e00df00f000dd009c0077007c004700290012ffdfffbc
MIC 028928 ffbdffb8ff76ff71ff6bff44ff12ff06fee8fedafec1fed2fed2febefe8cfea7fea5fe9afe81fe82fe56fe13fdf4fde4fdd4fdb9fdcffdeafe05fddbfde1fde3fdecfde7fdeefe19fe21fe57fe8cfe99feb0fedefef8ff07ff04ff0aff30ff56ff7aff74ffabffb4ffd7fff3003b004500450074009c00a900b800da00e10101
MIC 028992 013f0175018401a2019201a601a501c401d601e101f9020f01f501fe01f501fa01e301f201e2020401f301f601f001dd01b501a901af019d01a801b401b9018101a2015f012c0111012900f200b200ad00a600850057006c00140000ffacff99ff83ff76ff39ff39ff1cfee9fed8feb4fea7fe92fe7dfe5cfe67fe64fe1afdfb
MIC 029056 fe15fdeafdaffdcefdc0fdd3fddcfe0afde9fdf4fdf3fdedfdeefdfcfe03fe3efe58fe79fe93febafeb9fed2fefefee0fef4ff1bff2dff3bff56ff89ffabffb0ffd6ffc1fff70009003d00490080008b00ab00b300d700cf00f501250138016c017801b901b701e301ba01f101e201f101c001ea01fc01f2020d023201ff01e6
MIC 029120 01ea01d901db01c001e501c201c401b101bb0192018401590167013a0139010700f600d100f400e100c700b7007e0030ffefffe1ffd3ff86ffa5ff8eff46ff28ff1afef6fecdfe9cfeb1fea3fe97feabfea0fe93fe77fe6afe43fe2afe0dfe0efe16fe00fdfcfde6fde9fdd0fdbffdd2fdf8fe05fe2ffe29fe40fe5efe75fe75
MIC 029184 fe6dfe90feaefe9ffed3feeafef5ff0eff5cff53ff67ff79ffd3ff9bffc2ffdd0012002b0052007e00a300ae00cc00d600bb00d200fc0105012d015e017a019301af01d501f501f3020801ef02140215020b021e02540216021c022601ed01ce019d01a601790173017101690167017f012f01500127010100e8011b00e300ed
MIC 029248 00bb00b6005b0065005000460026001dffb3ffa3ff6eff2dff26fef1fef5fee5ff08feeefecdfea2fec7fe8bfe85fe54fe5cfe5afe42fe38fe45fe29fe09fe04fdf5fe05fdf3fe01fdf9fe08fdcffe11fe07fe38fe10fe4efe79fe9cfe86fec4feb7febffed4fef4ff01ff15ff3eff4fff87ff9bffc9ffe40004fffa003b006b
MIC 029312 009200ab00d200cf00d100cf0115011b0150016b018d0195019a019001b701bc01e90205021a021d023001fc0230022c02320209021b01e001ce01c101d101a901b101af0194018501760184015f01660122011200cb00d0009400a400980091004100460004ffebffd5ffd5ff95ff8dff85ff6aff34ff2cff38ff18fef9fefe
MIC 029376 feddfebcfee5feccfeb8fe87fe8efe49fe35fdecfde4fdb9fddcfdcbfdd4fdc3fdd9fdcdfdd1fdf6fe04fe25fe13fe42fe60fe63fe94feb9fea0feb8fec1fed6fee2ff02ff1bff5cff63ff7bff84ffa4ff9cffe3fffb001b003900620060007800b200e5010701520162016e018501a601a001aa01c201bf01cd01f101e601ee
MIC 029440 02230214022e020d020d01f001ef01dc01e301c001d101c301c601af01c401cb01b0019901870179014701540155013801400140011800c900890065002c0009ffd0ffb4ff9cff7aff51ff49ff2cff0cfef4feecfed7febdfec3febffe97fe56fe6cfe44fe37fe1bfe33fe18fe20fe27fe29fe29fe21fe2ffe1cfe3dfe0dfe17
MIC 029504 fe27fe36fe25fe24fe46fe18fe33fe53fe92fe82feb2fed0ff1eff1fff22ff38ff4dff56ff81ffc9ffcaffcbffe8001e00150050008000c900da00e6010201290126015e0158016e018f01af01b701db01cb01c201e4021b020201ee022b023802300252026402460237020b020901de01dc01fb020301e501cf01b801920162
MIC 029568 0161014601440136011e00cf00da00b600920070004d0018001a0008ffecffd6ffbaff8dff5fff46ff10ff1eff1eff13fefcff0afea0fe97fe86fe8cfe4bfe4ffe4afe1efde4fdf8fdc9fdb8fdbffdbefddefde9fdd3fdcffde0fdbefdd8fde6fdfffde2fe0efe12fe32fe4bfe86fe83fed3fed8fee3ff2bff23ff31ff41ff83
MIC 029632 ff87ffc1ffe4000b001c0049005900780078009500b200e400e50112014e013d0151014e015f016b01910192019f01be01f601e5020b023201fc020a022b0214021002340234021801f101e201b601800188018a0157017e0149015d013001280121012a00f200eb00cd006c008600600043001e0010fff1ffbeffc6ffc4ff89
MIC 029696 ff84ff5fff18fee7feddfeb1fe97fe83fe93fe79fe33fe1cfe21fe13fe25fe2cfe2dfe1afe0afe09fdf0fdf5fde9fdf3fdf0fdfbfde0fdf2fdfdfe19fe02fe0dfe18fe33fe4ffe83fe67feb6fee7fef7fef0ff2cff3bff1eff45ff73ff5eff69ffcfffbbffd00017004c00390071009300d100e101180129013b013f016b0171
MIC 029760 0175018501a101b101cb01e701f202210221020101f60236020902310225022f0211021201f9020401d701c301ae01a0016b015501410129011c00f100e500d600cb00860094005e004900160023ffc9ffb9ff9dffb3ff80ff71ff63ff45ff13fedbfef8feecfec2fea7feb5fe8afe6bfe4ffe55fe32fe30fe50fe40fe25fe12
MIC 029824 fe04fe1afdf6fde0fdf6fdf6fe06fe12fe25fe3dfe29fe27fe1dfe4efe62fe65fe85fec4febcfec8fef1ff0dfeeaff2eff53ff78ff6aff8cff95ffa4ffacffe7002000450064008d00b0008400ae00e8013a0133017c01ae01ca01c601ee01ed01e901e401df01fc01f401fa01ef01e501cf01fb01e101ce01d101bc01df01dd
MIC 029888 01c901d101af01aa019d017d017401700172017e01660162010700ea00ca00ae0067005d00430012fff7fff8ffecffcdff98ffa2ff5dff3fff11ff10ff1afed0feabfeaafe8bfe3bfe5ffe35fe4dfe16fe42fe08fe27fdfafe14fe02fe15fe0ffe23fe11fe0dfe1ffe23fe11fe35fe30fe2efe54fe4ffe85fe6ffea2fe87fe90
MIC 029952 fe78feaafeccff17ff3eff86ff89ffa3ffcaffe8ffeb0022004d00550087005d0089009a00b800ae00cf00d400fc00f1012c012d014f0196018f019501bf01c801ee01fa0200022102120221022a0214022e0214020b020601eb01b901aa01a301bb01ae01a6018e0172012a0144013f0114011f010a010500b800b0009a007c
MIC 030016 00400048fff2fff0ffafffbfff9cff9aff64ff53ff26feedfed3fec8fea6febbfe9efe58fe50fe1bfde9fde9fdf5fdc7fdd9fdcffdf3fdaafdb1fdddfdf0fddafe0cfe36fe23fe22fe41fe3bfe41fe44fe65fe3cfe59fe87fe9dfedafee5ff26ff28ff26ff41ff49ff7affb3ffd5fff8ffedffff0025003f00620073007b0084
MIC 030080 00d100cd00ed0115014c0174015e0190019f01b501d4020b022202360232024d0239023b0248021a020a020601f901e901ea01bf01b301a901d101a7018b0175017901300141011600f500de00e200d3008f0089007a0056002c001bfffcfff1ffd2ffb9ff93ff98ff72ff4fff27ff14fed8fec2feb1fe92fe84fe51fe55fe4c
MIC 030144 fe30fe0efe21fe19fe28fe0ffe21fdeafe08fe1cfe23fe1efe4ffe18fe25fe27fe23fe1ffe41fe35fe55fe50fe88fe93fe9dfeb0fec9fec5feecff02ff42ff44ff6bffa8ffb0ffaeffccffd4ffc1fff80029006b007100b100d000ed00e9012601070144013f01750172019701a901c301b201fa01ee020702350243021f022f
MIC 030208 023102210214020b0225020e020101f101e601ba01b601bd01ac019001a201940172014d0138010c00da00a100a00087003e002f0012fff6ffaeff82ff6dff34ff09ff14ff10fee9fee2feb7fea8fe9afe8bfe89fe70fe6efe4dfe4dfe49fe44fe0cfe2cfe08fe26fe0ffe2efe40fe30fe26fe45fe36fe3cfe31fe49fe57fe4a
MIC 030272 fe3bfe4efe45fe3bfe56fe69fe7ffe69fe9bfee8ff00ff1bff4cff61ffb3ffcdffed000b00370043004e007600830069009c00b000a700e400fe011f01240154016701820180018b018801ab01b401c901e101f001fd01ca01fb01ea01dd01e10229020201d801de01d501b401bf01df01c60195019601920164016601580141
MIC 030336 012d00e500cf00b7007a0056003b0018fffeffbaffbbffb9ffa8ff91ffadff64ff33ff07fee8fec7febafeb2fea4fe6ffe5ffe36fe57fe62fe35fe34fe24fe0efe03fdf6fde5fdd5fddefdd4fddefdf1fdeffe05fe3efe50fe20fe4afe3bfe07fe19fe45fe58fe7cfea0feccfeccfee8ff23ff2eff4dff81ffa7ffefffef000a
MIC 030400 0036005a0076008900a700c400f4010c012001100126011c015a017b019501a401d401be01e601d401d101b901b901c001c701db01e101f001f1020201d101eb01f001dd01ee021f0216020a01e201c80192015c015c01780158013e010400e000a70082006800380043000afff6ffe8ffdcff96ff8cff9cff85ff32ff40ff13
MIC 030464 feebfecbfedcfe9dfe8efe71fe53fe31fe16fe00fe07fdeffdd4fdc7fdb9fdf4fdbcfdecfdecfe0cfe0bfe1ffe16fe2dfe23fe4bfe4cfe90fe92fec2fed8feeafeebfefaff15ff04ff1dff4bff73ffaeffbaffd4ffebffe8fffe002b0062009900c200d800ba00ba00d000f400f3010f012d0141015801600161017c019801b2
MIC 030528 01e1020601f301e701c801c601ce01d701dd02040204021b0241020e020901f301d801c701b401aa01ad01b4019e01670141010500c900d700ca00930085007b004f00330000ffd2ffaaff96ff7cff87ff6bff4fff41ff40ff08ff06feeefeaefea6fe86fe6dfe78fe71fe28fe25fe10fdfcfddafdfbfe01fe01fdf3fe1ffdde
MIC 030592 fdecfde7fdf3fdecfe0efe1ffe2bfe27fe43fe50fe71fe85feb4fec4fedcfedbfec6fef8fefaff20ff1cff4fff51ff8bffbb001b00220070005b007c0065007c008800ba00fa011f015b0161017b01590197019201da01c8021d020b024e022f026a021b0236021f02320228021b0204020301e901d401e601ad01a6019001a8
MIC 030656 019e019e0154013f00fc00f200c5009c00a2009c00830084005000400006fffe0006fff2ffcaffecffd3ffa7ff60ff77ff24ff12fee0fed8feacfea9fe8ffe7bfe99fe74fe62fe54fe2dfe1afe35fe0cfe16fdf7fe09fde5fdebfdd7fdedfdebfe2efdf4fe07fe02fe15fddffe26fe1afe37fe55fe94fea0fe96fee8fed9ff0c
MIC 030720 ff0cff50ff5fff7cff8cffd8ffe4003100310053006b00a400ba0104010b011f0128013d01690173018601aa01ac01a601ab019301c101ae01b101cc01d701e401ed020b020e01db01f7021601fe01dc021201f201d201df01c501990182017e01750149015c012200fd00c800a30066006400300010ffe7fffdffcbffa7ff95
MIC 030784 ff9aff68ff3eff35ff19ff0afed9ff05fedffed2fe8efe9efe84fe77fe6bfe8efe67fe66fe54fe49fe27fe3ffe25fe39fe52fe5dfe32fe12fe39fdeefdfcfe30fe57fe39fe5efe63fe5afe44fe71fe7efe7ffeb6fefdff03ff2aff5aff6aff5bff7dff9effa4ffd1fffd003100690091008d00a900d800ea00fd014c0166016d
MIC 030848 017f018901590154018d01ab01bd01f301de01f201e201f101d9021d01ff020e01f4022a0212020a020c01f0020401dc020101d001ba01b101ae018d016b01200125010600da00cc00cc0097009400640032002b0039fff8fffeffc7ff9fff93ff86ff47ff23ff22feeafec8fec7feb9feaafe8bfe93fe68fe4dfe34fe10fe00
MIC 030912 fdd2fdcdfdebfdf0fdf5fe06fe11fdf1fe05fe09fdfafe21fe12fe34fe23fe51fe3dfe3ffe44fe69fe52feb2fecdfee4ff0fff14ff5bff6dff81ff8fffccfff1001f00450096007d007800a700b300aa00fb01270150016e016c0179015101780178018b01b101df01e201f001e501da01e201f501e6021f01fc0226021501f4
MIC 030976 01e501d801df01c401b201d501c401b001a3016301480110011900e900f900ef010c00d200ba009500510047001d001300070014fff3ffcbffa4ff95ff4cff31ff38ff26fed6fecdfecffe79fe70fe5ffe62fe0efe08fe19fe0bfdf0fdfbfde9fde7fdbffdbdfdbefdd2fdd7fddffe03fe10fe0cfe4efe59fe62fe6afe7dfe79
MIC 031040 fe76fe82fe76fe89feccff04ff30ff58ff95ff9effb0ffd6ffe4ffd6fff7002e0040005c00a900d200dc00fd0121011301220143015b016e0184019b0194019b01aa01b501dc01d2021b020f0215021301ed01e401db01e201e501de01e101e501c501b701a901b4018c017f01610156013b0167013201260108011a00d200ec
MIC 031104 00bb00bb0098008300670027fffeffd2ffacff98ff5aff29ff1dff15feedfec8feb1fe81fe74fe40fe56fe19fe2cfe12fe0efdfcfe07fdd8fe08fde3fdecfe00fe1efdfcfdeafe0ffde4fdf8fde0fe32fe43fe6ffe86feaffe96fe9afea2febffec8fee4ff0fff2aff40ff60ff5fff76ff8dff79ff91ffb2fffcfffd0038004c
MIC 031168 005d008a009f00ab00cf011101440178017d018001a9019f01ae01a501e001e201f901f1021c01ed024a0219021a020201fb02040228020f021e0227021f01e201b801b701b201ae0198018601610138011100fb00ce00be00b8009f00610006fff3ffe2ffb6ffabffa1ff8eff6dff44ff31ff11ff17fefffef2feb5fea8fe7f
MIC 031232 fe8dfe7cfe78fe62fe52fe1efe04fdecfdf5fde2fdecfde1fdeefdc1fdd3fdcafdd9fde6fdfdfe1bfe23fe1dfe30fe4efe88fe94feabfebdfed5fee2ff0cff37ff82ff81ff98ffb7ffc0ffd4fff50027003600530041008e0068007500a900fa00e201130111014c01230165016b0183019301a6019e01a3019101a501ba01bd
MIC 031296 01ad01c201e301d901ee01f8022501ee020101ec01e201da01e501fa01e301cd01aa01940158013b0120010f00ea00f300bb00a400830071004b003e002d000fffe6ffccff96ff69ff43ff34fef2fedcfec2feb6feb1fe91fe8efe83fe6bfe51fe49fe4efe47fe48fe3afe3ffe16fe0dfdfbfe05fdf2fdf6fe07fe2bfdfdfe09
MIC 031360 fe39fe09fe34fe3ffe6cfe63fea0feb7feb3fea3fed5fedcfef5fef6ff13ff21ff4eff57ff80ffacffc30004002700560079008c00a300ec00f0012b0138016901530177019a0197018001a1017f017b0183018401d501e70223022d022f0216022301f1021801e2021a01ff021401d901e5018701a6016f016c0138014a0124
MIC 031424 01340114011f00f000eb00b900a70082006900580043ffecffccffaeff8aff5fff56ff33ff40ff04feddfec7fe8afe6bfe69fe45fe57fe39fe5efe77fe67fe54fe4efe5bfe31fe19fdeefe08fdf6fe23fe32fe56fe28fe29fe54fe31fe26fe54fe76fe43fe6bfe63fe9cfe8ffebbfeccfefbfeeeff1dff16ff61ff56ff87ffb0
MIC 031488 ffc1fff4001c003000370059005b00850088009700c900fc010c013f015401a401a501d801d501ef01da01f90201021702040205020e020501e8020b01ef01f601ea02000205020e01f401e601e401a5018c0188016a013d0147011c011900cb00a10088008200420044002f0025ffd20005ffe2ffc6ff98ff98ff7fff54ff2d
MIC 031552 ff1dff13fef3fea6febdfebbfeb6fea1fe96fe90fe57fe53fe30fe2bfe0dfdf8fdf2fdf6fdbdfdd0fdc6fdc6fdbffdd4fdedfdf1fe0efe1efe42fe58fe45fe51fe5dfe65fe85feaafec6fee1ff07ff35ff56ff72ff84ff97ffadffc5ffe9ffde0018001a00300063006b009d00d600e1011e00ef0109011701370138019c019c
MIC 031616 01af01a801ba01d801c501e201ff022c02170240023d021d01e2020d01d101cb01b501cd01c801c401ae01ae01c0019a01730149012a011800f200e900e900b200a1007a0070003f0037002a001fffebffefffb5ff95ff74ff4bff35feedfee6fecffec6fe9ffe8ffe74fe6ffe36fe28fe0efe3afdf1fdfefdd8fdf0fdb9fdb5
MIC 031680 fdaffdb4fdabfdb8fdf7fe04fdf0fdf1fdeffe0ffdfcfe27fe40fe76fe58fe7ffe8cfec7febdfeeaff1aff4bff56ff85ff9bffa8ffb8ffc0ffdcffe2000c004b0081008b00c600cb00f9010e0131014d0169017201ad01c701ce01c201da01dc01c901dd020601f1020a01f801f901fc01fa01de01e201e401d201c301b801a6
MIC 031744 0190018601850186017b0172016a01420102010d010000c300c100a90067007d005b00520014fff6ffc8ff93ff85ff7eff60ff7fff81ff3eff24feebfec2feabfe94fe8ffe7dfe6dfe7efe59fe3dfe3efe43fe35fe2ffe1bfe33fe11fe1dfe18fe0ffe03fe0ffe08fe1cfe1ffe3afe5afe49fe4dfe23fe4bfe5dfe8efeadfef6
MIC 031808 fee6ff2eff15ff3cff5dff6fff9effd0fff80021003500440083008200c900d800c900cd012301220150014c014e0142014d0169019801b301d401dd01f901da01e301e201f101dd01f201fa01f9020a01ea01fe0203020401d401df01ce01c701860182017201570126010500fe00f600af00ab00bb007f004a00370019001f
MIC 031872 00070001fff5ffafff82ff74ff69ff4aff2cff1dff06fec8fec2febffeaafe54fe59fe21fdfafdd9fde0fdcefddbfdddfdcafdd4fdf0fdfefdfafe13fe22fe20fe42fe4afe39fe3ffe66fe51fe78fe63fe7dfe82fe9ffeb3fed4fefefef7ff13ff44ff39ff55ff7eff9affc8fff1001e00420065007f00a900ce00e600f40106
MIC 031936 0111013a0134016b0167019c019001b801c101f201eb021c02250230020f024e0236022902220234021f0202021901de01ed01bd01d401a401ad01a101b0019201ae0179017d015b013100ee00b500a0008d007e00520052000bffeeffb4ff9eff7eff7eff4bff61ff25ff44fefcff1cfefffefbfecafebefe7afe64fe60fe3a
MIC 032000 fe3afe2dfe12fe0afe00fdeffddffddefdfffdf4fe1efe08fe1cfe2bfe30fe2bfe2afe2bfe30fe2cfe48fe69fe78fea9feedff16ff12ff10ff42ff46ff6cff66ffaeffaeffe8ffe5002c0048005c0066007d009000aa00c800fc01210124014b0161015d01620186018a01af01a801d301e30200020d0224020d024102370256
MIC 032064 0239023d023c020d020e01de01c2019a01b501840189015e018301570155014b010e00e000e600c400cc00a200af0092005e0034fff9ffdcffb8ff8fff84ff76ff41ff50ff35fefafee5fed2fec2fe98fe7afe81fe5ffe2efe3afe30fe22fe1dfdeffe04fe01fdecfdaefdcdfdb6fdabfd95fdd4fde6fddefe1bfe4bfe3cfe44
MIC 032128 fe4bfe6dfe56fe53fe9efec9feecff15ff3aff25ff34ff33ff66ff75ffa6ffe6000c0013001c00410056005d009400a700dc00e800fb01250123013e0164019d019801c001c701fa01f8020d01dc01f801d801d101c401de01f301fd022101ff01fc01e701de01b401b0016f01910163016c0156015e016101880129011d00f3
MIC 032192 00cc00b500a3007b006c002900510016fff6ffebffb5ff94ff80ff41ff39ff04fed6fed1fee1fee2fed5fec2fec9fe8dfe5afe3cfe27fe0afe12fe10fdfbfe10fdfafe07fe1cfe0ffdebfdebfde9fddefdf1fe13fe3dfe4afe57fe6cfe80fea1feb7fec3feb6feb7feaafecafecffef6ff2dff8cff97ffb5ffd3ffedffe9fff0
MIC 032256 00480067009d00bd00ee00e700e100e500f300f500ff012c015301800197019e01ba01b601ce01d301f201f402120218022d022e0211022c0231020a0200021601fa01e501be01b60197019201880171018401730134013600f700b7008300760046003d001c0014ffeffff5ffc3ffabff80ff5cff3eff42ff15fef9fee9fee6
MIC 032320 fed3fec6fed7fea8fe89fe66fe77fe48fe02fe06fe08fdf4fdcffdeffdddfdebfdfafe13fe0dfe0afe09fe1afe08fe21fe19fe3dfe56fe65fe5ffe80fe79fea0fe9ffec1feebfefaff13ff29ff60ff8dff98ffd9ffe8000d002a0081008100b700be01060113011b014f017301570163017d0179016a017501950182019d01c0
MIC 032384 01e301d901f601e601f10206020f020102090209020001f201e801ec01c201b5019f0192018601840167016c013e01400118010c00f200fb00db00b3007c00670024000dffddffd9ffa7ff8cff87ff6bff21fefafee2febffe8afe73fe80fe7dfe8afe87fe54fe50fe22fdf2fdc2fde5fdc5fdd5fe37fe38fe23fe0efe3efe17
MIC 032448 fe45fe65fe73fe65fe7dfe62fe5afe52fe5bfe71fe91fea1fed8fef0ff0aff12ff30ff41ff34ff4fff65ffb1ffb8ffdeffe90030002a006a007700ac00ac00e200f501190141015e017e019001a8018301c701bb01c401b401ed01c201ec01dc02010200022302130221022d020f0206020401de01b901b601c8019401930187
MIC 032512 017b01510140012a00f300d200d000ea00b000cd0081009c00520023fff5ffe3ffc0ffabff92ff80ff44ff28ff2dfefefee8fee0fec5fe99fe84fe6bfe8dfe6afe49fe32fe4efe33fe22fe0bfe45fe20fe0efe0dfe0cfdeefdd3fe05fe03fdf4fe1ffe24fe1cfe23fe2afe45fe56fe84fe7dfe83fec1fee3fedeff1cff3bff30
MIC 032576 ff3eff67ff84ff9affb7000a00250023004400760082007b00b300d400c900fe014301410169019c01910187019c01a901ae01ca01db01e801ee021a0210020c02260222022b022d020c023301fe01f4020001e001b201a70196014d01400129012c0115011500dc00da00a400ac008000be006d006800290000ffc6ffbdffa1
MIC 032640 ff95ff80ff51ff21fed5feccfe9dfe99fe7dfe6efe3afe48fe23fe17fdd8fdecfdd6fddafde8fddefdd5fdf4fde0fdedfdf6fdbefddafdddfde2fe03fe2afe11fe3afe41fe6efe64fecafecdfed4ff01ff2fff48ff5aff69ff6aff62ff78ff91ff8bffe5000e0039006d00af009e00c000c000f400fd011d014c018b016a018c
MIC 032704 019301890188019501d901e401d6020501ca01c001bf01ed01e801f80201020501e6020701ec01e101d801ed01b101a501a801a60184017b0195016a011e010b00fe00e400da00b500a500370027001cfff0ffcaffb3ffa2ffa3ff88ff64ff58ff47ff10fef7ff08feddfec8fecefeddfe7efe93fe7afe6bfe44fe4bfe41fe4f
MIC 032768 fe63fe49fe50fe41fe35fe17fe1afe0afdf1fe10fe2afe18fe17fe3afe1cfe43fe43fe59fe8cfecafee8ff1aff46ff52ff51ff53ff40ff5aff89ffbefffd00280058006e008f0081009000a800c600b100f7010b012c0130016501780182019101bc01c201c201ea01d601d101bc01c101ae01d101d001ea01e901f202020223
MIC 032832 02040219021d022701ff01fd01d701bc018d018b016101510132010400f600a000a8007100510021002d00120003ffcdffbeff7cff5cff32ff1bff08ff16ff12ff13fef0fea3fea7fe84fe67fe5efe5dfe55fe5ffe64fe5efe24fe28fe00fde6fe15fdf3fe13fe35fe15fdf4fe10fe1efe05fe1cfe1dfe4afe5dfea1fea1fed8
MIC 032896 fec1fed8fed8ff27ff3bff6dffb8ffc9ffc6ffa1ffe8ffbeffd3ffce003000410066008400c600d500e501090139012f01430175016f018401950198019601c101d101fe02190230023702490238022c021c02200221020e02370235022201f101e601ce01ab01a201ad01a4017801770144011a00e700e000dd00b8008f008e
MIC 032960 00740055001e0021fffcffd1ffadffb1ff8aff7bff69ff29fefefee7fe8dfe84fe75fe6bfe7afe67fe8cfe45fe63fe3dfe4cfe07fe35fe11fe14fdfdfde1fde4fdeafdcefddbfdc3fdb3fdd1fe15fe54fe53fe92fe65fe6dfe43fe76fe6bfecdfef7ff1aff3cff36ff4bff7fff88ff9cffd0ffe2fff90031004f0053009b00ca
MIC 033024 00c500e90141013e014f017601940180019a01a7019a01be01ea01eb020d0231021c021c020a01f501f301ff0208020701d301de01d801b001cf01a701ac01a301a0019901610137013500f200b800ad00bc00b40085008f005b0027fffaffcaff97ffa7ff97ff9dffacff7fff0afefafeb6fe8ffe86fe8cfea1fe8dfe98fe6c
MIC 033088 fe64fe53fe40fe20fe4efe32fe48fe40fe30fe09fe0dfdf3fe0afdd4fe06fe0afe23fe26fe33fe3ffe47fe52fe87fe9efec4fec3feebff00ff02fef6ff38ff53ff48ff73ffa4ffbeffabffd3ffd2ffefffe8002b00140053007900bc00d100cf00ef012c01310148017b0175018a0191017b017e01ca01d801f50221024c0231
MIC 033152 021d021f0224020a01f601f8021301d7020701ee01e601be01b90199017c015b0148013e01200146010b00da00b200b90061003700080039ffc1ffe8ffbbff97ff76ff8aff3cff2fff08ff0dff02fee2fec6fec0fe94fe73fe45fe42fe4efe24fe5afe1ffe40fe25fe1afe0bfe24fdedfe2bfe27fe00fdfefe03fe0afdfefdfa
MIC 033216 fdf2fdf3fde7fe19fe0ffe29fe27fe5cfe82fea0fecafefcff29ff23ff63ff64ff98ff94ffaaffef000800400075008e00790076009a00d300d40126011c01590172019d01a901b701b401ce01dc01e901f50201021801fa01bc020801ea01ef01c701e801e901e201d601d501af018c0193017e017d0171015e016601450109
MIC 033280 010000dc00d500740077008000760041005700470006ffecffdcffc6ff7eff99ff7eff58ff50ff4bff19ff0bfecdfec2fea8fea6fe6afe6dfe32fe2bfdedfe20fdd7fdfefdeafe19fde7fe25fde4fe14fe1afe28fe16fe24fe54fe5dfe44fe6cfe57fe33fe70fe68fe91fe79fec1feaafed6feccff0fff06ff50ff59ff83ffb4
MIC 033344 ffe4fffc001f00390065007a00a600d300e200fb0107012101410165017e01840174019301c301dd0203020c0208020501f201f8020d021b0224022b0237022702030216020501fc01d701df01ad01ab017601820166015b012e011800f500e800ba00ab008c00620069002f001afff1ffdfffc5ffb7ff86ff8eff90ff61ff3e
MIC 033408 ff47fefbfed2feccfe9bfe52fe6dfe6afe47fe6efe43fe30fe17fe30fdd7fde7fdddfde0fdabfdf2fde0fdf5fdf5fe19fddffdf2fe08fe2cfe40fe4bfe6ffe89febbfec0fec2feccfefdff1dff4aff71ff7bff91ff8fffb9ffe4ffc20029002d00470076009800b200d900f401210103011c012301310130013d0160017801b2
MIC 033472 01d701df01fa01eb020701cf01f901fb01e101f601fd021201ed021e01ef01e001c301ff01bb01d4019001a0016001400136013b01300129010400f700da00af00710070007300380022000fffffffa1ffa2ff72ff27ff01ff05fefbfed8fed1feaffe7ffe5bfe57fe2efe2bfe1ffe30fe17fe39fe00fe20fdfefe08fdf8fe10
MIC 033536 fe17fe0cfe06fe17fdedfe1bfe26fe25fe67fe5cfe7bfe89feb4fec0fefeff05ff03fefaff11ff1eff0fff11ff21ff44ff60ff74ff8bffe0fff00019003d006b008c00b000f6011e012b01550173018b0183016e0170016801650172019a01ad01ea01f60225021c02230228021e022a023002320236022b01d701df01c201a3
MIC 033600 01860191017f016001510142012f011000e500e200ac00a100830086005a0044001b000b0011ffc9ffa7ff8fff99ff7fff5eff4cff3bff0afee3fec9fe93fe8efe74fe4ffe38fe24fe29fe14fe02fe14fe2cfdeefe1bfdf8fdecfdcefde2fdd5fdeffdf3fe1afdedfe2cfe49fe37fe51fe81fe85fe77fe8efeb9feccfed1ff32
MIC 033664 ff4cff57ff70ffa5ffacffd6ffec00120013001c002f0041006a006f00b60103011c0127016001520176016e01910181019a018401b801b301da01c101e601f201ec01d301f901f102140216021b0231020e021a021f021101fe01f701de01890162017a0171015401500146012400ef00ac008700690036001700100004fff0
MIC 033728 ffd2ffe1ffd3ffbeff93ff7cff52ff12fefdff04fefafec5feacfe90fe66fe21fe28fdf9fdd6fdd7fdeafdcafdd0fddbfdb2fdb2fda5fdaefdbdfde9fe08fe0dfe45fe74fe58fe60fe9ffe8ffecefeddff07ff23ff1bff17ff12ff0bff27ff3cff5dff73ff85ffbfffeaffec00130036005a008800a500a000d700e5010a0128
MIC 033792 014a0162016a019a01a201af019e01d701b701de01f5020a021b02040225020b02050205020f02250212020601fe01f601e901ba01cc01b3018501720179015f0154013a013600f100df00bb00a8007500700050002d0016ffeeffecffb2ffa3ff62ff65ff34ff34fee0feecfed9feacfe7efeacfe72fe75fe62fe61fe52fe1b
MIC 033856 fe3ffdf4fdfefdd1fe00fddafe08fdfefe47fe04fe23fe0afe0bfde7fe16fe20fe70fe7dfe8bfe9cfecffec7fed3fef9ff0cff09ff3dff61ff55ff8cffa8ffc5ffe1001e000d0027002f004600470056008b009100a900d400f5010c0133015d017f01680185018801a201f40222022a022402410248023b024102490228024c
MIC 033920 02570234022e0244020201e401f401be01a9018e01990161014a0132011900de00f100b300b800a1008a005d0057003f001f00170018000bffe3ffbbff8dff6dff44ff15fef7feccfea7fea0fe7cfe47fe39fe2efe25fe10fe1afdfcfdf7fe06fdf1fdfefde3fdd8fdcefdf7fde1fe07fe11fe46fe3efe4bfe55fe5ffe3cfe64
MIC 033984 fe68fe7dfe80fe99feacfeaafebffebcfef5ff05ff53ff51ffbfffddfff80005003a0030002f004c0087009000b500ec00f500f60106012b012f014e015c01a2019f01ef01e001fe01da020001c901e101c301f901e3020101f802110210022c020101f601e101e301bc01980195017d0163011e012b00f600fd00b700b90097
MIC 034048 008a0050004500290036000c00210007ffe9ff9fffa2ff5bff47ff17ff26fefffed2fec5fe9bfe46fe41fe45fe41fe1cfe2cfe2bfe0efde1fdc5fdd9fdddfdcdfdf6fe09fe1cfe0efe3bfe41fe14fe21fe3afe5dfe65feb1fe9efec3feb1feaefe88fee8fec8fec7ff00fefeff23ff16ff67ff68ff8aff96ffe8ffda0038003c
MIC 034112 00a600ba00de00f6012601230146013a0138016e0164017b019801ad01c901c801da01e001de01fb01f701f7020f01f401f201e801ce01e901df01e201e501cb01b601a301800183016701740172012a010c010e00d500d500bb00c1008600a300870045fff70005ffe1ffabff96ff8fff66ff48ff52ff37ff07feecfedcfe80
MIC 034176 fe72fe4cfe45fe3dfe33fe16fe0dfdf3fde1fe04fdd4fdeefe0efe02fde4fdf4fde2fdc0fde9fdf2fde2fe0afe37fe3ffe3afe6ffe68fe6efe60feadfeaefed8ff01ff1dff12fefcff29ff3dff3eff55ff92ff9efff8fffc001600540085008900df00f0012001320147012c014f0151016e016801a6017501ac01c501c201b6
MIC 034240 01ee01ea01e301e0021501fa020c0216022c01fe022e01ff01d801db01c601a80186015d014801240109010400f000f600c900c900a3008c007e0077004700300044002700070009ffdbff88ff7fff60ff31ff23ff34fef9fee3fef6fec0fe83fe78fe5efe44fe0ffe11fe09fe00fdf9fddffdadfdb1fda1fdd2fdcdfe08fe30
MIC 034304 fe2cfe37fe4efe35fe52fe86fea1fe9efedafee6fed4feccfef2fee8fee9ff0eff13ff31ff5cff83ff97ffcaffd3fffafff600570053007700d800e900e101040130013e013b018101ab01a001c901d101bb01b001b801c401e301d001ec0204021b01ec01f401e001fc01d901e101d501cd01f901d301c501c301af01690189
MIC 034368 016401760157016b012000fb00bd009e006a0051003100140016ffe3ffc0ffb0ff89ff55ff4aff2eff20fef5ff09fed3febafeb6fea6fe83fe6cfe5cfe61fe68fe61fe42fe16fdeafdf3fdf8fe09fe12fe02fe1cfe00fdf8fe02fe0ffe41fe4ffe2efe6efe74fe83fe7dfea9fea9febdfea9fec7fee8ff13ff39ff7dff9aff9b
MIC 034432 ffb1ffe0ffd2ffd0002c0063006100ad00ad00a900b500d600e3011b01050132014e0180018901a701b701d501c601da01d001be01d9020401f0020e01ed01f901d501e701df020801cd01ea01c201c401cf01af019a01aa01b20182015a0129014100dc00e800c300b100840087003f003cfffdfff5fff4ffe4ff97ff78ff5b
MIC 034496 ff3aff2aff15ff07feb6feb0feabfe99fe85fe96fe75fe80fe42fe2efe03fe1ffdecfde9fdf7fdfcfde4fe08fe0ffe0bfe1efe3cfe48fe3cfe61fe41fe3afe52fe70fe75fe93fea5fec2fec7fee7ff0bff1dff1cff6bff6dff63ff88ff94ffabffcffffe000c0016000d0073007b00c10106013d0159015a015d01ae017c0182
MIC 034560 01ae01d101ca01de01d501de01b701e701da01de01e801dc01d8021601f301e301e701ef01c701cf01b201dd01c601cb01c901af01770159014e014b011c0123012c00e300b900a400990062005900300003ffb7ffa1ff8cff8aff69ff66ff36fef6fea7fea2fe7cfe7efe64fe63fe5efe37fe44fe18fe3efe18fe33fdf5fe0c
MIC 034624 fdfbfde9fe00fe3bfe32fe2efe17fe02fde1fdebfe0ffe3dfe2dfe44fe4cfe84fe72feb1fee3fefaff0cff32ff44ff31ff65ff95ffa2ffa9ffd9ffdf00040009003c003c007c008200c200db00ee00d200fa012601270126017501620181019c01ba01f301e801fb01e8021701f902100212022e0214022d0206020701f8022d
MIC 034688 020f022301f001cd01ca01960145013a014e010b010d011500eb00ab00da0098007200450041002000230008ffecffc6ffa5ff89ff6aff60ff54ff2bff0ffefdfed8fea1fe65fe54fe55fe22fe3efe31fe14fdeffe08fdeefde4fdf2fe18fdfdfe2cfe4afe1cfe02fe28fe0cfe19fe34fe54fe56fe86fe79fe60fe75fe7ffe74
MIC 034752 fe9ffeeffefdff41ff4eff9bff94ffb7ffbdffe200040025005d008d0095006800aa00c100ae00cf00ee0113015f0150017e01570192017701a7019a01d101d601f6020a021802050208021a01fe01f50208023402010217020001ea01bd01bb019c0191018d0192018a0186016c014e013a010300e000df00b200a0006a0061
MIC 034816 002efff8ffc8ff9eff7aff73ff65ff54ff26ff03fee9feb7feaffe9cfe7afe61fe97fe3afe67fe41fe61fe49fe60fe2dfe45fe11fe3cfe26fe11fe1ffe23fe19fe24fe2efe52fe6ffe58fe7afe7ffe95fe83fe9bfea2fee9fee8ff05fefbfefdfefcff23ff21ff42ff63ff8fffc3ffe100000013005f006e0054007f00b700c0
MIC 034880 00d70127011a00f80122014d0151015201800191019f019701c501cf01b501cc01d601f3021802340234022c021d021a021f0213020e01d9020101e701e001b501b4018701660131011800f800ae00cc00af008e006b006a00340018ffc6ffc6ffa4ff6bff64ff5fff37ff09fef8fed0feccfed5fecffed0febffe99fe6dfe8e
MIC 034944 fe93fe75fe88fe7afe65fe0efe21fe0bfe0afe0dfe23fe14fe28fe32fe2afe23fe1ffe3cfe3efe3ffe5cfe63fe8afeb0fe90fe88fea6fe97febdfedeff0aff51ff7affb9ffa7ffcdffb3ffcdfffe0017001b005d0089009100ae00e100f901110109014c0144015b016401a9019301b201ba020901fd020b022a021f021401d0
MIC 035008 01e601e101df01c9021c021601fb01de01f001a50197016f0187014f0156014b014d0127010100d400c700b300950075005b003b0004ffd4ffb0ff8eff6fff75ff48ff47ff4eff44ff24fefbfee9fec1fec9fe9ffe7afe7bfe7dfe53fe65fe38fe46fe0ffe03fdecfdddfde4fdd5fdf4fdd8fde3fdf0fe08fdfcfdf4fe20fe18
MIC 035072 fe36fe59fe6bfe61fe5afe58fe87fe7cfea8fed7fef5ff0bff2aff56ff74ff8effcdffdd00040033003a0051008e00a700c400fa0120014301410147012001300147015a01650191018c01b501dd01f801b201dc01d001e901f30213021601fe01fc01c601aa0190017b01790174018501b101b301a00185016c0152013b0118
MIC 035136 00e300c900d900c4009d00850062fffe0013ffcfffc0ff8dff87ff5aff35ff09ff19feedfed6feb8feacfe89fe5dfe60fe65fe53fe1cfe44fdf8fdd4fdbcfdc6fdc8fddffdebfde5fdd9fde5fdbbfdebfe02fe06fe13fe2cfe23fe3dfe3cfe3ffe47fe6dfe81fe9afec9fedafef0ff1cff5eff4fff8affa5ffc8ffe3003e0034
MIC 035200 004e00580086006d006e00b200cc0100010e013a010c013c0109013d01520180018201b401cd01c101c001f00208021a020a022c01f601dd01ce01ed01e301ea01fc01f601e401c201d601b3018e018c015a010b0116013b0118013a010500d7007f007a00640005fff30006ffbbffa5ffb4ff9eff6eff5cff98ff68ff23ff2a
MIC 035264 ff15feb8fe9efe98fe9efe85fe66fe47fe0bfdf0fde7fdebfdc8fdb8fda7fda6fd9dfdb1fdd5fddafdf3fe0afdf9fe0bfe0bfe09fe17fe3dfe64fe72fe83fea6fe9afec1fee7fef9ff18ff4dff4dff72ff8fffb2ffdd000800510055008a00b100ab00a700ca00eb00ee00fb012e01240147016001a80175019401bb020401e4
MIC 035328 02000207022f01ff020601da01ef01d901e00202020201d601e201e801e901d901a201c4017e0184016e01870160016e014a01400117011000d1009c00a2007a003c002fffebffbaffdaffbcff93ff7cff9aff57ff49ff29ff17feedfee8feb8fee0fec6fe88fe8efe87fe30fdeffdf7fdfafde3fe16fe4afe51fe3dfe1cfdf7
MIC 035392 fdfafe0afe12fe46fe63fe6ffe9afe9afea3fe9efe8ffea2fe83fe79feaafec7fefcff2eff49ff69ff62ff69ff64ff9affb600340033008c007000aa00a800a900bd00e700de00fe011100fe0111011f012d01640191018c01ca01c6020101db01ea01c801eb01f8021b023302730264025d025a022c020d01d801e101b601b8
MIC 035456 018d01800152012d0126011700db00cb00c200ca0092007b00690065002e0008fffefff5ffb6ffcaffdaffa4ff6dff59ff29fecafeb1fed0fec6fecefec6fec3fe94fe52fe48fe43fe2bfe25fe20fe0cfdf1fde6fdfafddcfdf8fdf0fde4fe0afe44fe1ffe2dfe34fe5afe35fe54fe7ffe99febdfeefff07ff08ff1cff17ff21
MIC 035520 ff4fff61ff69ffa9ff9cffc7ffb3fff70012003e004f0074009300b900bd0107012201300158016b016f018b01a101ac01b7019b01cf01be01cb01e20217021602270212020501cc01ef01ff01f7020702210211020501f601be01ad018a01a8016f016e015c01470113012500f400e1009b0074003a0026000e0005ffc4ffb1
MIC 035584 ff74ff6dff56ff4aff34ff41ff07fef3fecafe97fe5efe65fe63fe76fe73fe55fe2bfe23fe0dfdf7fe14fe1afde9fdf4fdfefdfcfe17fe1efe15fe12fe17fe05fe09fe1bfe3dfe64fe90fe7bfea1fe8ffe95feaefed4feccff19ff25ff26ff21ff4eff75ffa5ffc5fffa000b00460077007e009e00bf00d00102012601390170
MIC 035648 01870182017e019f01ab01ae01bc01ce01ad01fd020d0224022c023902170222020c021c0209020d022601f4020401de01cc01ad01a1016e0171011b012e010200eb00cc00f200a8009f0098008a006700690062004b002f000cffd1ffaeff92ff62ff5fff1aff04fecdfeddfea1fe83fe86fe90fe6bfe66fe45fe35fde2fe03
MIC 035712 fde9fdf3fde7fdfbfdf0fdeffdfffdc0fde6fe04fe17fe2afe6bfe52fe58fe3efe7ffe56fe58fe77fe9afe91feb0fee7ff02ff2aff4aff94ff94ffb5fff4001f00290049008200580089008f00a700c6011c00f90107010b011100ef01190134015a017601c601e30207020c0238022702260222021c022d02290246022b020c
MIC 035776 01fc01f901c401b4019c01b9018c01d801d101b7019a0196013b00fd011600ce00cc009a00a7007d004900180007ffaaffaeff8fff96ff60ff65ff63ff5aff28fefcfee2fecefebafec6feb1feabfe8dfe90fe66fe68fe5bfe4bfe48fe2dfe11fe11fe06fdf8fdf4fde4fe03fdf6fe1dfe03fe0ffe11fe0dfdfcfe34fe4dfe65
MIC 035840 fe7afeb0feaffecbfec5fee2ff0aff15ff51ff71ff8fff88ffbdffedfffc002500590052009500a000d600d7010200de011b01000115013d0169018701b801ef01db01e701d501ef01b801ff01ea021301f7021802100220021601ee01fb01ef01e201b9018b0186018c015f016b015e016201390152012b00f100be00c1008d
MIC 035904 005c00300025001d0014fff2ffbeffbeff79ff58ff5cff42ff2eff37ff1dfed5feaffea8fe99fe90feb2fea0fe8afe4cfe37fe02fddefdc1fdd0fde0fdfcfdf7fe06fdebfddffdc9fdedfdebfdecfe21fe25fe45fe56fe77fe78feaffec1fecbfed7ff13ff14ff20ff56ff41ff40ff64ff87ffabffdf001b003b005e00870092
MIC 035968 00a300b500d800e901130138013a0165018c019f01ab01a301e801cb01d801de01de01bf01d101d401d801c001db01d801f0021201fb01ea01b101b4019d0194017f016b0159016c014b01320110013200f9010900ea00f000b100b000ab008a003a005400110000ffbcffb9ff86ff52ff27ff10fed8febffebefe9cfecbfe8f
MIC 036032 fe82fe59fe46fdf6fe10fdd2fde7fdd0fdf3fde6fdfcfddcfdd4fdd2fdd1fdd2fdeefe17fe19fe37fe2bfe50fe29fe3cfe54fe68fe5efe84fea8fec9fedcfefcff46ff73ff78ff99ff9cffc4ffc4ffdffffe0002001c004e004900720089008f00ab00e100de010e0134015c015f016001b201a7019f01c701e101d801df01f6
MIC 036096 022501ed020a023001fa01c601ec01d301be01a001c401ad01cc01c501d601b601aa0168016b0166013101410144012b00d000cc006d004fffebffceffadffbfffa4ffabffb3ff7eff36ff16fee2fea7fe9dfea0fe8ffe83fea0fe8afe87fe75fe70fe1efe2efde4fde6fdc8fdc9fdcefde1fdddfe0cfdeafde8fddffde5fdd2
MIC 036160 fde6fe01fe41fe2afe49fe78fe89fe74fe9bfec4fee7fedaff20ff36ff28ff6bff9dffb1ffcefff4fff5002c00300041004c007c008600a500d600fb00cc00f400ec00ff011b013901680178015a01af01da01d201cc01ec02220205020501f0020601d701f101ee01e6019f01b301d201b9019b01d501bb01aa01bb01b60196
MIC 036224 0183017f01370116010400cf00aa00bf008f008300480031fff7ffe5ffceffcbff6eff5dff4bff45fef7feeefed3fea9fe8efe88fe5ffe5bfe5afe41fe43fe4afe25fe06fe09fde9fdeafdd4fde6fde4fdbdfdc5fddefdc5fde5fe02fe3cfe45fe74feb5fec3feceff15fef5ff1fff23ff48ff4fff70ff59ff5dff76ff7dff83
MIC 036288 ffa5ffb4ffb1fff90004000b002b005e007d00ae00c500ef00f300ed00f8013401390172019601c101c101cb01d801d601d302060209020e020701ee01fc01e901e901e301d201c501af01a9018401680173019201820182018e015b013a0136012200de00de00eb00d90090009b0076004a0021001cfff0ffbfff8aff7dff50
MIC 036352 ff32ff21fef2fedffe9afe73fe69fe53fe2bfe36fe2bfe1dfe06fe2cfe34fe34fe19fe19fde3fdfafe22fdfffe15fe2cfe3ffe4dfe57fe49fe2cfe49fe62fe65fe98fed9fedffee6fefdfef9ff01ff14ff1dff26ff4bff7bff8affaeffafffcaffe5fffb0016003d0067008f00b800d2011001340149015c0172019201a001ac
MIC 036416 01d601dd01f4020401ee01f601fa01fb0207022f0219020b01f4020701e5020001f801dc01ba01cb0198019401900170015c0175015f0142012a011800ec00b10086004c003bfffb0004ffe5ffd5ff9eff8dff60ff75ff41ff49ff2fff3fff17ff1bfee5fedcfeacfe84fe7dfe4ffe71fe57fe5bfe61fe61fe46fe59fe36fe2c
MIC 036480 fe18fe17fe11fe10fe09fe09fe1ffe18fe26fe2cfe4afe5afe54fe9dfe8bfeb7feaafee3fecdfef2ff05ff54ff5aff5aff75ff96ffb3fffafffefff9002d00440070008d00f300e8010c0141015e013d015501940187017e01c601d201ae01af01cf01e101be01fd020f020001e70227023802200213022d01f401d501d001f9
MIC 036544 01bf01be019c01820165016901550151011a010900d500a9009a0053005a0052005c0028000fffe1ffe2ff8fff8dff8dff71ff37ff49ff19fef6feb7fed6febbfe98fea6feaafe80fe63fe58fe30fe1cfdf5fe06fe0cfde5fdf0fe0dfe09fe1dfe0efe1cfe20fe26fe2efe1cfe22fe20fe04fe24fe43fe78fe9cfef5ff03ff27
MIC 036608 ff39ff3dff2eff61ff6eff90ffa0ffe5ffef001e00490056006b008200a3009200b000e50100011101720143014501380158015c0173019001c401bc01c901bb01d601dc01ca01d8022001f901fb021d0211020202060227020101e701e401dc01a201b801aa01880172015c013b011700ec00e500a400910067004a001a0015
MIC 036672 ffcdffbdff9cff7cff65ff62ff62ff5dff24ff04fed2febefe78fe74fe63fe38fe4cfe1bfe22fdf1fe07fdeffe27fe11fe2ffdfafe1ffde8fe15fdfffe38fe31fe28fe11fe36fe3afe41fe5cfe7ffe5efe75fea4fec0fed4fedaff1cff30ff45ff59ff6fff80ffbaffc1ffdeffda00010021003b005a008100a300cb00ee00f8
MIC 036736 01210147014c016101700180019c019c01db01ef021e01fe021c0209020501e7022101ec01ed01f4020c01db01da01c701d301a0018e01a401a0017f018f018b017d0155014a012200f500e300c90089009f0069003a003a00200008ffe2ffeaffabff87ff54ff4fff08ff1efee5feecfeb4feaffe82fe8ffe56fe47fe4cfe3f
MIC 036800 fe23fe12fe00fdfffdf8fdf4fdecfdf4fdfafdf1fe35fe21fe52fe44fe48fe30fe3cfe53fe81fe82fe94fe98fe91fe9cfe9dfebafed8ff08ff2cff5eff7aff93ffbbffb7fff9ffea002000670082009500b400c800e100e90104012301160148015c017e01780192019d01c001a301c501cb01fd01f101f001f1020001cf01d3
MIC 036864 01ed01db01ff021402340206020601cf01c1019701bd017f01a0017e01780116010600da00f000c400c30093006d00490053004d00280012ffe4ffbaff80ff83ff38ff1bff05fee0fec0fec3fe93fe76fe69fe82fe54fe49fe1bfdf2fdebfdeafdf9fde6fe12fe0bfe17fdf6fdfffdeffe01fe06fe16fe0efe38fe3dfe71fe72
MIC 036928 fe83fe9dfe7ffe98fea1feb9fed5fee6fef4fee1ff0fff16ff42ff5bffc4ffd5fff80026004a00380067008600bc00a800e6011b0114013d01440164014a0144011f0151013c0168018f0197019801b6018f01ae01b401e801f40219021a0202020d022201ff020e021801f901df01dc01cf01ab018d0169013c00ff00dd00c2
MIC 036992 00ae009e0081006600760061003dfffdfff8ffd3ffa5ff74ff68ff2cff1fff06feeefed4fe9ffe8bfe62fe55fe30fe37fe35fe10fe00fe2cfe14fe21fe04fe18fe00fe1ffe1afe13fdf6fe12fe09fe1ffe28fe33fe39fe68fe5cfe6efeb4feb9feb6fed1fed7feeeff05ff33ff3cff4eff61ff6fff8eff95ffbdffe1001a001c
MIC 037056 004400580064008e00b900ed00f8010f012201440158016c017801b201a501a101bf01cb01bf01b901cb01d901c801a901ce01ce01e701eb02120210021802200236020001f301d501a7018b015b0152012a013b010c010600c100c5007f00760062002e0004000dfffcffccffb6ffbcff9aff4dff5eff3eff1afef3ff08fef0
MIC 037120 fee6feb4fe9dfe66fe6afe4bfe48fe1afe27fde8fdf7fdccfde8fde1fdf5fe1cfdfffdcdfddefdeefdd7fde9fdddfe0ffe31fe5bfe95feb4feadfec0fec1fec9febffeefff29ff50ff4aff51ff3bff5aff93ff9dffe1fffd002000300047008d009e00ae00d60106011201230162015a0176018901d601a601b201b101ec01da
MIC 037184 0225021d023801e501fe01f201ef01f5020b02300229022b021401f201be01c3019b01a4018e01820138013900fe00ef00cb00fe00d500d900d600e600930082004e001fffc7ff84ff89ff63ff39ff1dff27ff00fee7fec7fedefeaffecbfeb6fea9fe84fe82fe66fe79fe6ffe38fe24fe23fe2cfe1dfe34fe3cfe2afe14fe2e
MIC 037248 fe23fe13fe18fe3efe36fe30fe3bfe7dfe45fe68fe96fec3feb8fed3fee6ff00ff03ff1eff3aff5eff90ff95ffccffe2001c003500410068005b005b007d00b500c501140128012f013d0158014e0150017e01a101b001c201ec01d6020301f70203020802110204020901f7020e01ec01f901f401e701cf01f301d801b70190
MIC 037312 017301750165016e013c0142014200fb00b200c0009e0071005a0061001efff9ffcaffb8ff46ff53ff19ff07fef1ff09ff00ff0efef1fed2fea5fe7cfe77fe64fe58fe6bfe45fe64fe4bfe4bfe1efe2afe07fdedfdd3fdfbfdf3fdd7fe19fe08fe19fdf9fe34fe13fe51fe57feaafe9ffebdfeb9fecdfeacfeacfeeaff10ff32
MIC 037376 ff7bff99ff76ff9effa6ffdfffff006c009200c400e2010900de011a0111015701430180018301a401ab01d201bf01ab01b5019f01b201ce01f502010223020301f801d701d501af019a01c901cf01c401bc01b701a6018b014c014d014e013f015d01590120010f011b010000d500a6008f006b0053000fffc9ffa2ff6fff41
MIC 037440 ff27ff50ff24ff1ffefdfef8feb3fea5fe84fe9dfe62fe74fe69fe86fe41fe44fe2bfe26fe01fe14fe0bfdebfdf3fe03fddafdcafde2fdf0fe11fe22fe4bfe66fe72fe3dfe47fe3afe79fe53fea0feb6fed5feedff33ff20ff2fff5fff6eff97ffc00000fff900120037004a0038008400a900c300ca00fd01150127015e017b
MIC 037504 015901690185019f019501ea020001ff01e9022802060208020e0226020c022c020e021c01f2020201f801da01ce019b017701490149011401250122010d00e200d600c000b5007200a6006e0073003700440017000cffe0000affcbff8fff4aff2fff26feedfedcfeb2febafe95fe95fe60fe74fe49fe66fe1ffe07fdd4fde9
MIC 037568 fdb9fde6fdcffdd9fde4fdd1fdb6fda2fdd3fddefe07fe0efe41fe20fe70fe6bfe82fe9cfed3feccff00fee5ff1cff40ff6cff71ff7fffabffcdffcd0003003500380031005a005e007200c20100012a01250144013c012d012501380158019201a301b101b401ab0187018b019f01ab01d401d501e501db01d101d001c201cd
MIC 037632 01a201c001c201e001df01c001ca01ab018c0174018701730158013c014200ce00bf0087008f004f0072005900430007ffedff9aff85ff33ff11fef2fef4fed7feedfed5feabfe8cfe6bfe59fe62fe65fe86fe70fe7afe48fe0afe03fde5fdcdfdeafe0dfe14fe0bfe0bfe26fddefe02fe11fe10fdebfe33fe30fe4cfe76feb2
MIC 037696 fec3feccfee8ff1aff1eff5fff85ff7dff9eff95ffbcffe40006002600690078009d007900bd00bd00d500f60132013d0139015201650184019001cf01c901c401bc01bd01cb01fc02350240021a01ee01e401c201e80227020d0216022f0224020101f901ec01b1018d01840169014801150105011000ce00b2008f0058003c
MIC 037760 0010001efff0ffdaffafff99ff4dff39ff33ff38ff28ff1dff08fef1fedffed4ff00fee1fef2fe97fe98fe3dfe1bfdfafe00fdd3fdebfde3fe0dfdfefe1afdeffe1efdf4fe01fde8fe1bfe32fe32fe55fe84fe8ffe7efe9cfe96fe94fe90fef9ff27ff4dff6aff99ffa5ffadffb6ffccffec00080011004300810088009200b6
MIC 037824 00bd00c000ec0110012b0130014d0173016f018301a001ae01c501db01e201d401c901b801df01af01c401ce01e401d301d701c901f201b801ca01ba01da01ba01c201c10181014e0143013a010e012f00fc010000c800bd006c005e00380011ffe00002ffcbff96ff8eff7dff37ff31ff12fef3febcfeb3feb7fe95fea5fe6c
MIC 037888 fe4efe32fe40fde0fe16fe1bfe2efdf3fe0bfdf7fdd3fdcbfe00fde4fde9fe0afe1cfe08fe0ffe45fe2ffe55fe45fe7ffe69feb5fec2fed2fed4fef5fef5ff1aff4cff7dffa1ffc6ffedffceffeaffff00040027004c005800a900ac00cb00db0130011e0131014d0169014b01b201ba01e101cb0201020a01e801e401e201f8
MIC 037952 01f901dc01e3020001f301ec01fd01f001cb01da01cc01c40194017c0191016601730162014c011100f700de00c6009d009d007400430050001cfffdffceffd5ffb8ffc0ff9aff77ff60ff45ff49ff1efef6fed6feaafe72fe6afe5cfe53fe1efe50fe0cfde8fde2fdeafdd0fe04fe0dfe13fe10fe3efe20fe2ffe39fe46fe0f
MIC 038016 fe36fe2afe4ffe6afe90fe87fe99fe66feacfeaffed8fee7ff5dff67ff7effabffdeffb7ffb1fff9ffe80011002a00730066007f007800ba00a400cb00ab010c01390178016a01a601b701d801b801dc01e401f00209024a023d021a0251024a022001f5022e01f301e101ce01e901ae01be019d01af019201a201870191015a
MIC 038080 0138012200fc00d900d600c20082005d00250000ffa6ff91ff65ff6aff4bff6eff41ff36ff19fef4fec7fed2fea3fe82fe90fe99fe66fe56fe47fe0dfddbfdd8fdbdfdcefde0fdecfdd4fdeffdfdfe11fdfdfe20fe1cfe21fe48fe68fe68fe5efe91fe88fe85fe7afebafe88fec1fed6ff0dff1fff60ff5eff93ffa5ffcfffe1
MIC 038144 000a00200036003f00680085009c00d700d30132012a013a01210178017901a801b501e201ad01e001e4020701df0220020b01fd020e020501fe01f101eb01d401d401bc01c401c701f201d301e201d901b0019101830170015001340125011100de00ab00af0066003affecffe7ff97ffa0ff82ff9aff7fff74ff48ff32ff01
MIC 038208 fec4fec3fecafec0fea4febefea1fe84fe69fe6cfe5bfe79fe60fe66fe5dfe37fde7fdf3fdfafe0ffe04fe32fe37fe31fe2cfe33fe26fe4cfe42fe5dfe7efe8ffeaafecbfed9feb7fee3fec6fec8fec2ff23ff40ff61ff82ffceff91ffc2ffc7000f0028005f009100b400a400cb00f701330150019501a101b7018d01930194
MIC 038272 01bd01c801d501ed01f101f902010226020a020201f601f601c401da01da01f401e6021301e201de01be01af01a7019d017401600137011b00c800bd009c0092008300820064004e003a0007ffeeffe5ffc7ff8bff81ff60ff56ff2fff18feecfef3fec5fe9efe7ffe72fe55fe20fe10fe29fe0dfdf6fdf1fde2fdc4fdd3fdc9
MIC 038336 fde4fdd9fddefde5fdd7fdf8fdf8fe14fe28fe59fe8dfeb3fe8dfebafeb1fe92fe76fea7fec3fec4fef4ff3dff6bff88ffe4fff1ffe90019003f005e006b0080009700cb00e30111011b015c016c017c01810188019a017901b601b901d801ce022e021d022701ff021c020701ec01df01e701d201c801c901c801c0018701b6
MIC 038400 01a801810164016801470140013401370106010800d300b30095009b0074006d00520019000affd7ffb3ffaaff90ff64ff42ff0cfeedfeacfe9bfe89fe66fe6ffe3efe0afe11fe02fde4fe18fe32fe3ffe30fe12fe24fdeffdc2fddbfdfefdd4fe0ffe32fe48fe19fe3dfe34fe53fe5cfe75fe90feb0feb5fec4ff0fff07fef6
MIC 038464 ff09ff28ff2bff64ff99ffe9ffe6001500160042003e004a006e009500ac00ce00ee010100ea00f7010f01230132014d017c017d01bd01c701e801ec01f001fe02180222022f01f0021901ec01dd01da01f001c801ce01ca01c8018b018a01740176015b0158012f0123011e00df00ed00b400960064005d0036000ffff1ffe1
MIC 038528 ff82ff93ff62ff5eff1cff0dfef3fed5fed8fefffee2fecbfebffeb0fe7ffe6bfe5efe36fe2bfe38fe26fdf8fe0efdf9fdedfddbfddafdd8fdd5fdccfe06fdf5fde6fe12fe54fe3afe4afe88feb5feb9fee4ff20ff13ff0dff3aff48ff4dff84ff76ffa5ff96ffe0ffe20025001d0043003800640063009300a400e20115011a
MIC 038592 012201260154013101610178018e01a001ea020001fe0217023f022802250202020b01f60201021f02200200021c01f201d401b7019801920182019c01a70173016d0130011900fd00d100ad0099007f007f007500730048000dffdaffc9ff93ff53ff66ff54ff4dff0afefffeb1feabfe7efe6bfe3ffe66fe43fe3bfe27fe28
MIC 038656 fe2bfe20fe36fe42fe10fdfafdf5fdd8fddbfde5fe08fe15fe0dfe23fe22fe43fe46fe54fe64fea1fe9cfec2fef7fed2ff0cff11ff41ff2fff58ff70ff91ffbcfff9001d00440075005800580064008800a600c100d900ec01020137017001730164018c018a01ba01bf01f401e6021801ef01fe01eb02210216021a02240235
MIC 038720 023f022b022901cb01dd01a00199018a01b1017f017f0175015e01160116011400f000aa00df00930091006700650011fff5ffc7ffc5ff8eff84ff88ff4dff41ff0dfef0fed2feeffec0fec6fe7bfe8afe5bfe48fe3ffe56fe23fe48fe3efe49fe42fe42fe33fe1afe18fe04fdf5fe06fe24fe30fe47fe5bfe59fe42fe5afe68
MIC 038784 fe8efe88fecefed1fee5fef6ff2cff23ff5cff7aff86ff77ffbfffacffecfff7001c001a00460034007b00ad00de00dd00fe010500fd01130140014f0167019701b301d501b401c101da01f701fa021e023602480206020c020901fd01ea01f401d501c201af01ba01cb019101b20189016d014c01430104011400f000e2009b
MIC 038848 00b500900080006300740037000fffe6ffd4ff98ff60ff54ff4afef7ff02ff05fed5febbfeb8fe9efe6ffe65fe4bfe2dfe2cfe35fe23fe38fe2afe0ffe1cfe16fddefe05fdf3fe14fe09fe14fe13fe26fe04fe2dfe2efe56fe73fe96fed5fecbfed7fee0fef5ff0cff1cff49ff7bff8dff84ff98ffaaffb6ffd10000003b004f
MIC 038912 00a100b600b700b100cc00d500fa010701430167016a0185018c019f01b401a901bf01e601ec01fd0203020101f601e401f501f101b101c401d101dc01be01d801bd01a70174017801520155014e01340123010e00d700e400d300be00bf008a00640026fffdffc3ffd4ffb1ff93ff82ff93ff3cff26ff15fee9feccfed6fe98
MIC 038976 fe5cfe54fe59fe3cfe4afe2afe2afe16fe24fdf8fe04fe05fe1bfe25fe0bfdf9fe23fe05fdfafe11fe2bfe26fe03fe2efe12fe47fe69fe8cfe8dfec1feddfed6fee2ff12ff12ff10ff02ff46ff67ff76ffb8000b00260029004500820070009300b800d10119014e0160016c0187016d019001ae01d101af01b101bb01bf01ad
MIC 039040 01e101a001b901a901bf01b801d501cc01b401ae01b9019c01ad01c901ba01b701ba0194016201510129013101130115010f010100cf00c80084005e002700210008ffe1ffddffb7ff96ff85ff64ff3fff0dfed3fe97fe95fe88fe63fe5bfe39fe3cfe1bfe36fe2ffe21fe3bfe3cfe40fe41fe3efe30fe19fe0dfe26fe08fe20
MIC 039104 fe0efe14fe00fe18fe1bfe1bfe0dfe4bfe67fe91fea8fed4fed8feeeff1cff29ff38ff66ff9affb8ffe1ffee000d00230026004a0059008700a600c800e4010c011001300141016c016d01ac01d701f701eb020f020301db01cb01cc01d901d901fa01fd01fe01ee020001ee01f101de01e001ec01cc01c101b5018c01690131
MIC 039168 0128011500dc00c700d400bd008e007c0068005400150038002d0005ffe5ffedffb2ffafff99ff71ff44ff3dff32fefbfedefed2fe75fe7bfe73fe55fe2ffe4bfe21fe26fe0bfdf8fde3fdf9fdd4fdd1fdd0fdcffde0fde2fdf0fdc0fdfffde2fe04fdf7fe49fe2bfe74fe78feb5febdfef4fecbfee0ff0fff37ff44ff70ff90
MIC 039232 ff97ffd2ffea0020001d00440064006e00460075006d008e009e01070123016401600174016d018b018f01cf020001fa020c0209022a0203020301e001f801b701c401c601e201d701e601ce01cd01b501a30183017b0172019301610176013c011f00d100c9008f008500a40062004300210037000b0007fff2ffc1ff9eff82
MIC 039296 ff4fff2aff0bff04fee8fee2feb5fe8efea1fe7ffe58fe76fe7ffe4bfe1ffe32fe22fe07fe2cfe53fe2cfe15fe15fe02fe08fde5fdfdfe0ffe0bfe19fe19fe2dfe57fe79fe82fe96fe97fecdfec9fee6ff0dff2dff4aff80ff88ff8bff92ffcafff4000b005000600042006b0086009400a000d500be00e80103013701320175
MIC 039360 019c01bb01d0020e01fe020b020c020a01ec01d501db01ad01b201cd01b90195016e0191016d015e018e019d018a01810173015a0159013701150114010c00f7010a00d200c9008c00a000470044001e000affd8ffdeff98ff76ff47ff14fefcfec0feddfeb4fe9ffe8dfe7bfe43fe5cfe39fe3ffe0afdfefde4fe05fdbefde0
MIC 039424 fdd5fdebfdfffe0efe08fe0dfe1cfe2efe1efe2afe36fe22fe48fe57fe42fe7afe88fe81fea6fed2fee1fef5ff4dff65ff70ff7cffbaffd10007fff8001a0044004f003a0095009600d400e800f60108010b011d011f013b015e014f0180019e01a201c201d701d401c001f701de01ef01da01ec01dc01e401de020101f00206
MIC 039488 01fa0228020e01f3020201e80196018f0170014f012800fc00c600a10090005c0051003b001ffffafff8ffdfffdbff96ffabff83ff5cff37ff47ff0bfed4fec8febffe95fe7bfe73fe45fe3afe2afe3afe32fe43fe13fe2afe2cfdf6fde8fdfafde1fddefddbfe09fdf8fe0efe13fe2ffe41fe5afe5bfe8afe82fe98fe82feb5
MIC 039552 fecdfeecff12ff62ff67ff5fff75ff8eff88ff8fffcf000f0028005c0094009800ba00e200ef00fb010e010f01630152019301a401ac01b901cd01c701d001e9020a02140200020901f7020301fc01f3021c021501f701ec01c401bc01a301950168018e0186019001700188016e013d011d011100dd00ab0083007500690020
MIC 039616 00260025fff6ffbaffbcffc3ff89ff67ff73ff2fff15feedfed6fe9bfe90fe7bfe76fe53fe3ffe23fe0ffde7fe0bfde5fe21fe2afe31fe0cfe15fe23fe0afe26fe3efe30fe39fe55fe56fe5dfe67fe9bfe91feaafeb7fee4fedbff10ff2dff51ff3eff27ff2eff57ff40ff8effb3ffc9ffbffff00013000300280051006200ad
MIC 039680 00d901010124014a017d017401ae017901a501c301eb01df01e3021102140217023e023f024f0224023c023001fa01fb01f801e301f301ec01fd01c1019e017901490136013001200112011200f900f600d100c8008100770041002cfff70008ffc5ffdfffa5ff8aff82ff73ff0bff21ff0aff02feedfeeffed4feb3fe9ffe95
MIC 039744 fe83fea4fe90fe62fe74fe51fe25fe13fe2bfdfcfdfcfde5fdf8fdd3fdecfe0afe2cfe44fe4cfe59fe56fe7ffe89feb8fec5febcfecbfec7fedbfed8feeeff3fff56ff81ffa8ffc9ffbaffbfffe1002e003d0079009f00b700c900d70105011601230152017601a101ae01cf01f3020101de01c501e101f6020a021e02430242
MIC 039808 02320214021f01eb021f02010233022001fa0190017201660155011e01460138012700f600df00a7009d00910076004d004a005c004d0061003e002e0002ffd0ff81ff5fff44ff42ff39ff20fef7feebfee4fed2fea5fea6fe92fe72fe62fe49fe3ffe43fe37fe39fe3dfe0cfe05fdf3fe16fde6fe07fdf9fdf9fdd6fdd2fdde
MIC 039872 fe24fe44fe48fe50fe6dfe42fe5bfe60fed1fedeff20ff3aff83ff76ffaaffaeffe30000000f0038005a0064008400b500d600ed00f101410121013c0133015f014d0189018b01bf01b601e901c401dc019a01b3018901b801ae01cd01f90204021901fe020301df01a701ab01cf01b501d201c601cb017d0169012f01420105
MIC 039936 00ea00ee00e100ba006a006e00440013fff70015ffc3ffe5ffa3ffbcff73ff84ff67ff56ff17ff18fec6fed7febbfeb8fe93fe79fe50fe3afdf6fde9fdebfdbffdb9fda2fda0fda5fdb3fde8fe05fe04fe33fe2efe34fe31fe2dfe27fe30fe35fe4dfe51fe73fea3feb8febafef0ff0cff1fff25ff81ffafffc3fffcfff0ffd0
MIC 040000 00070040002b0067008d00a700a700ec00ea00de00e4011300f30132013e018801930194019501c001cd01c101cc01d001d501eb020f01e7020c020d01ea01f6020801d601da01f901e601ca01b001a6018101580152013f010e011200e700d000a5007500820040002a001c0016ffcfffcaff8aff76ff2eff5cff16ff27feed
MIC 040064 fee5fe94fe96fe5efe5bfe56fe56fe3ffe41fe3afe17fdeafdfbfe25fe01fe22fe1cfe39fe1efe3efe17fe42fdfdfe40fe28fe63fe46fe83fe74fe98fe9bfe9bfea8feb6fedefeceff25ff21ff67ff62ffc3ff9efff1ffea001500110042007e00ba00bc00d200ec010d00e30101010a010901210127014a013e0164017201b1
MIC 040128 01af01ca01cb01d201c501dc01c101d801f8020701eb02310238020a01f2020b01aa01a0018c0195016c01aa01a7018c0158015200f800df0087006f006c005d00360039001bffd9ffcaffaaffa6ff50ff59ff45ff4bfef7ff10fefefee6fe96fea4fe68fe5afe67fe67fe50fe43fe46fe05fe35fe17fe10fdf2fe15fe00fe0c
MIC 040192 fdfffe12fe09fe3dfe07fe22fe2bfe37fe51fe80fe8bfe85fe97fe9efeaffecbff17ff30ff2aff5cff5aff57ff60ff7bffadffc1ffe400060026002d0045006600a000cd00da0116015401490171017d01bb01ab01be01d201f201de01fb01f502130215021b0209020a01f301f601f20207020601ec01f101e201be01cf01d4
MIC 040256 01b301a30188018001350128010c00fb00da00e800b000950062004e00200000ffd7ff92ffb5ff9eff7dff5eff7bff37ff39fefefef7febffeb2feb2fea8fe6cfe5afe1cfe24fdf1fdf6fe01fe3bfe1bfe1dfe21fe11fdf5fde6fe1ffe0bfe17fe2ffe4cfe14fe2dfe3ffe6ffe55fe94fea3feabfecbfed4fed7feffff0fff29
MIC 040320 ff18ff3eff69ff9fffb7fff8fff6001f0009003a00420076008d00af00c800de010301090125014f016c019f01a701c401e101c601f101c9020601c501f001ea021601ea01fb01f3020501e601f601f201d701b601ab0197017d0179017a0172013c0134012f012100df00cb00aa009100620055004b004200370026fff0ffdf
MIC 040384 ffb6ff8bff7cff84ff61ff45ff1eff32fec9febbfeb8fe93fe5cfe4ffe53fe24fe1bfe17fdf6fdd6fddefdc4fdc9fdaffdc1fdd9fe01fddffe0dfe05fe0bfdf9fe30fe25fe54fe44fe84fe57fe90fe94feb8fecafedffedeff1dff31ff5aff75ff8fffd4ffec0005000b003e00400085007f00c700d4011c013a013c01810194
MIC 040448 017c01830183016e0178019b01ae01c301d101e101d401c6020001f701ef01fa02140209022b0226022401fd021b01fc01c9018c016e0132013f0122012d010b00f500ac00ae0088009400790091006f005c0030001bffe9ffc1ff87ff69ff58ff30ff18fee6fee3feaefec3fe99feb1fe85fe89fe81fe74fe52fe4ffe62fe3f
MIC 040512 fe3dfe2dfe4dfe39fe22fdf7fdfbfdd8fde2fdf3fe0cfe1efe38fe4efe5ffe58fe79fe87fe93feb4fec3fef9ff37ff32ff37ff4bff5bff56ff85ffa7ffbbffcb001500210037005d0088007f00a200c700f6011f013101650150017f016d017f017a0197018001af019c01d601a901bb01af01c901aa01f90200021502000212
MIC 040576 01f201d001cd01d601dc01d401cd01b8019d01780190014c0150012d011500e200f700ce009f008d00830057005600380020fffcfff1ffd6ff85ff6fff48ff3ffef0ff06fee2fee8fe92fe93fe80fe60fe2bfe52fe36fe30fe40fe56fe13fe1dfe2afe0dfe0efe0afe18fe0cfe1bfe2cfe26fe06fe4afe23fe33fe28fe6dfe5e
MIC 040640 fe9efec9fee1fed0fee6ff0bfefeff15ff38ff6bffb0ffc4ffd4000b001300000023003d0062007500cb00fb0122013e0161016c019f01df01e201fb0208020101f20215020d020e0208022e01fa020801fd01f401e701ef01f201df01ea01e601fa01fd01f001d501fd01b70181017b015601370119010100d000b500a200a5
MIC 040704 0064005e00320022000dffceff89ff87ff3dff2fff34ff2bff34ff14ff0bfefffee0feb9fe97fe6bfe72fe4afe62fe68fe3ffe4cfe45fe47fe27fe0bfe03fe03fe0bfe10fe1afe17fdf0fdfafddefe11fde5fe38fe37fe3ffe4afe9ffe88fed0febcff09ff22ff56ff6aff85ffb5ffacffb2ffdd0005000e0054006f008b007f
MIC 040768 00ba00c500e800c4010a0118016101530172016701700172018c019101be01d301e0021601ea01eb01fc01fa01c101eb0209021001fa0227020001e101cf01e601b701b701a80190017601420127010200c800c800c0009800870084004d002b00330012fffe0004ffdaffaaff8dff76ff39ff0cff07fee9fec7fec0fedffed2
MIC 040832 fedcfeabfe9dfe52fe2cfdfdfe0ffe05fe10fe01fe18fe11fdfcfde0fe0bfdeefdd4fdebfe11fe1ffe1efe45fe48fe3efe3efe5bfe5bfe80fe90fec7fedeff1dff19ff45ff6eff7affa8ffb6ffe1ffcb000d0002004700710088007b00a9009f00af00c600f900fb01280142016f0167019e01b101eb01cb01cc01af01c101ae
MIC 040896 01e401f401ec01f701eb01e001b801c601e201d301d701e801d101b30199019d018e0193018a016f0119013200f500d600d500bf005a005700540036fff1002cfff6ffc2ff7fff92ff49ff29ff1bfefaff03fef0feecfed3fec5fe7bfe63fe31fe39fdeefe21fe1dfe30fdf1fdfafdf5fdc7fdbefdbbfdb6fdaffddffddafdc7
MIC 040960 fde3fde8fddbfe0ffe1cfe3cfe42fe8bfeadfed7ff01ff19ff2eff5bff5fff89ff95ffafffbcffd9fff20025005a005b0083009800b300880078007a00a100a800f90126014b0150015001800172017901a5019d01ae01c801d401ec01ec01cb01e501cd01c501aa01fc02000216020b022c01ef01f101cb01bd019a0189016d
MIC 041024 016e0125010900e000d800c8009b008a005e005000150007ffdfffd0ffa8ffc3ffa2ff92ff5cff51ff0ffef5fecbfeb7fe72fe62fe2dfe2afe29fe3dfe32fe2efe2ffe20fdfafdfcfe0afe14fe06fdeafdf0fde7fe0cfe03fe17fe15fe24fe26fe33fe1ffe42fe3dfe86fe67feb1feb4fedefefcff3dff3bff56ff67ffb3ffc0
MIC 041088 ffdf000b00240037002a006600600099008200de00de0110013c0158014c015d0153017601720177018a01c301d601d501e6020701e701c101da01bd01d001ce01ea01d801f201d001f401f101f001d301d801c8019b017b01590151011201340122011700db00c00082005900200014001cffe8ffedffd9ffd1ff9dffa7ff52
MIC 041152 ff03fed0feaafe92fe78fe87fe6dfe6bfe6afe3ffe10fe33fe0ffe15fdf9fe19fdf0fdf3fde3fe08fde8fdf9fe00fe17fdfafe18fe09fe11fe0dfe30fe51fe77fe81fe88fea0feb4febefeccfee4fedcff1aff2fff59ff7dffc6ffeefff600100019001f003d0079009800b900f0012401220145015e0159015001800185019b
MIC 041216 01c701e001e101fc01fc0212020e02110224022e0210020501f5020b01f7020e01f2020001fe01ec01b701ac018701580154014d012f01110110010000d2009300b300800073005500530037000effe6fffbffb2ff98ff60ff63ff24ff21ff0afefafef2feeafeb9fe9afe8efe65fe4bfe50fe58fe2efe42fe1dfe2efde1fdff
MIC 041280 fdc7fdc1fdacfdd7fddefdd7fddefe11fe27fe32fe70fe83fe98fe8ffe9ffe68fe73fe64fea9fea3fef6fefeff36ff5bff89ff81ffacffa9ffe4fffa00330058008800ab00bd00d600cd00d800ec010a0100011301560156016101a1019d01a601a201d001e301e301f50217021b0218020a021b01f301d401e3020201df01e3
MIC 041344 01f101e401c801980170017a015b014c0131014a01210119010000fd00ca00b40090006900340011ffefffc6ffb1ff7cff63ff34ff1efed7fecafe91fe80fe7bfe75fe41fe3efe4ffe57fe2bfe25fe3ffe10fe05fdf1fe09fde8fdd8fdf2fe00fe03fe0ffe12fe05fe00fdeafe07fe0bfe18fe3dfe73febbfed6fec4fef9ff31
MIC 041408 ff27ff21ff40ff52ff38ff40ff75ffa7ffc800130037003e00450065008500a400a500f4010b013f0151015f0183017e01a2019301c701a901f601cd01f901f2020501fd02230222020b02220241021f01fc020d01e101cf01ad01b6019001a101630167013b01270101011800f300e700ef00cf0096008c00750040004c003d
MIC 041472 0025fffafff0ffb5ff9eff32ff1bfedafec9fea5fe8ffe81fe7cfe52fe60fe32fe54fe54fe3afe18fe2bfe06fe03fe0dfe2bfe16fe36fe3ffe6efe66fe7dfe7afe7afe77fe4dfe56fe4efe64fe47fe6bfe73fe8bfec0fedbfedaff05ff06ff45ff68ff86ffa0ffdbffd10003000600250012003d0047007a0096009e00d200f6
MIC 041536 011200fe012f014d0157017501d0019701aa01a401e701de020a020d022a023102230236022f021a020d0239021701f7020201f501d201d80180016f0141010a0100011c012e01180117011600db0095009000610040004e004b0055000b0004ffccffd3ff82ff85ff3eff49ff0afef4febafeb3fe86fe90fe64fe71fe58fe4a
MIC 041600 fe63fe57fe37fe0bfe0ffe08fde4fdfefe32fe0dfe01fe0cfe03fdd3fe13fe17fe1dfe1bfe47fe3dfe7afea4febdfee3fee5ff04ff0fff46ff5dff87ff6cffaaff9dffb5ff99ffcefff300160037007f00510072009f00b500db0115014601630179018401a5018a01c801bb01ce01b401cc01b101d401b901e001df01fc01f3
MIC 041664 01e801da021c0228022f02350228020701e101c001be01b2019a019201a1018501800158015c010000f800bd007a004a001bffe5ffdfffbfff8fff7bff4dff54ff0fff1ffeedfee1fee8fef7fea8fea4feb2fedafea1fe8cfe66fe4ffe42fe40fe54fe4ffe46fe3cfe4bfe1ffe08fdfefdfefdfffe15fe17fe27fe3ffe3afe54
MIC 041728 fe61fe65fe6bfea5fe9ffea9fed4ff1fff2fff53ff76ff81ffaaffafffddfff2fffb00010006000700340066008900b200e60120010e014401600169017b01b4019a01a401a501cd01b401df020901f401ea020201f001f20207021002310225021a020f0213020901dd01cf01eb01ae019801a5018901740175013601440110
MIC 041792 010900be00c3007300620026001cfff1ffc9ffb6ff9cff8eff7bff5bff2aff16fee1ff0ffedafee9feb9feb7fe90fe72fe50fe5ffe2dfe49fe49fe35fe2ffe0efdf0fde7fddefdbafdc3fdcffdcdfde9fde7fe0ffe03fe1afe20fe37fe3dfe6efe72fe96feb5feeffef6ff26ff41ff4cff76ff8fffa3ff98ff97ffcfffdd0007
MIC 041856 003e0047004f008800a000b000ec00f9010b01150130018b018f01be01dc01f5020701d101e101d601c301bf01f301ef01ef01f101f601e901f401ef01ff020001f401cd01a3018601810163016e0160014d013d013a012d00c000ed00aa0073004d001b0027ffeefff6ffe7ffd3ff84ff88ff36fefafed9ff22ff0bfefdfec7
MIC 041920 fefffeb5fe90fe8cfe96fe54fe62fe4efe4cfe36fe29fe33fe21fe1afdf4fe07fddcfdf2fde8fde1fdf5fe27fde0fe21fe18fe60fe3cfe66fe6afe91fe7efeabfedffef5ff2aff50ff75ff67ff76ff8effc9ffa9ffd9fff40025002c004700350065004d008b006500b900d10135014401480175019001a301b901d601da01fc
MIC 041984 021002360217023501f301e901ae01ec01c101e901e001e801be01b601b601ad0192019a01b4019f018e017501780161013d0122010d00eb00b400bc00a9007c003f0046fff7ffbdff8eff81ff6fff63ff1aff1dfeeffeb8fea4feabfeacfe79fe7cfe8ffe5cfe4afe51fe2cfe49fe17fe06fe14fe18fdf4fdfdfe08fdd5fdc7
MIC 042048 fdcafdfefdfbfe24fe21fe34fe26fe37fe38fe53fe6efea4fefdff20ff17ff2aff34ff4cff55ff81ffa9ffc4ffe9000900000013001c003d004c0054008100d900d301040115014301480160018201a801c701bb01c601f401f601c001f501e5020801dd021001fe01eb01ca01c301a901ac019c01b501a601b70198018b0178
MIC 042112 014601280122012b010801060107010e00c700d0009900a0004d002afffe0001ffc8ffc1ffa2ff77ff34ff52ff13fed1feccfedcfec7fea2febdfe96fe93fe6efe6cfe48fe53fe1ffdfefdf3fde1fdc5fdbefdc9fdc0fde5fdfefe0ffe03fe1cfde8fe1cfe1afe23fe30fe71fe7efe99fea5feaefeaafee1fef3ff18ff1aff6e
MIC 042176 ff80ffabff72ffbaffa5ffdaffdd00350041007b009800ca00cb010900ff013501470155018101ce01cc01b801c401ce01d601d8020d01f801f801fa022701f8020d01e6020201e202080202020301f9020401cc01da01de018e018001820180014f012f011e00fd00c500a9008b008f00580042001afffaffb4ffaaff8eff9a
MIC 042240 ff70ff63ff60ff2dff17fee8fed0fe9cfea0fea8fe92fe91fe8bfe8dfe4cfe30fe30fe16fdeefe09fe02fe29fe27fe23fdfafde5fdd8fdb5fdc9fdc9fde9fe02fe37fe36fe6bfe61fe71fe73fe8bfe98fec7feedff28ff23ff53ff91ff8affa6ffcbffe7fff700010024002d002e0082008a00a700b800da00f8011001360135
MIC 042304 016a017a01a0019f01b201d601cf0207020201ec020301e402060205021d024a02530248022802340232020301f601c101d00184018f019101800131013800fd00b8009d00b3008400860094007f004600170002ffd4ffadffb0ff87ff65ff53ff2cff42ff14fee7feb8fecffeb5fea6fe8ffeb0fe70fe6afe4afe14fdecfdd4
MIC 042368 fdc4fde0fdeafdd5fddbfdd2fdcefdc4fdb4fdd4fdfbfdd9fdf0fdf9fe21fe0ffe42fe7dfeb4febcfecafee7ff04ff1bff31ff45ff45ff6bff94ffc4fffa001a003a0065007e008b007b00a000d80106010e01460126014d015a0181019a01c301d501c601bc01de01c701d501e6021b021f022d0211022501f801e501d501ee
MIC 042432 01c5020701fe020f01f201cf01ba018c017d014401350122011000ca00c20091007f0074006f00560041001b0026ffe5ffcaff93ffaeff98ff57ff3eff48ff31ff03ff0cfec2fea9fe5cfe5cfe3bfe4bfe42fe69fe51fe57fe07fde8fde8fdfffde6fddbfe15fe08fe06fe17fe1ffdf7fe4afe3dfe4cfe61fe84fe6bfe90fe8e
MIC 042496 fecafed5fef6ff1bff26ff40ff5dff74ffacffc5ffe1ffea001500460058008d00cd00b500c500bd00dd00c200ef011b014f0143015b01640176017a01a301ad01e201d401e001ec0219022302230202021b01c801cd01b901c701c801ac01af01a401850165016f01a001980196019701710122012500f000e700a900cd0098
MIC 042560 007e00380021ffe40002ffbfffc8ff9fffb3ff5cff46ff2cfefefee9ff01feeafed2fe99feaefe7cfe7dfe1ffe12fdf5fdf0fde9fdeefdd4fdbbfda3fdcefdc7fdc5fde0fe00fdf2fdf7fe44fe48fe7cfe63feaffe87feb1fed5fed9feeaff15ff28ff35ff4dff4fff67ff60ff77ffa3ffa8ffd60003000c00330046006a0068
MIC 042624 008400bc00f800db0120011d011f013501530145016a019001ba01e501f7022b022e024e02430271023d023f023e025b022d02460238020201de01d7018d01aa01c701a0016d017201690119010a00f900f600e200d000c4009300620035003b000dfff1ffe6ff9cffaaff7eff80ff3eff37fedbfecdfe9efeb6fe7ffe84fe56
MIC 042688 fe42fe48fe4efe25fe28fe26fe36fe0cfdeffdf8fdf7fdd6fdc6fddafe07fde8fe2ffe3dfe05fe0cfe12fe41fe44fe72fe8cfebdfeccfef6ff13ff23ff2bff45ff41ff6eff9fffadffc9ffeb001d000e001f004c0054006500a200c200e5010101050131012a0139015401850195019701a001a601b301da01ee01d902020206
MIC 042752 020e020301e1020c021901f001e601f8020101e701e501e601d301b801c101b701ad0188016e0145011a00eb00c500af0083008200160040ffffffd9ff89ffabff87ff53ff54ff49ff1efee9fee8fed1fe9efe97fe92fe7dfe4ffe41fe3afe21fe24fe1cfe14fdf8fdf6fde2fe02fdf2fdeefdddfe1efe11fe0cfe0dfe2bfe13
MIC 042816 fe1cfe31fe3cfe5afe77fe9ffebffefbff11ff2dff3aff68ff5bff8fff98ffb3ffb3ffd2ffc5ffe5ffd5002d00370051005f007600670096009c00da00d3010d014001680152017c017e01a701ab01b901eb01f7020201e801e001dc01e301c201da01ed01f001c301db01cc01b9018e01ad01920185019a01c701a4018f0165
MIC 042880 0156010400fb00e800b30087005a003bffe2ffe9ffc0ffd5ff94ffa6ff58ff6dff2dff18fec3fef1fed1feb1fe9ffe8cfe6efe64fe73fe84fe52fe4dfe2ffe33fe10fe03fdedfdd9fdd5fddbfdd0fde7fddcfde4fdedfe0ffe41fe2cfe44fe63fe5dfe6dfea1fe87fe98feb6fee8fed6fef5ff00ff44ff2eff51ff69ff86ffa3
MIC 042944 ffcd00120046003d004e0086009000ad00d6011e01220131013701420130012e01420181017201ab01c801fe01be01e701f901e501ef01ed020701fe0211021d02140212020701c801df01b801bf018d0179015c014d012c01440116011f010400c400a20057004d0035000cffe9fffdffd6ffa8ff7fff76ff38ff1cff28ff25
MIC 043008 fecbfec3fe85fe90fe73fe4ffe51fe58fe24fe45fe2bfe2afe0efe01fdd9fdf7fdd3fde4fdd6fe04fe0cfe23fe4bfe49fe1bfe35fe28fe39fe4cfe56fe74fe70fe90fe99fea0febbff08fef0ff20ff28ff4aff6affa4ff9cffb0ffd7fffffff9003e0080009200cb00f100f400f4012d0141015d018501890175018501980179
MIC 043072 019701c301d001cc01d5020401e701ff020d02260208020e0208020201e701ee01f6020101c701ab0185017801440127015a013701220123011800de00f7010100c20084007a002e0008ffd6fffcff99ff99ff79ff5fff32ff2ffee8fec7feaffeb6fe7ffe6bfe6bfe67fe59fe5bfe76fe5afe2efe1bfe2ffe1cfe15fe0dfe19
MIC 043136 fe11fe0dfdf2fe16fde3fe06fe00fe1dfe25fe23fe2dfe33fe44fe6dfe92fe97feddfeddff1eff27ff35ff4aff58ff53ff77ff73ff9fffccfff8001e004f0064007b009f00e5010100fb013901670167018901bf01e101ed01f301f301e801d901d501b001ce01b701bd01f5020e01fd01fb01f2020201ce01c201de01b901aa
MIC 043200 01bc01a901b101ad016b0187014b013f0111011200d400bc009b00ab005f005a00420017ffe2ffd8ff9eff7dff64ff3aff24fef3fee8febbfec4fe87fe9cfe7dfe67fe21fe39fe26fe54fe40fe1efe21fe10fe05fde0fdf9fdfefdfafdfefe1afdfdfdf5fe0ffe1bfe21fe64fe5ffe69fe67fe71fe77fe86fea8fed0feeaff1e
MIC 043264 ff08ff4bff4aff5eff6fffc0ffb8fffffff60025004d005800690087009e00b700b500cd00e600f9010d014f014c017901a401ae01ce01b801bf01a001e501d6020601f10263024e0249022b01f401e701e501f201cf01d701d901b4019901b50182018a0158016d0135012d010c010700d600cd0094006b005b002e000cffeb
MIC 043328 ffcbffa0ff6bff1fff42ff09ff09feeaff14fef8febcfeb1fe87fe6cfe6afe7efe60fe60fe50fe5efe61fe4ffe38fe37fe1dfdf8fdf1fe06fe08fe13fe23fe1ffe07fe1ffdfbfe3afe50fe6bfe87feb7fea5fe9afeaafeb6fed6fee2ff33ff58ff65ff9effb2ffd4ffef0008004a0050007500b8010300f400e4010601030114
MIC 043392 011a015101680186019901a1019e01b0019901b001a201b901b601d001ea01ed01f10227020b020d01f7020901c801dc01d301b001890191017a0179018301870158014a0115010500f800d500c900b800c800c600ab006c00360006ffdaffacff95ff63ff31ff3aff07fee5fe9bfe9ffe63fe87fe78fe9efe86fe94fe6bfe5f
MIC 043456 fe5bfe26fe26fe19fe10fe17fe39fe23fe19fdf5fe14fde3fe0efe08fe48fe34fe78fe3ffe71fe91fe91fea5fee1fee5ff0bff10ff1dff40ff31ff4fff61ffb5ffb9ffd60027004e0031006400780065008c00c500c100ef01300145013c015a01780176019101bb01c101d001d901d701e601cf0222020001e301e401fc01f7
MIC 043520 01f30226022a01f101e601c801c201af01d001c801cd018a015c0128011b00ef011500ef00e900e000b7006d005900460022ffedffd9ff9eff84ff74ff64ff4fff3fff25fedafeb8febbfe96fe74fe8dfe8efe85fe4efe2bfe0dfdeefde7fdfbfe26fe1afe15fe31fe2afe1cfe20fe0afdeffe04fe25fe0bfe5afe74fe71fe8e
MIC 043584 fe99fea1fea7fed2feecff25ff3aff6cff86ff58ff83ff86ff8fffbb000f00330013004200610057006d00a400d300db00fa0124013d01440158018a017b01b401ad01a801b101e901d801e001e6021c01dc021b0232022e020e020f0220021301e601d801c701af019a01ac01a70177016d01720159014001550123010700d4
MIC 043648 00f100ae00870061006b002c000bffd6ffb8ff8aff73ff5eff32ff18ff1dfefffec9febefeaafe8afe94fe70fe44fe2efe35fe3dfe25fe55fe4efe31fe44fe66fe31fe4efe49fe33fe2ffe29fe02fe04fe19fe33fe1efe54fe69fe64fe75fe78fe8dfeaffebcfec8ff10ff2fff4cff51ff77ff52ff76ff94ffbdffa600190050
MIC 043712 008a00a800bf00ca00df0100014f0152017c017d017f01a7016f019501b401bf01ac01d001ba01c001b301c701cd01e901e0020b0208022102060207021501ed01bc01a80199018d015c016b0164012c011e011e00d10093008c00740078006d0080005d00480033001dfff0ffc5ff98ff9aff7fff6bff3eff13fed1fec8fe84
MIC 043776 fe77fe53fe5dfe35fe44fe2bfdfcfde1fdd8fdbcfdcbfdbefdbffdeffe0bfdfefde4fe07fdf2fe0ffe0efe39fe08fe2ffe43fe44fe26fe64fe69fe8ffeb6fef3ff08fef8ff1dff46ff42ff4cff96ffbfffeb000d001f00290028002f006b009500bb00b500ff00ff01070127012f015e0189017d01ad01db01eb01de01e401f0
MIC 043840 01d50211021a022b021702270227020501e601d301d101ec01dc020c01e401e501ae01990176015f01460127010b010800d100bf00a7008e0048002b0000ffddffb2ffacffb3ff7aff62ff4cff2aff11fecffecffeb0feb4feb7fea8fe6bfe5efe1cfe16fe24fe00fe02fdf3fdf5fdc7fdd3fde2fde6fdc3fdf0fdeefde8fe00
MIC 043904 fe07fe09fe09fe2afe38fe5dfe53fe6efe98febdfec4fed9fef1fee1fee3ff06ff06ff27ff41ff65ff85ffa8ffce0012002900500061009e00a800c200c500f100f4011b01360151016d01680184018f018b019301b101ac01bd01a001e801ef0201020e024301fe021201ca01d101d201e501e001ef01e201e101c901cd01a7
MIC 043968 01810178018f012b010b011400cc00ae008d007f002c002afff8ffebffc6ffcaffa5ff67ff55ff36ff18ff29ff31ff1aff07fec8fef3fe8dfe92fe68fe52fe2cfe43fe15fdf5fdedfe09fde2fe09fe03fdfdfddcfdfdfde9fde1fe22fe1cfe3efe5cfe50fe3dfe36fe34fe40fe21fe4bfe72feaafea9feebfefeff2aff4eff66
MIC 044032 ffa0ffb1ffd300090028003e0078009e00a500a000c700e000dd011101450168018501ac01ac01ad01a001b9019c019401ce01d601fb021501fc0204020001e101d301d601da01ad01b401c601bd01b701a1018d015301710152013101460142013a012f012d010600c1009b0063001efffbffceffd8ffc8ff8eff9bff85ff66
MIC 044096 ff2eff54ff19fef9feedfeebfebbfea7feb1fea2feb6fea5fe79fe80fe44fe44fe2cfe1dfe1afe2bfe07fe09fde6fde1fdcefdcafde6fde9fe09fe30fe5efe52fe85fe99fe9ffe8dfec2ff01ff1eff1fff6eff35ff56ff69ff74ff5aff80ffbaffd70006003c007b008c00e100cd00fe00d7011600fc0131012a016f01390193
MIC 044160 018301aa01b001e701cd01ea01e7020401fa01f7021d023c021a0223022001fd01fa01cf01fa01ce01d001cd01cd01a40180014c0159014a012f0128011e010100c900ce00b6006b004a002f0004ffeeffd6ffc8ffacffb3ff6fff54ff3fff2bff04ff07fef2feccfeb4fea5fe5bfe37fe23fe1efde7fdf1fde3fdfefdcffdf1
MIC 044224 fdc7fdc2fdadfda9fdaafdbffdaffe04fdfefe1afe1dfe06fe12fe45fe6dfe8ffec7fecffefffed5ff2dff0cff2bff24ff50ff76ff98ff87ffb5ffa5ffaaffe8000000200039008e00ad00cc00d2011e0126014c01530166019b01ba01e401de01d801cc01d901cf01be01e301ea01e301e801f401ec01cc01d701a601b701c6
MIC 044288 01b101c201a501ba01c30194018e019601620167015f0137011f011800ff00ac008c006c0041001cffeeffbaffb9ff96ff75ff6eff6dff29ff2dff24ff08fed2fe96fea9fe86fe65fe6ffe6bfe60fe4efe62fe34fdeefdd5fdc3fda7fdd4fdeefde8fdf6fe03fdfafdc3fdf1fde1fde4fe09fe62fe66fe83feacfebafebbfebb
MIC 044352 ff03ff09ff25ff3eff62ff7fff68ff87ffaaffbfffc30001001f003b007c006e009100a800ba00c500fe01230146015f018d019201ae01b201bc01d401e301fc0205020a021e024102120212020b020c01f9020301e6020001ee01f401af01c601bf0194018401ae017801520142012200ee00db00c200dd00bb00a50082005f
MIC 044416 0035ffeaffc2ffa7ff68ff6fff72ff68ff2bff0bff04fed5fec5fec1fecbfecffedefecafe99fe63fe4afe3afe3bfdfffe0afdfbfde0fdebfdc1fdb2fda6fddafdb5fdd1fe1efe14fe17fe57fe77fe5efe78fec1fea7fed7fefdff25fee8ff16ff1aff29ff2dff61ff8affc0ff97ffd9ffeffff0fff6002b00540086009700e0
MIC 044480 0136014f0176018101a1019901a901a301e701e4020d01f8022f022601fb021e023101fe020501f401e001be01ce01cf01d301ea01cb01d7018b01a1017c01910179018301620158013c01580126011a010700c400a7008b0078001c00110008ffd9ffc3ffa3ff9eff78ff66ff1efef7feedfec2fe92fe6efe73fe58fe60fe62
MIC 044544 fe5efe63fe64fe33fe47fe12fe0cfdf1fde9fdcbfde8fdb5fe05fdfbfe31fe27fe54fe25fe4afe2dfe5ffe67fe90fea7fec6ff01ff10ff1cff1bff4dff30ff51ff7aff7eff85ff94ffb2ffe1ffac000400310059006f00a900c500f0011301390155015f0173016f019501a50192019b01a901b801bc01d401f601fa01f701f7
MIC 044608 01f101fd020001f6022501ec020201df01fe01d401e601c601d901a1019e01690157010800f7011b00ec00c300ae00a6005c0065003c00250010001efff6ffeeffa0ffa7ff35ff22fecbfec7fe97feb5fe96fec5fe95fe8dfe5dfe3afe3dfe28fe24fe20fe27fe10fe02fe09fe12fdf0fdedfdf0fe13fe1efe28fe34fe4cfe59
MIC 044672 fe7cfe57fe52fe77fe6afe70fec4fecafeccff1fff27ff48ff2fff6fff43ff65ff84ffbdffd9001300300057006a009d00a300c300b500d500f00112012c0164019001b30198018301bf01d201d101fc023d02100224022f022701ef01f8020d01fa01ff01e601cd01d7019e0194019601c201a10191019d016a0171015c014f
MIC 044736 013400eb00d600aa007100200019fff6ffe2ffbcffb9ffa1ff71ff6aff4dff26fef1feb4fea9feb6fe7cfea8feb6fea5fe77fe74fe4bfe2dfe12fe2afe38fe5dfe51fe35fe11fe00fddafdd8fdcdfddcfdd0fe04fe20fe17fe19fe41fe52fe5cfe74fe72feaefeb1fed5fee1ff1bff0eff18ff38ff41ff5effa3ffd300080021
MIC 044800 006a006900a400a900c900ce00f000ee00f000ed0120012e0140016e013e0168017a01ae019201cb01c201f101cc01fb01f20220021d0230022d02360229022b022601fc01f001ce01e801b101a50181017e0155015f0124013f010700ed00b10088004f007b0044004400390010ffeaffbfffa3ff7bff74ff42ff0cfee8fefe
MIC 044864 fed1fea0fea1fea4fe77fe45fe2efe26fe15fe20fe28fe37fe0dfe08fde6fdf7fdbefdf6fdecfe02fdd7fde3fddafdf1fde9fe27fe14fe30fe2dfe49fe31fe7cfe9cfed1ff0dff1eff25ff42ff55ff3bff33ff75ffa3ff85ffd80014006b005500bb00b400a7008f00db00dc00fe012d015b016f017801ad019c01cd01be01e1
MIC 044928 01b801fc0208021c02110223020f020901ea01dd01db01e301f201f301d501b601a20188017c0176019201670143013b010800bd00e300c200a9007b009a007c00590063002600200002ffe2ffadffa1ff9bff79ff6aff4eff12feddfec1fe95fe8bfe64fe6afe5dfe4bfe24fe4efe1ffe29fe2ffe15fe0efe15fe1afe09fe31
MIC 044992 fe19fe1cfe01fe09fe04fe0bfe26fe30fe21fe55fe4bfe5dfe61fe97fec3ff06ff0eff2aff2fff4bff6eff79ffbeffb8fff1000e0047004c006600740082007500c000bf00ff01180140016201750162018e019b01a401b001d801e001dd01e30216020201fa020401ec02020200020e0211021d01e501dc01c901cc01af01a8
MIC 045056 01c0019c0188019c0159013b010300e100e000d6008c00a8006400770032003e00470007ffe0ffdbff9eff63ff46ff09ff0cfecefebcfedafeb7fe99fea9fe69fe66fe37fe42fe03fe0dfe0efe21fe1efe20fe04fdf7fdfcfde6fde2fe0afe27fe20fe37fe46fe55fe66fe41fe5afe5cfe4dfe7afea2fe99fea4fef9ff2cff3e
MIC 045120 ff44ff71ff83ffbbffaaffceffd10004000900520088009500cc010f01200122013d01680168016c01a101ae01c801d801f401f602210200022d021b022002260242020b022f020d0214020f021401e301ef020001e801d401cc01c20173018c0157013c014101570114010800b60099005000540021002700200021ffeafff8
MIC 045184 ffb8ffadff7dff53ff2ffefbfeeffedcfec9feb1feb6fe84fe86fe52fe4dfe1bfe33fe1afe34fe0dfdfbfdeffde8fdfbfdfdfe02fdfefe00fddffddafdf9fe0dfe0ffe33fe5efe45fe53fe6afe7dfe96febafeedfef3fefbff46ff52ff6bff93ffccffa9ffc5ffdbfffe002f00750095007f007e008c008400a400de0117011d
MIC 045248 0152019f0194017d01ab01bb01bb01c701e201ed01ed01e40207021202310216022e021c02390225022302130224021c01fa01f701c6019101810171013e011000fc00e400c100b0009e00810089004000350015fffdffd3ffd7ff95ff78ff55ff5eff37ff2fff3bff25ff2dfeeffed7fe98fe96fe6dfe85fe8ffe8dfe5efe78
MIC 045312 fe38fe23fdf4fe00fdc3fdc1fdeffdd6fdcefdd4fdeafdddfe11fe07fe10fdf9fe40fe25fe51fe59fe9ffeacfeecfee0ff12feedff2eff4dff68ff7affb4ffdeffb2fff20014002f00300072007b009100c000f600f6012e011a014f014a0159018801bd01d201e601ed01e101ac01c301c701bc01d401e601e701d1020e01e9
MIC 045376 01fd01ee01ef01c001c701d701cc019801ad018f016d01490140011700f900ef00e200aa00b80079006f005a005b0012002dffe1ffd5ff79ff72ff54ff17fee6feeafec3fea2fe8bfe7cfe81fe5cfe6afe54fe11fe0dfe36fe13fe2bfe25fe23fe23fe03fe06fdfdfe0dfe12fe36fe45fe51fe34fe27fe49fe42fe61fe78fe9d
MIC 045440 fe85fe9dfebdfec5feedfefeff17ff1eff44ff56ff8bff8fffadffb2ffc9ffd3ffd500050046005e009700de011a0130015501670161015c018801a0019501d901f3020802320246022a023a0221022b01f40216021b022a022302380222022e021501eb01bf0195018d018b01730154016b012a012c00d500b7005b00610018
MIC 045504 002f00240034000c0021ffe0ffc5ff87ff7aff52ff56ff2eff34ff0eff14fed3feaafeb3fea7fe8dfe9cfe8afe66fe7afe53fe51fe4efe4efe53fe4ffe21fe09fe09fdeffe01fe23fe1afe11fe49fe6efe50fe6cfe68fe59fe63fe61fe86febcfee6ff05ff2cff47ff6aff4aff74ff74ff7aff7effd4ffe40023003c008a007b
MIC 045568 00b900c800fd00ef01290119016d01730185018a01b801a7019a01aa01d6020701fa0211022d02320223024302470232021d025e0225023a020b023801e201e901cf01bd01870164013f0140013300fb00ee00c300b20093009d00640045001300040009ffd3ffebffbfffa6ff8cff72ff6fff33ff13feffff17fed8fed9fec0
MIC 045632 feb5fe81fe86fe66fe58fe19fe19fdccfdedfdcafdc4fdbffdc9fd86fda1fdb0fdbafdd5fe12fe2ffe2bfe30fe4ffe56fe78fe9ffe97febffee3fedcfeffff20ff30ff29ff2aff4dff4cff76ffa5ffed0014002b0035004c005f008000af00d100fc00e5010200f80131013a0160015b019a01ad01e401f201df01d701bd01d8
MIC 045696 01d001f002020228021202310221020401eb01cc01c101ce01d001ed01f801d201af018a017b0175013c014d00f600ec00c0008c004d0057000e000efff0ffc9ffacff7aff69ff4dff1bff32ff0dff01fee9fef0fed0feb8fea1fe84fe43fe0efe21fe09fe0efe1afe0dfdd2fdc8fdc6fdfefdc2fddbfdf5fdf7fdf7fe15fdfa
MIC 045760 fe03fe25fe46fe52fe7cfe9dfe7ffe9bfea9fe88fec5ff07ff04ff50ff51ff98ff77ff98ffa6ffb5ffa5fff4ffec003e004a007e00a300c900e400d400ee011e01230119015a017c016c018101ba01cc01cb01cd01cb01b601b101b401eb020002010208020801e701ec01fb01fa01f301da01bf01de01b101b2019401920173
MIC 045824 0151014f00f300ea00e000e900df00d400a20090004f0017fffbffd8ffa1ffa4ff8eff4bff1aff11fee7feb9fe8efe78fe46fe51fe51fe4efe63fe65fe49fe2efe3bfe18fe0afde2fe19fe02fde5fe0ffe17fe00fdd7fe0dfde5fddefde8fe14fe1cfe27fe57fe63fe73fe8cfea3fec9fefeff30ff67ff63ff91ff8bffa6ffab
MIC 045888 ffc5ffdaffea003e005a0071007c007e006b0086008100e5011b0138012f017e014a0161018b019601a401b201eb01da01e6020f01f801f90203020402020222020c020c01e801ee01cc01ad0196017601ad019c018f017c01580140012e011a010a010000e100df00b000a80069004a000cffeaffc2ffa5ff93ff92ff5aff32
MIC 045952 ff29fef8fedffee1fed2fec6feaffea9fe5cfe70fe56fe4cfe2efe2bfdfffdfefdeffddbfdbcfdd5fdc1fde0fdd9fde1fe0dfe2afe10fe00fe35fe2ffe37fe64fe7efe67fe9ffeb9fec9feddff26ff38ff3eff78ff8fffa4ffd4ffdeffdd000d002b00320028005900620098009300ce00c600e100db012f01490194019f01bf
MIC 046016 01b001b501ce01fd01e50211020c020802250235021302300219020f01f101da01da01b701c801b201a001850165012b010900f000fd010b00e800d900fb00b700b900b300ac0093009000740027fff2ffccff92ff65ff6dff01ff00fef4fed8fea7fec3fe9ffe89fe74fe68fe2bfe10fe0afe0efe0dfe37fe22fe29fdf7fe0e
MIC 046080 fe07fe15fe01fe13fdf8fe0cfe17fe3afe3bfe50fe67fe7efe85fe85fe95fea2fec1feecfeeafefcff33ff54ff60ff5aff9bff9effadffcbfff0000c002100610076008f008f00b800d200f0011901310152015501880186019401b001db01b701d201f001ef01f3020c020e01fc021801ec01e101d9020e01d4021101e501ef
MIC 046144 018801ab016d015e0150017d01430140010e011000db00c900b900ab00af008a006d0031003a0009fff7ffc0ffc2ff85ff41ff20ff2afedbfed0feb9fec7fe96feb8fe76fe79fe4afe72fe2dfe45fe37fe34fe2cfe1afe01fe23fe21fde2fe09fdeffdf4fdc6fde9fde8fe0dfe09fe10fe13fe2afe4bfe42fe72fe88fe9afebd
MIC 046208 fefeff27ff4fff42ff7dff76ff9cffafffd1fff6002e0043006d00830088009600c700e60100013c015501500172016a0184016501c901ca020401e0021b01d601f701e6021801e70208020b0225020b0219020901ee020101e001c301ac01dc019a01900180019b0131013e011f010600e900f500c700bc008900380027fffe
MIC 046272 ffcaffd1ffecff90ff95ff80ff86ff16ff1aff03fefdfec4fed2feacfe63fe22fe24fe1cfe02fdd4fdeafe02fdf1fdfcfdeefdf4fdeefe03fdf6fe1bfe10fe0afe2ffe43fe20fe3afe57fe67fe63fe81fe8bfeaefeaafec9febdff19ff13ff0aff35ff59ff5cff85ff8effadffbeffeafffe0018001b0044006b00ab009e00cc
MIC 046336 00f901130132016501740158018e019f01c001b301d401ba01c601d90210021a023b021e023a021201f401f401fb01e301c701d401a901b701800190017c0171014e014b0122011300f900f000f100c600a70072006d004a00140004ffe0ffc7ffa4ff82ff8aff5dff4fff3cff38ff12fef5fecafec3fe7ffe83fe48fe58fe29
MIC 046400 fe57fe11fe06fdd6fddefdcbfdd8fde2fe10fe16fe4dfe14fe17fe05fe01fddbfe01fdfbfe33fe28fe76fea1feb3feb8feecfef3feeaff07ff2cff46ff51ff86ff64ff72ffacffbeffe8004e004d00a000bd00ee00cd011e011a01180120015b0141016e0192019f01cc01f901e701e001d201c001cc01fd0213021002100218
MIC 046464 01fb020e020c021d020c01ed01bc01b8019f017b018401a40199017501640143011d010100f300ba00d1009f00900057002700130003ffe5ffb4ff9cff68ff52ff2eff40ff01fefffedffed8fec7febffe60fe6ffe42fe14fdf7fe17fe1ffdecfde1fde6fe09fdf3fdeafdf3fdf8fdfbfe00fe2afe38fe32fe49fe41fe5efe74
MIC 046528 fe68fe85fe82fe88fed5fef5fef1ff09ff22ff23ff1dff56ff6eff7fff9effceffed000f002a004e0088009600a000bd00e6010800f6012701240152015f018d019d01cd01a401ee01d601c9018e01dc01f2020c022f025602380215021b0205020c01f801cb01c701d101b701ad01aa01c401680155013f015a010a010500f2
MIC 046592 00ec00c900b100af00a5007e00890062005500340018ffdeffb3ff74ff54ff22ff11ff1efefafef8febefe82fe4efe42fe16fe13fe0dfe2efde7fe08fde3fdc7fdc2fddefddafda5fdeafe08fdd2fe07fe0dfe1afe12fe61fe41fe63fe8efea2fed5fef5ff0afef3ff10ff09ff3cff1aff55ff69ffc3ffa4fff7ffeb0005ffe9
MIC 046656 00530048007b008000b700cc00ef0106012701150142014b0159017d019901a601c2020801f501ff020c023901ee02080210020101e5022401f4023001fe020201f301d2019a019101a3018c01900186017c013c0139011800e100c700ce0087007000430042001f0013fffeffd6ff8eff80ff35ff38ff21ff0afed6febdfeca
MIC 046720 fecdfea7fe95fe95fe72fe65fe5efe59fe20fe09fe10fe09fde7fdf6fdfdfe0bfe12fe31fe48fe27fe22fe1ffe18fe1efe29fe55fe60fe70fe7afe8dfe93feadfeb0fed0fefcff0aff3dff5cff8fffc4ffc9ffd1fff200060028003a005f006c008f009a00ad00a100ba00f000fe012b014201590189018401a3019001a501f5
MIC 046784 0216022d022702390244020d01fa01f6020001ef0202021201ee01fc01ee01e301d401b70182019c018d017f0149014b0116011600ff00ef00c5008e005b0043fffcffe4ffa2ff9dff9cff8cff7eff75ff43fef7fedafe97fea7fe85febefe98feabfe61fe48fe38fe36fdecfe03fdfefde3fe1dfe39fe18fdf4fe15fe16fdfd
MIC 046848 fdf5fe25fe2ffe42fe43fe72fe60fe84fe5bfe75fe4cfe8cfec4febffeebff28ff13ff3eff4cff72ff43ff8cffccffb4ffb6fff700070003003a005b0092009e00e000f1010e0129017f01750189019801d601e502120248024e024b0268024d0241025e02470218020e01ea01c3018d019301b4019c01c001c101aa019b019d
MIC 046912 0188016b0149014000f3010100df00e6008600a00069006200190022fffeffeefff1ffe4ff94ff8bff61ff34ff0cfeeafefcfed8fecdfea7fe9dfe61fe45fe20fe26fdfcfe21fe1afe53fe00fe2bfdf3fdd7fddbfddefe12fe36fe68fe71fe4efe52fe5cfe57fe4dfe30fe83fe74fe9bfe97feabfea9fecdfed1ff1bff39ff5c
MIC 046976 ff56ffa3ffa1ffd3ffd70037004d0059008200c500be00e200c200cf00fb0113014f015a018c01a401a401b401c601de01ee01f7022502190242024b0242021302360217021301f1020101f501ea01d701e3018c019e0178017d018501770182017e014c0118011d00db00b50069006a004a00350006001effc9ffc0ff83ff96
MIC 047040 ff71ff47ff58ff2cff07ff10fef4fec8febbfe9cfe61fe67fe5cfe3afe15fe1ffe3cfe0efe17fe08fe1afe06fe30fe4efe2afe0dfe20fdf2fe1efdfcfe18fe0cfe1bfe42fe5cfe7ffeb0fe9ffec0feb6fec5fec7ff1eff22ff4bff5eff85ffacff90ffb0fffefffc004b007f0078008400aa00c400bf011e00fd011501320152
MIC 047104 014d0180017c017101b301d701db01f7020502180217023202360227023202000233020501eb01df022501dc01cc01e001ea01d101ee01a8019a014d010c00ce00be00b400ac009400a600580037fffdffd8ffbbffb4ff86ffadff95ff71ff80ff46ff0dfeeafef6feabfeacfeb0fea2fe7ffe77fe3bfe25fe08fdf4fddffded
MIC 047168 fdd8fdfffdcefddafdd1fdddfdd4fe20fdfcfe07fe32fe3efe35fe1efe5dfe63fe8ffe93fecefeb1feecfee6ff16ff2dff46ff52ff6cff8dff98ffd2ffef000b0016004300320029003a00650091009e00c900f500f40119012a0174019201b701dd01e401f701e7020d0216021001e9020a01fa01df01b201e301cf01d001af
MIC 047232 01d101cd01c301c801b901b20196016f015e013e011b01080126010700ee00ca00e0007c007400310029fff4ffddffadffa5ff7eff6cff71ff5fff4fff1afef3fef8fecbfebdfee2fe9ffe68fe4ffe24fdfffde0fdd3fdd3fdb2fdd6fddffdfafdf8fe14fe03fe0bfdecfde4fdddfe05fe02fe2bfe16fe53fe53fe66fea2fe9f
MIC 047296 fec1feb8feccfedefee1ff04ff5aff55ff85ff6cffb0ffa6ffbbffcc000e002a006b008700a300a000c700e4011600fd01630156015c0165016c0188019901a401b001e901f502090201020e01fb020701d001fb020002180206021d01e901cd01b901bc019101b901e301cb019a01910173012e011d012500db00d000a80070
MIC 047360 0055002cfff7ffd1ffb9ff90ff74ff4cff3eff1efef3fef9fee2feb9fea2febdfebafeacfe92fe93fe81fe66fe54fe70fe2bfe49fe15fdfcfde3fe00fdd1fdf7fdf9fde3fdf7fe1afe11fe22fe3dfe6ffe47fe57fe8afe5ffe70fe82feb7fecdfeffff0bff2dff4bff73ff9dff99ffc5ffdbffec00120026003d005c0083008f
MIC 047424 00b100cc012e012501360155017e018f019101970192017e01b801b401c401c701de01db01c801d401e5020001ed020a01ee01f20202020401c801da01e301a2018001940155010e013a013b010f0125012c010a00d200b100aa00650052001afff0ffe0ffdfff85ff77ff63ff3aff16ff05fee6fecffea7febbfe74fe61fe5c
MIC 047488 fe3efe31fe1dfe05fe17fe0efe28fe08fe1efe0cfe06fde2fdedfdc7fdcffdeefe12fe40fe1efe41fe4bfe3bfe2efe75fe7efe96fe8efeeafee7ff3fff44ff92ff6aff95ffa8ffc8ffbbffe3000300580020006000780098009600bd00fe010401100117013901410164016f01c701c401b801b301fb01ec01de0202020e01fe
MIC 047552 020902390210020501f901e601c401c30199017b017f018701720178016e0160012c0123013601390124012f00f600c500b700a30056007a00470028fffbffe5ffbfffaaff7aff59ff28ff2bfecdfe9efebdfeaefe8afe7afe98fe4afe32fe47fe60fe14fdfffde3fddafdb4fdcbfdadfdf3fde9fe0cfe0cfe10fdd4fe0cfe00
MIC 047616 fe18fe09fe2cfe4ffe3cfe75fe68fe92feaafecafec8ff1eff1eff59ff5aff9aff9cffe5ffe6003a0010004900510076006c008400e000e500d90120014a01450166016a014e015701b501ba01e20204021c01e7020801e001c301c601d601d701e901e201ed01ff01e601de01b001bb01b801890198018701600154014d014c
MIC 047680 0141010f00f600b200b100b30087007500580066003b0008ffcbffa4ff67ff50ff1eff24fef2fee9fed4fedafe99fea8fe90fe99fe6cfe6efe55fe4cfe36fe33fe23fe3dfe54fe29fe0efe21fe0ffde5fdf0fdd6fdf7fdeefe46fe2afe15fe33fe51fe53fe5efe6dfe8bfe94fec6fee2fee5feefff33ff55ff61ff99ff7bffcf
MIC 047744 ffcafffe0020006a0091009300bd00f100e000fe01340144015d0164016901a40184019901cc01ee01ce01fb01fd01e001b601e801b201c101d501f201f401fd020401fc02290201022c0210024901f8020201bd0192015a012d011300dd00c200d300b00085006700510007fff00012ffe6ffe9ffe8ff9cff61ff64ff5cff35
MIC 047808 ff1eff2efeeefed6fecafea4fe6afe27fe3ffdf2fdddfdd4fdf6fdd8fdd7fdcbfdbefdb9fda7fda8fda0fdcbfdebfe19fe28fe36fe19fe2ffe14fe35fe50fe6afeb0fecafebafecaff19fef8ff52ff51ff79ff81ff74ffa3ffc4ffc0fff700070048004d007c00bb00c500ca00f0014301170175017501bc0199019001bc01a2
MIC 047872 018901c601bb01cb01eb020101f001ce01ec01e001d601f8021502120217023602130213020401e601d601ac01a0014a013d0138013c011700d900aa0083003a003000190009fff8fffe0005fff5ffbbffb1ff8aff49ff2dff62ff39fefbfecefecdfe94fe89fe7cfe58fe59fe54fe38fe26fe10fdedfe1cfdf8fe00fe35fe1e
MIC 047936 fe20fe41fe51fe03fe08fe24fdd1fdfffe23fe4cfe39fe78fe7dfe7dfe83febafea9fec7fee7fef0ff1fff38ff50ff7dff8bff96ffb3ffe30001003e0071009a00be00c400e800fd012801130150016a016d018e01a201a3018801b701ca01c101d901eb01e701cc01df01ef02000201022001fc020201ed01e401e701d201c7
MICEND
I (222823) M1: command=r
I (222823) M1: blocks=83433 dma=83433 render_max_us=66 deadlines=0 write_errors=0 short=0 tx_q_ovf=0 gaps=0 running=1 failed=0
I (228433) M1: blocks=85536 dma=85536 render_max_us=66 deadlines=0 write_errors=0 short=0 tx_q_ovf=0 gaps=0 running=1 failed=0
I (238433) M1: blocks=89286 dma=89286 render_max_us=66 deadlines=0 write_errors=0 short=0 tx_q_ovf=0 gaps=0 running=1 failed=0
I (248433) M1: blocks=93036 dma=93036 render_max_us=66 deadlines=0 write_errors=0 short=0 tx_q_ovf=0 gaps=0 running=1 failed=0
I (258433) M1: blocks=96786 dma=96786 render_max_us=66 deadlines=0 write_errors=0 short=0 tx_q_ovf=0 gaps=0 running=1 failed=0
I (268433) M1: blocks=100536 dma=100536 render_max_us=66 deadlines=0 write_errors=0 short=0 tx_q_ovf=0 gaps=0 running=1 failed=0
I (278433) M1: blocks=104286 dma=104286 render_max_us=66 deadlines=0 write_errors=0 short=0 tx_q_ovf=0 gaps=0 running=1 failed=0
I (288433) M1: blocks=108036 dma=108036 render_max_us=66 deadlines=0 write_errors=0 short=0 tx_q_ovf=0 gaps=0 running=1 failed=0
I (298433) M1: blocks=111786 dma=111786 render_max_us=66 deadlines=0 write_errors=0 short=0 tx_q_ovf=0 gaps=0 running=1 failed=0
I (308433) M1: blocks=115536 dma=115536 render_max_us=66 deadlines=0 write_errors=0 short=0 tx_q_ovf=0 gaps=0 running=1 failed=0
I (318433) M1: blocks=119286 dma=119286 render_max_us=66 deadlines=0 write_errors=0 short=0 tx_q_ovf=0 gaps=0 running=1 failed=0
I (328433) M1: blocks=123036 dma=123036 render_max_us=66 deadlines=0 write_errors=0 short=0 tx_q_ovf=0 gaps=0 running=1 failed=0
I (338433) M1: blocks=126786 dma=126786 render_max_us=66 deadlines=0 write_errors=0 short=0 tx_q_ovf=0 gaps=0 running=1 failed=0
I (348433) M1: blocks=130536 dma=130536 render_max_us=66 deadlines=0 write_errors=0 short=0 tx_q_ovf=0 gaps=0 running=1 failed=0
I (358433) M1: blocks=134286 dma=134286 render_max_us=66 deadlines=0 write_errors=0 short=0 tx_q_ovf=0 gaps=0 running=1 failed=0
I (368433) M1: blocks=138036 dma=138036 render_max_us=66 deadlines=0 write_errors=0 short=0 tx_q_ovf=0 gaps=0 running=1 failed=0
I (378433) M1: blocks=141786 dma=141786 render_max_us=66 deadlines=0 write_errors=0 short=0 tx_q_ovf=0 gaps=0 running=1 failed=0
I (388433) M1: blocks=145536 dma=145536 render_max_us=66 deadlines=0 write_errors=0 short=0 tx_q_ovf=0 gaps=0 running=1 failed=0
I (398433) M1: blocks=149286 dma=149286 render_max_us=66 deadlines=0 write_errors=0 short=0 tx_q_ovf=0 gaps=0 running=1 failed=0
I (408433) M1: blocks=153036 dma=153036 render_max_us=66 deadlines=0 write_errors=0 short=0 tx_q_ovf=0 gaps=0 running=1 failed=0
I (418433) M1: blocks=156786 dma=156786 render_max_us=66 deadlines=0 write_errors=0 short=0 tx_q_ovf=0 gaps=0 running=1 failed=0
I (428433) M1: blocks=160536 dma=160536 render_max_us=66 deadlines=0 write_errors=0 short=0 tx_q_ovf=0 gaps=0 running=1 failed=0
I (438433) M1: blocks=164286 dma=164286 render_max_us=66 deadlines=0 write_errors=0 short=0 tx_q_ovf=0 gaps=0 running=1 failed=0
HOST command=r elapsed=420.047s
MICBEGIN rate=48000 samples=48000
MIC 000000 041402060226021f024a02450242021b023d0208023e022b021a021a0206020401d901c1018f0171014d0145010401170110011200f5010100bb00a9006e004a002a0018000cfff3ffd3ff9eff7aff62ff77ff2aff59ff4cff2cfee7fee5fecdfea9fe90fe9efe8bfe63fe66fe72fe52fe45fe1afe13fdf3fde8fdf5fe13fe17
MIC 000064 fe16fdf8fe21fe12fe20fe35fe76fe79fea7fec4fef5fed0fef6fefdff2aff0eff36ff1eff46ff58ff6dff8fffacffee00050023004d00510056006f008b00a300b8011d013d01500181019b01740178017f018f019901af01d901e101fa021401e201e7020d01fc01f40206021501fc021d021f022101fd021501f101a501a9
MIC 000128 019f0173017e015a01580101010000c000a9008600880075005b0027001d0003000afff1ffdcffb5ffbeff97ff51ff51ff1dfefbfec8feecfe96fe66fe46fe3cfe0dfe28fe12fe20fe0afde9fdcefdf9fdf1fdedfe02fdf2fdf7fe06fe25fe1cfe18fe4efe68fe5bfe8dfe78fe8ffe9efea4feaffec8fee9fef8ff20ff55ff40
MIC 000192 ff4eff6bff68ff66ff79ffd3ffd5fffc0005004200350068009200ed011a013d015e01630147017d01a001ab01e7020502220213021d01f601c801c601e301bb01f2020e02070203021c01e201e501c001d501a901ac019f01b00177014c0129012e00fc00da00f400ef00d200de00a8007900660032001afffdfff3ffddffc5
MIC 000256 ffabff8eff65ff79ff57ff31ff31ff41ff0bfefafeeffedffebcfe78fe6efe5dfe26fe3ffe41fe2efe02fde8fdd7fdbffdb4fdc6fdf1fe1afe39fe40fe45fe1cfe24fe2afe46fe54fe78fe91fec7fec7fee5ff0cff25ff39ff4bff5fff86ff9effbbffd3ffc7fff7fffc002c0043005a008400be00be00c500df00f400e50104
MIC 000320 013701770195019b019a01bb01b901b901c901f601dd021a020a022f01f8021201fc021201f501fd01d701ea01ad01b4017b0170014701440123010e00e500cd00e300d100b1009f00920058004a00250027ffa2ffcdff9effabff68ff5cff21ff0cfeeffef6fed4fec3fed1fec0febcfea8fe7efe64fe5cfe40fe43fdfdfe22
MIC 000384 fe0afdf2fde1fddcfdc3fdc3fdedfdf7fdf0fddcfe2afe0cfe26fe30fe58fe63fe80fe7ffebdfeadfea9feb8feddfee5ff02ff24ff74ff5cff7aff86ff9affa2fff600070058004b0071007b009700b200db00e50131012a015c015e01980174019001a401a6019601d701de01cb01e001f501f001d901e301ef01fa01e201ff
MIC 000448 01fa020001e701b001a101ab01a5018501690137010300d000f200df00b100ae00bf00770056003e000affeaffefffddffdbffbbff96ff7bff7eff52ff30ff1cfeddfecdfeacfe9bfe7efe96fe90fe72fe4bfe5cfe62fe4ffe45fe4dfe36fe27fe23fe28fe1cfe0bfe11fe03fe0dfe28fe0bfe3efe3dfe61fe5bfe77fe7bfe90
MIC 000512 fe69feaefeb9ff07ff08ff34ff37ff41ff48ff78ff81ffb3ffd2fff6001700380047004a0078009e00d900fe012e012c0149013901530169017a0166018d0184018d01c901e801e701fc01f001c901e301ed021b01e901fd020701e801bf01d201c201de019f01a601720143012000fd00fd010900f400c800b900840051005f
MIC 000576 00690056002a000f0008ffeffff3ffdeffb2ff7eff49ff1ffef8fecdfee3fec4fe9dfe95fe84fe5bfe4dfe4cfe38fe27fe40fe28fe0cfe11fe23fe0efe33fe57fe55fe3bfe3bfe38fe14fe1cfe3afe4ffe67fe5ffe5dfe8afe71fe96fe8bfeb9fea3fed5fed8ff2dff3bff7eff85ffa9ffc0ffeeffe30024002e0085009e00cb
MIC 000640 00d300d000dc010301000127016401680180019501bc01a801d001e101e001c301e901d901e501d701dd01d401e901f201fe01e3020602160213022201f501a20197018c01720166016d014e011400e000d500b9009500900079006e00350046000bfff7ffbafff1ffa7ff92ff36ff36ff0aff14fefdfefafec8fe8afe80fe91
MIC 000704 fe6bfe5bfe69fe3dfe12fde8fdd2fd96fdcefdc5fe03fdfbfe18fdfafdfafe06fe05fe09fdf3fdf5fe02fe2cfe46fe64fe56fe71fe87fe8ffe7cfec4fedcfefbff16ff2bff28ff3cff45ff44ff81ffca0017004d00860061008e009a00a100bf00e301200141016f019301a801b301e101d601fe0207020f020602240228022e
MIC 000768 0228024902510209021e021801f501be01bc01a2018801730181015e015d014a01460123011000ce00ea00ce00a800b100ad008d0066004f0018fffaffc6ffc8ffbfffcbff9cff97ff7cff3eff25ff07fecffea7feabfeabfea1fea4feadfe9dfe78fe4bfe2cfe32fe1dfe01fe15fe18fe11fdfafe03fe0afe17fe17fe39fe44
MIC 000832 fe37fe34fe3dfe4ffe48fe6ffea0fe97fec7fedffeeffeeafefcfee0ff15ff26ff48ff5effa9ffc3ffdbffeb00330046007b00ac00b300e90111011c01400163016b0181017d019601aa01a101a001a30182019e01a201c201c601ee01eb020401e301e701f701f4020901f901f901bb01e601c201a7015b01a80163015b0145
MIC 000896 0148011f00f500e900c4009200800083003f00210002ffedffadffadff80ff68ff2eff3bfef8fef2fedefedefeb5feb4febcfeb0fe7dfea8feb0fe8ffe94fe80fe7dfe37fe50fe2afe20fe00fe17fe01fe13fe14fde5fdeffe04fe0ffe1afe28fe2efe39fe68fe7dfe98feb4fedafec6ff0cff0eff38ff65ff80ff98ff9eff88
MIC 000960 ffaaffc2fff5fff5002f005e006c007700ad00c100c100f50115012a0146014c015b015f018001a201b301d901c101ac01d701ed01eb020202210227020e01fd0224021001cf01dc01f001cc01bf01c401ad0188019e01a10174014d011100ef00d100aa0094007b0057005200400003ffdeffb9ff8aff5dff3cff6dff47ff2c
MIC 001024 ff4cff19feeafee1fed1fecffeb7fedafedbfeb6feb3feb2fe75fe52fe3bfe2afdfcfe16fde3fe16fdeefe1ffdf1fe1efe1efe19fe25fe4dfe62fe5efe80fe9cfeabfebdfee5fef6ff1bff23ff78ff56ff5aff51ff95ff76ffa0ffc1001b00340061006b00a3009c00a900b300e700f500ef01310130012001340181015d0185
MIC 001088 019801b901c501f101f101f6020c021301f201ee021a01ee01fd020801fe01eb01e801ea01da019c01a3018f017b015301420158013100e500ee00d800c500b800c20084003e0026000efff6fff0ffcfffc3ff8eff82ff42ff38ff08fed5fecefeaffe99fe9bfe63fe49fe2cfdfffde3fdd6fe0cfdeffe2afe39fe47fe27fe5c
MIC 001152 fe3efe4afe1ffe3cfe3dfe70fe49fe7ffe75fe94fe8cfe8ffea1fe9cfe9afea2feaffebffedeff0bff4dff49ff8bffa7ffc7ffc6000800110060004300770069007800bb00ed0105011f0139011300ff00f201050130015c018901b401c501e401c801c301a801ca01f002180228022a0219021901fe01f301ca01c801ee01f1
MIC 001216 01ba01c601be019f018a01b401850163014b013200d700c200b100910060002f0023000dfffdffe4ffd2ff8fff7dff21ff12fef4fefafee0ff05fed0feb1fe4efe51fe25fe06fe11fe37fe0dfdfdfdf6fdc7fdd2fdacfdeefdbcfdeffdfdfe30fe29fe20fe09fe26fe0dfe0afe2cfe3afe57fe68fe84fe80feb0feabfec9fed1
MIC 001280 ff09ff29ff5bff9dffb8ffc3000b0009001b00420054008700a2009d00c400f8011600f4010401130105011c014101600167017a019e019701a501c401fb01f2021801f4020d021901f401c501da01c701c201dc01fd01fc01c401d601b601a2017001880135011c0118011c010500f5010000ce00b50087004e0024ffe2ffc0
MIC 001344 ffa4ffb8ff89ff5fff40ff41fef5fecdfebffe79fe66fe6bfe75fe5ffe5efe39fe41fe38fe42fe3cfe32fe25fdfffe0bfe2cfe19fe1afe0efe0bfdf9fdeefdf9fe11fdfffe35fe61fe7afe83fe87fe68fe7dfe98feb4fe9ffec8fed6fecbff1cff5eff8fff79ffa6ffa900000007002a0039004b00470072008300ac00b60102
MIC 001408 01030107013e016b0159017201d101ad01d201e001f6019f01e201e701e901dd02010205022b02460256023801ff01bc019b019601a0018b0199017f015a013600fb0129010600bf00c900c300940074006a00380016ffecffe6ffc0ffa1ff7cff88ff52ff36ff07feeffec3fec5febefebefeb8fea7fe66fe69fe60fe49fe37
MIC 001472 fe21fe34fe31fe27fe08fdd0fdc7fdd1fddefdf0fe0bfdfbfe30fe0bfe19fe1bfe40fe2cfe53fe5ffe88fe87fe9ffe9efeaefec7fefbff05ff49ff76ff84ffdcffd0ffd6fff800320058007400a900dc00ad00c100d500f701120135014901740160016a018a019d01a601b001db01db01d001d301e901f40233023802040207
MIC 001536 020101e201e501f901ee01d801ac01900165019701930184017e018a01690125011c00d900ce00b100b1007a006c0043004000260010ffe5ffd1ffa5ff54ff3aff17ff08feaafebdfe91fea6fe95fea6fe88fe89fe41fe3cfe26fe1ffe02fdfcfde4fdeefdeefdf5fdf0fdf3fe16fdedfe04fe27fe31fdf4fe3efe20fe5dfe30
MIC 001600 fe93fe51fe6bfe6ffe82fe6dfe8afea9fed7ff00ff40ff69ff81ff88ff9fffe70003002a003900900074008900ad00c800a600d700cf00f6011101490155017401a001a001ba01d901e701db020101f301be01ca01f4020001fa0208021201f901ed01e801cc01b4019901b001b3019d017e01760151013d0144013900f700d7
MIC 001664 00bb008000720046003e000e001cffcdffbfffaaff9fff6bff51ff29fef4fee9fee8fecafebefe91fe7bfe89fe4dfe40fe3dfe41fe24fe33fe21fe05fde9fe05fdf9fddafe05fe0bfdfffe10fe1efe12fe3dfe36fe33fe5afe6ffe89fe92fed4fed5fed1ff07ff41ff45ff52ff54ff85ff8dff79ffa9ffbeffbeffcdfff1fffb
MIC 001728 fffc001e0070005f00a500ac00e800d901080112015301430153015b0195019201a501b401bb01e401d501f801db020e01e8020801e501d501bb01dc01ae01a7019301c901a401a901a50190014e017701510121011000c800c900a200a600670067003a0021ffd5fffcffd4ffadff8dff8fff6dff45ff2dff18ff06fed8fee2
MIC 001792 febefea6fe73fe8dfe4bfe52fe16fe36fe1bfe40fe12fe0bfde4fdf2fdd8fdebfde1fdf1fde2fdeefe05fe11fe12fe23fe25fe0ffdf2fe3efe5dfe72febcfecdfec9fecafef3ff1dff67ff94ffc9ffcdffcfffd30011000100290051008400a800c300dd00cc010d011d0131014d018e019801c801c501cf01bf01a201c101ee
MIC 001856 01d30215024a024201e901ec01e901fa01cc020201d201dd01d501c001b20199016e0165016c014b014c011c0134011c010300dd00d400b8009d0079007b002f0001fffbffd0ffa5ff93ff5cff40ff1afedcfef0fea5fe96fe83fe81fe70fe5bfe57fe64fe34fe43fe49fe43fe49fe4afe21fe1bfe32fe24fe05fe1efe15fe1b
MIC 001920 fe21fe30fdfafe0ffe53fe45fe54fe92fe9ffeb1fec4fef4febdfed2fefdff3dff3aff77ff79ffa8ffb2ffb7ffdcfff8002e0058008a009100a3009300b300d700fb0100011f0141013a0139016c01770164018701b401f501de021d0216020201db01e401d601e901fb02220206021401fd021b020b020b01ed01c001a3016b
MIC 001984 016401530172014301350114010000b5009d007800620029001c0012ffdeffaeffc8ffa5ff98ff7cff83ff4cff28ff08ff03fee7feb7fec7feabfea6fe90fe63fe33fe09fe12fe12fe35fe19fe02fdf7fe19fe37fe26fe2cfe30fe43fe34fe58fe5dfe49fe5ffe84fe79fe9dfeacfed8fecffee6feddfee5ff01ff35ff44ff68
MIC 002048 ffa1ffb1fff1fffa0013fff6003600360046005f00b300f500f9012f012401050126013a0189017c01cf0223020901e601d0019d018c01d201f5020e02270248022b01dd01e201b401ae018c018801860174015e01770150014c014b0139013a0139014f014b011400ef00cc009900750057004efffeffddffbcffb6ff68ff7f
MIC 002112 ff75ff36ff20ff43ff44ff2bfef4fee5febafe94fe9dfe67fe5bfe41fe44fe01fe15fe14fe11fdd3fdeffddffde2fdeffdeafddbfe07fdfdfe1afe2efe3bfe0ffe09fe4cfe78feb1fec7fedcfebefef0fee9ff25ff2bff76ff7cffa8ffaa00150042006c0076005c005d007c00a800d8010900f700e700f100fc010701420154
MIC 002176 014f018601a701a801d301db01e201a601c301d8021902350256020101e801e101de01ea0213020c01f901c901c101b0019c018d0186014801500124010600e400a5009b00860076003f003300280000ffd8fffcffb0ff73ff51ff27fee8fec0fed5fedffed8febbfecefea9fe92fe86fe86fe98fe81fe4afe41fe4dfe3ffe1b
MIC 002240 fe16fdf8fde1fdd4fdecfdd4fdfffdfffe1efe39fe35fe4cfe86fe72fe7cfe5cfe65fe77fe99fec7feffff1dff29ff2eff32ff5dff4cff5fff5eff7cffa4ffd9000e002c001f004d00590063005f00df0111013f012f018601640190019301b20180019f019601c901dc01c901cb01cd01ef01e8020b020301f401df01f201bc
MIC 002304 01c801b001ca0184017c018d01b1019d0189017e015b013300f30117012a010800ef00c3006d0026ffd5fff7ffc5ffdaffd4ffccff6dff74ff31fefbfedffea2feadfe9ffea8fea1fe8bfe6bfe63fe22fe3dfe0ffe2cfdfcfdf7fde7fe01fdd2fdf4fddefdd7fdd6fdd1fdfafe03fe24fe56fe41fe2afe47fe69fe77fea4feb8
MIC 002368 fedffeeeff04ff35ff3fff4bff8fff93ffbfffa1ffb3ffdd000f0043005e00540074009100b200b800d000fb0105011f012a0126016f018001ac01c201db01b301cc01e201d501e701f301db01c801c201cd01a301c301db01c301c801c701d801c10197018d01810182015d014f01220110010f011700e300a1006e002c0009
MIC 002432 0022001e001cfffaffc0ff7eff6fff46ff43ff44ff41ff0cff1aff06fef4feb4feabfe80fe6ffe58fe3afe5bfe3ffe64fe4afe5dfe23fe30fe00fe38fdfffe1efdf1fe11fdf2fe0cfe20fe29fe49fe41fe79fe6bfe83fe75fe7dfe7ffea4febffefbff1aff63ff6dffb1ffb5ffe7ffe00006000700020034005e0067008500d8
MIC 002496 00da00e700f5011e0123014901440187018201a401d301f001e801e101ed020801fa0202021c01fc020e01f6020e01d601e501c901cd01bf01d601bf01b801b101b5019a018c018201600139012c010200ca008e00900061004900310044fffcfff3ffe3ffa2ff61ff7cff3bff3aff1eff01fee5fefefec8fea0fe8cfe74fe4f
MIC 002560 fe43fe57fe3cfe62fe60fe37fe02fe16fe23fe5efe4ffe5efe46fe2cfe22fe2efe35fe5cfe80fe75fe7efe67fe76fe62feb8feabfec9fec9ff17ff00ff33ff4cff7bff96ff98ffbeffeefffd004100480063006a00640066008500b300bc00f001090121013b01800181019501c301de01f102130223021a023b02190237024b
MIC 002624 0242021f0211021201d101e501fb01f401c701ba018a018001560167014d0155012e012300e300ed00c300b200b10084006300320016fff8ffb9ffa2ffb0ff77ff53ff2fff27ff04ff01fee4fee8feb2fee8feaffeb3fe9afea0fe83fe9efe7cfe70fe75fe7bfe47fe21fe36fde5fdd6fddafdf5fdd6fdf0fe07fe07fdfdfe0e
MIC 002688 fe16fe2bfe4cfe8afe98feb8fec2fec1fedbfeedff0cff1cff4fff53ff7bffb3ffd6ffd5000f001400250036005f008c00ae00a900c400ca00f100f8012d012e016f018801ae019201aa019c01ba01d0021001f3021b02160221020302160216020c01fb020b01f401cf01d201b801ac017501a0016e018a0156016201300145
MIC 002752 012a011200e600ae0079006e0047002c0000ffedffcbff91ff85ff77ff68ff51ff2fff08ff1ffed2fec0fec8fea9fe6cfe50fe48fe3dfe31fe28fe5dfe5cfe3efe07fe28fe03fdd0fe1cfe35fe2efe35fe5bfe3cfe49fe4afe77fe77fe7dfe7efe76fe6dfe90fe88fec6fee4fee3ff11ff2cff54ff5eff87ffa0ffc3ffcb0017
MIC 002816 fffa00460058008f00ae00a3009300d800d000cf0106011f0139013d016b017101a401900198018d01d301c401ed0231021d02000221021e01fe01f201e701fe01ba01b801ad01af019201ae019301b7018c01a001890172013b011400d400cf00b600b10091006e0061002f001fffe1ffcfff99ffa2ff6dff3fff3fff24ff01
MIC 002880 fed8fedafe9afe8afe8afe83fe84fe82fe55fe35fe2dfdedfdecfdfcfe1dfdf9fe0efe1efdfafdf6fe17fe0cfe27fe46fe4ffe77fe5ffe4dfe52fe84fe74fe91fea3fec1fee1fef7ff4bff3fff66ff8aff9bffc3ffc9ffe60016001f0021005100690079009500d400de00ec010000fd010d01120123013d01830159016c0192
MIC 002944 019f018b019801c701de01e50212021e02140205020a022601ff02150229020601cf01e401f101d201ad01790186014901460134014d0132012a00db00da00990092004a00440028ffffffc4ffc5ff9cff56ff5bff46ff31fed4feebfea5fe97fe90fe87fe73fe75fe1dfe33fe42fe31fe28fe43fe32fe23fe0bfe04fe1afde4
MIC 003008 fe14fe1afe4efe2dfe37fe30fe30fe34fe6dfe37fe4cfe81fea9feaafebffeb0feecff0cff20ff41ff43ff53ff69ffbeffc6ffd6ffc100280011007600a400f1010000f600b600f80120013b015f017e01b101af01f001fc01f401ce01ab01a201c101cc01f001fb01ea01bf01ef01fc01e601dd01dd01d601b801d801df01e1
MIC 003072 01b501a9017c015e0159012e010600f500e600f100f300a00087008100630026000effecffd7ffa5ffb2ff77ff79ff64ff43ff1efef2fe9efe90fe9ffe5afe52fe5dfe56fe62fe5bfe7dfe59fe42fe40fe17fe28fe3ffe06fe0cfe39fe34fe1efe3ffe1bfe30fe38fe5afe78fe73fe73fe88feb1feb0feb2fecffeccfed0ff28
MIC 003136 ff7fff69ff81ffa1ff97ffa9ffe000120043006b00b000ab00bf00e100e500e200d800f6012d014e018a019e01bb01d701fd021101f202150220022901f00243022a022c0211022b0209021c0213022c01ec01f301d501df01c2018b01870148010b0108011b00c800ad0082008e0033004900100016ffd6fffeffd0fff8ffbf
MIC 003200 ffa7ff9affb1ff82ff91ff78ff68ff4bfeedfeebfec6fed8feb6fec0fe6cfe84fe4bfe57fe29fe1efe10fe0efe23fe1efe01fddefe0dfdfafe12fe11fe3afe3cfe54fe4dfe53fe74fea0fe84fe8efe97feb4fedefef9ff0dff2dff2dff40ff4aff92ffa2ffc9fff70013000200450057007c009600d300bf00ec00dc00de0104
MIC 003264 0116012c015e017f019e01b901c401c501be01f201f6020f0203021201f502050214020501e801fc01cc01d901ba01de01d001b00193019b019e014b0152011b00fe00b500d200c500a5006e0091004b004c00300004ffeaffc1ffbcff9cff86ff70ff43ff20ff11fef3fedafed6feb9fe87fe74fe51fe33fe14fe0cfe0dfe10
MIC 003328 fe09fdf4fdf2fdd1fdabfdc3fdbafdc5fdcffdfafddcfdebfdebfdf4fdeffe2cfe2dfe52fe6efebbfeacfee4fecefecefef0ff2aff57ff73ff82ff98ffadffacffe5fff6ffe9fffb0064006b00a000c500f600c400e500f601010115014e015f018801560178019601ac01b501cf01d801d901d501b901cf01c801d001c501f5
MIC 003392 01fe01f101d001cd0187018101950185017a014e016a0157015b013e012500d000aa0076006e004f00440054003f0025001afffffff1ffaeff92ff5eff50ff25ff19feeeff10ff0ffed5feb0fe98fe6dfe61fe65fe6bfe37fe1afe35fe32fe1bfe23fe21fe14fe2afe0dfdf9fdf7fdecfde0fe05fe03fe30fe09fe56fe2cfe6a
MIC 003456 fe6cfeb9fec8fed2fee1ff02ff0eff1aff43ff48ff4fff6effa4ffaeffdb001c0044004c0079008300a100a700df00f001000134015101550169017e01560186018b019c01b401cd01b301cd01c201c901f0021001f001e201fa01de01c301e001ea01cd01c101aa019301680172017c0159013b0135013d010800db00da00c4
MIC 003520 00840080004b0027ffffffeeffd7ffb0ff8bff82ff61ff4dff28ff08ff06fef6fea5fea7fe9afe64fea2fe9efea3fe80fe7afe66fe56fe2ffe5dfe42fe46fe45fe30fe3bfdebfdf1fe13fe17fe10fe3afe19fe1ffe4cfe54fe5ffe7afe70fea0fe90feaffec6feb6ff04ff35ff3fff83ffbdffddfff2000c003f00200039004c
MIC 003584 008300bd00ec00f40114014d01350148015b01550146017f018b01ae018601a3019701af019d01b701ea01d501ea01e101f701e001fc020501db01e301d701c701d601b801ae0189016e01320110010900ff00fc00cb00d100c400a3009400790061004a001c0020ffc2ff94ff7eff70ff3dff33ff46ff1cfecdfec6fe9afe78
MIC 003648 fe60fe67fe63fe40fe30fe4bfe54fe58fe42fe49fe08fdeafdfefe0dfdf3fdf7fe1bfe10fe0efe33fe02fe1ffe33fe45fe51fe59fe8afe71fe9ffed0fef8ff08ff25ff39ff54ff43ff54ff72ff9fff95ffadffbdfff8003c005900c400d700d400da010a00f601430153019d0158018f0186019f019301ce01bb01ae01c001ca
MIC 003712 01e301c401d701ca01e801c901dd01a401db01ad01dd01da020201c801a5018e01850163016a01580113011900dd00ef00dc00d800ad00cf009400900047002dffe6ffe4ffc2ffa6ff73ff98ff5dff37ff12fedcfeb0fea0fe8cfe63fe79fe91fe80fe57fe52fe18fdf9fdd5fdcbfdd0fdddfde0fe08fddafdc7fe0afdfffdee
MIC 003776 fe14fe52fe3afe2cfe3afe60fe5bfe81fe87fea5febbfee2fef6ff25ff2dff40ff69ff87ff9bffb3ffe200100032003300540060006f0083009e00ca00c200e100ed010200f6012301420158017c0179017601890183017c018c01aa017f01a801be01d501e101f801e0019d01b201a801aa01a101af018f0169014d013c0111
MIC 003840 00f700cc00eb010400e500d300b0007b00510039002d0026ffedffc4ffd7ff9bff9cff87ff8cff69ff68ff27ff15fefafed9feebfee4fedafe87fe76fe53fe52fe24fe57fe44fe20fdd6fe08fe2cfe28fe05fe5ffe34fe48fe32fe2ffe07fe2ffe27fe53fe5dfe8dfe95fe9efee0fed5fef7fee7ff20ff07ff5aff62ffafffaf
MIC 003904 ffd7ffedffdfffed003d0072007600ab00d500f900c700fd00f501170118015f01550175016d017d016c018901b001ba01ba01d701f402040236025202480227022f021801fd01fb020c01a201cd01c4018e017001480154012901360139011d00f600d400b600c000ab0078006000650039000cfffcffc2ff9fff8bffa0ff44
MIC 003968 ff53ff37ff29ff12ff06fecdfeb9fec6feb0fe9cfea8fe9afe63fe3ffe3bfe14fe11fe3dfe14fe1efe0efe0dfdfdfe16fdfdfe06fdfdfe37fe2afe4ffe5cfe45fe50fe55fe83feb0fed2fee0fef7fefaff30ff48ff70ff7effb3ffb3ffc7ffc2000800290039008b0086009f00a900e401080128014101590163017d0179017f
MIC 004032 018c0181018c0185018f018f019e018301a301af01c601e201dc01f501e20203021101f301ce01d801a801a601aa01c90183018a015d01610129011a00e000c200d700a3008f007d005e001bfffcffd3ffb8ff71ff89ff70ff55ff2fff2aff0cff0dfee2fee2feb9feaefea6fe9afea0fe95fe7afe40fe42fdfcfe05fe0efe57
MIC 004096 fe31fe3efe29fe31fe0bfe26fe1ffe3afe42fe5cfe6efe4ffe70fe77fe85fe9cfeaefeaefedafed9fef7ff20ff55ff84ff93ff84ff8cffb5ffcdffff0022005b0055006a008b008300bf00e801150142015c0157016e017c01a501b501f60205021301ee022e021e0240022f021501fa02080206020101de01e401e2019c01bc
MIC 004160 018c01870165017d0161013f0127011e010500e800f9010c010400d600c900a0008d005b005a000d0002ffc6ffb0ffa7ff7bff37ff41ff26fef9feb9feb0fec0fe98fe94feacfe8efe5efe41fe48fe54fe44fe4efe2bfdf7fe04fde9fde3fdebfdf6fdf8fe26fe20fe1dfe2cfe58fe40fe4efe5dfe9dfe83feaafed7fec7fecb
MIC 004224 feceff0bfefbff1dff3dff70ff98ffc7ffd2ffe2ffff001d00200067008900a800fc010700de00f8010c00fb013001580163017a01a6019c019f01b301d901ad01ed01fa01fc01e9022d020702280231020b01da01f201fe01ce01c801af018b016001680125012f015a014c0161016b013400f400de00c8009f0050005b0047
MIC 004288 0038fff5ffd8ffa7ff57ff24ff19fefafee2fee9fedbfed7febafe99fe5ffe67fe58fe61fe82fe71fe68fe66fe5efe18fe13fdf5fdd8fddcfe03fde6fdf7fde5fe0cfe04fe1efe11fe44fe75fe8afe82fea2feb8feb2fecbfed4fefaff16ff45ff6dff79ff75ff9dff81ffbeffd3ffe9fff6002300500072008200b000d300b2
MIC 004352 00ea012101190129014f016d017c015f01970178017c019801ca01c501d301dd01dc01e901f401ed020b0215021501f4020c01d801d901d401c101ae019d0189016c0131012800fe00f500f200f600df00c6008c0076005e0039003200110007ffc2ffaaff8bff6fff26ff24fef0fedffea6fe9cfe75fe96fe8dfea6fe72fea5
MIC 004416 fe56fe15fe0bfe21fe10fde3fdeffdd3fda1fdbefde9fdd2fddefe0afe32fe24fe3dfe1bfe4cfe60fe60fe89fe9dfec9feeaff0cff42ff41ff4eff7fff5eff75ff95ffa9ffadffdeffdb0007fff3002a003d005500a300e500ed00f5011b01230144016201a8018a01b101a201be019601c501a501ac01b701cf01c001d001eb
MIC 004480 020f01f201fe01ef01d001e001b001be01e601f901ae01880192014f0146017d01630128010b011100de00c400ce008e00560030002cffffffdcffa9ff76ff5eff25ff07fef5feddfedefea8feb2feaffeabfe7efe7bfe5dfe68fe31fe6afe72fe2dfe1efdfffe0efe07fdfdfe0bfe1bfdf9fe18fde8fe19fe08fe0ffe1afe3d
MIC 004544 fe39fe71fe95fea0feb6fec9ff05ff26ff10ff26ff4aff4aff6aff9fffb3ff93ffb0ffe7ffef000b0073009300bb00b900d200ed01070122015e017b018c01a701bf01e0019801bf01ab01d9019f01dc01bc01e101ca01f401f3021101eb01eb01e6021601ce01e6020d01dc01d801c701a70197018d014e015e010f011c00bb
MIC 004608 00e7009e00a4008c009f0042006b00400030ffe9ffdbffb6ff71ff59ff42ff6bff58ff30fef6ff27fef6fea8fed9feeefeacfe86fe72fe6cfe42fe3dfe4afe3bfe0afe08fe26fe4ffe08fdf3fe1cfe08fe0afe20fe4efe56fe8dfe68fe70fe76fe8efe9cfec0fee5feefff08ff54ff42ff8affa0ffacff8fffdaffb6fff9000f
MIC 004672 003c00200046005100b100c100f7011b012d0138014901630162019b01a701bf019b01de01d901f401d1020401d801fc02020230023902360200021c01db01c901bd01b0019f019b01920170015e01630174013601420154012200e200fb00df00db00a5008b004bfffaffe3ffddfffbffbdffbfffb4ffbeff5fff45ff48febf
MIC 004736 feddfecdfebdfe7efe82fe5cfe69fe44fe2bfe0bfe47fe31fe36fdf3fdf6fdcffde0fde0fde8fdedfdfefe45fe2efe3efdfbfde5fdecfe2dfe21fe5ffe54fe89fe91fed4fefeff2fff1cff51ff52ff6eff68ff76ffc4ffb8ffeeffe8004e002d0046006e00b700c800d600ce00d300ed014201570168017001a201ce018801a8
MIC 004800 01ac01d001e301dd01da0218021a020e0220022f01d601d701af017c01640181018c019b0174017401710165013b011000f900ea00e000b3009a006f0055007a004a001a003bffe8ffe2ff86ff99ff70ff5bff33ff3bfefcff24fec6fec4feb6fe9efea5fea8fe36fe5ffe4efe64fe49fe19fde7fdf5fe17fe60fe43fe28fe3e
MIC 004864 fe16fe2ffe28fe13fe1ffe4bfe32fe8efe69fe93fea0fea0febcfefcff2aff7aff6dff72ff97ff6aff93ff94ffb0ffbeffe800160083007f00af00ae006f00980097007600b100ec011b013a016301910162019e019701be01b501d401d701b901e001fe022502140221021201e701eb021701fc01fc01eb01f501e701cd01ca
MIC 004928 01c601cd01a001b90183013b00ef00e4009300a400b000ca008d009c00720019ffe4ffd7ffabff8dffaaff9bff64ff39ff43ff0cfeebfec1febffe9cfe8ffe7dfe93fe79fe53fe5cfe3cfe0bfe27fe26fdfcfdfdfe0bfe09fdf9fe22fddefdfffe05fe19fe4afe78fe77fe86fe75fe9afe9bfec2fea7fedcfef6ff0dff3dff40
MIC 004992 ff4cff5dff8effdafff60035004c0059006300650082006300a0010b012201440148014b012c0147014e017101a301aa01a701b601c401bd01af01e7022001f10209022e023c01c801f6020c01ff01bc021b01f701b10183017601490147016b013b013800fa00f100bb00df00b60083006c0075005e0032ffe90004ffe9ffd8
MIC 005056 ffafff92ff82ff6bff42ff35ff06fecbfed7feb1fea0fe72fe6bfe6cfe37fe47fe49fe1ffe1cfe0dfdeefde3fe01fe00fe0cfe16fe2afe31fe3efe39fe53fe60fe88fe61feb4fe88fe96fe6afec3feb5feacfea5ff08ff06ff22ff94ffbeffc0ffc6fff3ffe2ffe8fff50059005c00c200ec011400fd010500ff0125011a0161
MIC 005120 0147016e018801560186018d018d018901bf01b001e801e701fc01fd021801df01fe01f701fe01d001e101d901bf01e001ce01b701830170016301750145012e011000d200b900ae0069003b0002000bffe9ffffffd5ffc7ffddff9cff5bff67ff64ff40ff47ff18fef7fea2fea2fe75fe65fe52fe66fe49fe6efe44fe36fdfd
MIC 005184 fde5fdc6fdeafdc5fe06fe04fe04fdf9fe15fdecfddefdfffe17fe3afe6afeaefe85fe8efea6fe91fea1fed8fef7fefbff1fff49ff79ff8effadff8bff94ffa9ffdcffe0fffc0033006c00a000c700ee00ff0103011d014400f901010118013a0129018901bd01d9020b021a02260205021601fd01f7020101f801ec021401f4
MIC 005248 01f001e301c201ae01ad019301a101dc01ed01ac01b5018101510130012b00e100c4009f00920055004cfffefff2ffd9ffb9ff78ff62ff6eff82ff7bff6eff0bfee6feccfe9ffe88fe6dfe59fe42fe6ffe5efe91fe3afe47fde3fe14fdf4fdfffddefddbfda6fdd1fdd3fdeafde6fdfffe0afe3afe3ffe4cfe89fe85fec4fe8f
MIC 005312 feb2fea9feb9fee9ff04ff16ff49ff35ff6aff70ffbeffd0fff40034002f005a00640094008800f500f8013a015201640138017c017901b001b101f30206021d02480250024e022a02330228022902000224020b01f60209020401e501e901d801ba019b01720156014d015201490149018501740156012d010800d300a30072
MIC 005376 0037fffdffd5ff89ffa2ffa1ffd1ff99ff7bff2bff04fec1fea9fecefea7feb1fed5febefe8dfe6bfe00fe1dfe2ffe55fe1afe33fe13fe12fe10fe2cfe0cfe20fe4cfe14fe2ffe65fe3afdfdfe2efe13fe4ffe39fe68fe77feb9feaffeb4feecfee1febeff00ff29ff2bff5fffb1ffe80002004e006700380023007200850095
MIC 005440 00a300db00d300d100d700f400f8011e015c0161018101610171019b01bf01c801e302220231024e025a023f01f201e701d501ae01b601d601bc01c901d301d30197018c0147011301300160014c0132010200bd0099009d00700049004c004b00330007fff3ff88ffa9ff67ff5bff2bff3afee9fef2fed7fed1fe72fe59fe2a
MIC 005504 fe1ffe04fe12fe21fe69fe5bfe72fe7cfe25fe19fe13fe38fe1dfe0cfdccfdedfdd9fdebfde7fe02fe0efe04fe25fe69fe7ffe9bfec4fecbfef0fefaff02ff11ff1bff1eff33ff60ffa0ffadfff700170028003b005a004a007300aa010800ee00fb014c0166015d01a801b901b501ab01ce01bf01a2019b01da020e02560256
MIC 005568 022b021f01ea01db01da020001d001e701d701fc01bf01b4018e019b01a001920178016a012600e800d400de00ed00cd00d600af00700035003a0018ffb9ffc9ffc1ff91ff7bff75ff97ff51ff31fef6feb2feb7fe90fe8ffea2fe8afe79fe7ffe98fe71fe28fe14fe07fe20fe2efe2cfe3efe1cfe37fe0ffe4afe18fe20fde8
MIC 005632 fe16fe01fe01fe13fe23fe40fe4afe72fe99fe9ffec3ff01ff0fff3fff54ff78ff7fffb2ffecfffdffb5ffeefff4fffc002e00b700b800dc00ff0115011e00e600f501090188019901c501d501ec01a001d601da01f001c901e60208020b020501d901df01c00200020101f601d401de01d101e901c301cb01a5018f018d0161
MIC 005696 0132010800f400f500d400af0090004d003f003300210017ffd5ffbdff97ff9cff7dff42ff19ff0ffefdfef0fee0feadfe9ffe5dfe41fe3bfe3dfe1cfe19fe1efe28fe1efe1bfe13fe13fde5fdddfdeffe0bfdeafdf1fe02fe09fdedfe03fe18fe1efe53fe86fe97fe98feb6fec8fedcfefefefbff32ff37ff38ff56ff87ff7d
MIC 005760 ffbe0011005800540080009100a500af00c900da01060116011a0148016e019901b001ab01cc01ad01ac01b601dd01f401f301db01de01c601aa01c901e101d801c101d901eb01b201d401c101a70186018e0166018c0130012601540136010d011d010800ab008900750069003c003c0017fffdffc1ff8cff5bff7bff59ff63
MIC 005824 ff43ff18fecefee8fec5fec6fe92fec4fea3fe91fe5efe50fe30fe22fe0cfe0afe1efe24fe4bfe26fe12fdf3fe32fe26fe20fe0afe3afe2afe5afea0fe97fe84fe8ffeaffe9afee5fedeff19ff2dff46ff15ff5fff7eff9cffb6ffcfffd20027003f00400064009900b900b500d6011e014c014e015f01340177017d01870197
MIC 005888 01b901b801db01e6020c01ef01e201da01d801e301d1020701fc01d501c801e201e101d201d301a201a1018a018c01670155013a0141011700fb00ce009c008f005f007c0044002c0016ffecffa1ff9dff99ff9fff56ff6aff36fefbfe9ffedcfebefeb1feb7feb6fea0fe5ffe6afe4ffe45fe58fe42fe1dfdfffddefdd4fdde
MIC 005952 fe0afdfffdf2fdfcfdebfdf5fe2cfe25fdfffe1dfe27fe51fe6dfe77feacfea4feb3fec3fee3ff0dff04ff06ff74ff9dffe1ffd80001fffd0012001200580073009a00ae00b800ec0101013201780191016701aa01a801e601cf02040212021a01ef0231021a0213020d0232021a021d0210022b01f201e801ca01bf01b501a3
MIC 006016 01a1016901820170016d0132014300d6010800ef00ed00be00ca00bf008100420013000cffccffd1ffc0ff91ff58ff45ff23ff16fee6ff08fee9fee8fec3febafea0fe9afe70fe67fe7afe52fe4ffe49fe64fe42fe00fe13fe04fde9fe05fe19fe1bfe11fe13fe13fe02fe1efe2ffe55fe5afe8afe9dfeaffea9fec3fed9fec5
MIC 006080 fecefeebff17ff46ff6eff5cff77ff72ffa6ff99ffc5ffdbfff90006003a009500b100b100f0010100ed0137015e016d01610197018c019101ad01ef01ba0209020c020f01f8020a01e501ef01f001fc020f0209022901f101e501d401c401740180016a015e010700fa00ed00e600c300ae0095007f0063006d0055001fffd2
MIC 006144 ffadff94ff81ff62ff87ff96ff3aff23fefffec1fe9afea8fed1fe97fe9efeb9fe87fe58fe6ffe5ffe4afe50fe25fe0afe2efe38fe06fdf4fe09fe1afe0ffe3cfe0ffe10fe3bfe57fe5afe6bfe84feb2febdfeacfedefecbfeffff01ff08ff4bff50ff5affa2ff96ffc3ffb8001300010033005a008200ae00d200eb00fd0123
MIC 006208 0133014d015f015d016701b701bb01df01e901e501d801d801fd01f601e1021401f80212020b0209021301ea01e301c3019c017d019301780192017f0183015b0129010e00fb00c800dd00bb00b000b0007f0088006b004e000e0004ffd0ffbeff9aff9fff8fff6fff65ff48ff39fedafebdfe98fe60fe23fe2efe36fe2afdff
MIC 006272 fdf0fe02fde1fdeefdc1fdb3fdb1fdb4fdbafdfbfdedfe12fdeefe30fdfdfe39fe46fe82fe73fe94fe9dfe84fea4feb4fe9cfea7fee7fef1ff22ff3bff73ff96ffc1ffa6ffc6ffca0014003f0067009400b300c300d401290138014d0158016f016d017f01a501a401c701cb01cd01c601ee01d901d10206021402000224020f
MIC 006336 020a01f4020301dc01b901d401de01cf01cc01f501c901a40178016c0151010700de00d300a90081005200690050005600340050ffffffbeff90ff7dff51ff2cff33fef0fefafec8feb7fe5cfe8bfe35fe62fe32fe66fe6efe7cfe53fe3afe1afdfbfe07fdebfdc9fddcfe01fdc7fdd6fdd8fddefdb2fdfcfe1dfe45fe21fe41
MIC 006400 fe5ffe88fe67fe7bfeb0fe99febcfed1ff13ff34ff70ff86ff99ffb1ffceffca0002001d0047003b0044007d009800e100ec00fa00e70122011c011a01320153013d014801a5018a01a601c801e901aa01ac01c201de01c501f701ea01f501f701da01ea01f701dc020201ea01f801c5017c015b013f011600cd00da00d6009b
MIC 006464 007800680058003f0002fff7ffc7ffb8ff89ff60ff66ff6aff64ff8dff50fef7feddfed0fe8ffe79fe9cfe7efe5dfe47fe5bfe50fe46fe41fe46fe47fe27fe53fe47fe6cfe63fe51fe6bfe49fe2cfe07fe2cfe29fe38fe65fe9bfe91feaefec0febafeb0febffeedff23ff31ff6aff95ff9affa5ff8affd6ffceffe5fffd0060
MIC 006528 004d007c007700b800aa00f0010f015e0140018301800177017b0188018601cb01fa0201022101f1021a02070239023d024f0207020e020901d701b401d601cc01b101a901b001750182014b0138013a011100f400cd00cd00920086005d004a00160032fff6ffe5ffb1ffbfffabff80ff5fff41ff41ff1eff1cfef7fec6feac
MIC 006592 fea0fe8dfe54fe36fe28fe02fe14fe25fe04fe25fe22fdecfdd8fdcefdeefdddfe06fe43fe1afe21fe04fe0ffe09fde4fdd6fe44fe63fe7ffeaefeb3fecbfec7fecafed9ff02ff2aff4cff51ff53ff5bff76ffb8ffdcffe5fff2001b00320062007400b000d1012101570170018d019501a401960181019701ad019901c001c7
MIC 006656 01f501d201c901dc01c101ae01cf01a101a701bb01cd01e0021201d101df01e301dd01b301a4015901460123010400cb009f00ab00670059004d001b0002ffcdffc0ff83ffbcff90ff73ff67ff74ff29ff24ff1dfef4fee8feb9fecdfe92fe68fe3dfe59fe15fe36fe34fe43fdcefddefdeafdcafdb7fdedfdc0fdb9fdc2fdae
MIC 006720 fd9dfd7efd78fda9fe27fe10fe14fe39fe74fe19fe4dfe96fea5fea2ff06ff36ff4bff57ff70ff79ff67ff87ffab0001ffff0009fffb003300420079007100bb00a100bf00e8015d013f0176018d01d601db01e901ef020d01fe01fc01e901fb01fc02010203024702520255023502420233022d0237021301da01fc01df01b8
MIC 006784 01930153013300fb00d100c400b0007e00880045004f003100420002ffcbff9eff9fff6cff78ff58ff54ff5eff58ff65ff41ff5dff28fef7fefafefefec1fed1fe99fe9efe82fe82fe53fe62fe46fe50fe18fe2bfe09fdf3fe1efe29fe47fe5dfe66fe57fe83fe73fe78fe55fe76fea0fed0fedfff07ff28ff2bff5dff63ffab
MIC 006848 ff8cffbeffc4ffccffff002a0049005d006e008600cf00b600d400d1011801200150017901a801a501cd01ef01e101f201b201cf01bb01d701b801f7022d01fc01cf0200020f020101e401ca01a401b2019701aa017f0172014e0163014d01450130011e012e010b00e500ac00bb0065003f001b0013ffdaffeaffccffbfff8c
MIC 006912 ff68ff33fee8fed9fed4fed9fecbfea1fe98feb0fe5dfe60fe6ffe69fe4ffe47fe40fe53fe28fde7fde6fdf5fdd4fdcffdf4fe11fe15fe25fe53fe3afe51fe2afe37fe4efea0fea1fed4fee3ff0dfeddff1cff43ff77ff6bff81ffabffa1ffc8ffe50005ffeb00110030003e004e008600b000ea00f300f8010000e90124013f
MIC 006976 0153015d015b017a0193019001b701cc01f301fc01f7021501c201b401a101b501af01f001bc01c9018c017b018001940175017d012200f60113014d011f010800e900de00ae009800960057008e0043fff1ffdfffc7ff75ff75ff76ff42ff43ff30ff2cfedcfee6fef5fee3feb3fea6fe66fe37fe07fdf9fe05fe0dfe15fe11
MIC 007040 fe40fe2bfe3afe0cfe15fdeafde9fdf9fe1ffde5fe22fe48fe44fe77fe7bfed6fed4ff07fec8ff19ff1dff64ff35ff27fee6ff29ff6cffbdffb7ffe300010003000d000c002d005c006a006700a3005c00c400e80106010901380121011e0135019701aa01d101fc01ca01ff01fb023b022302740257024d01e9020801a4018c
MIC 007104 0183018901a401c101ae0198017b017b0166011b011700eb00d600b800c200ae00850070006500400025000b000100190004ffe0ffbdff9aff52ff41ff28feedfeb0fe8afe7efe76fe3dfe64fe82fe53fe59fe2ffe2efe17fe3bfdfbfde6fddffdd2fd9afdf0fdf5fe13fe4dfe8efe72fe7efe92feb3fea7feaefe83fe93fedd
MIC 007168 ff03fec8fefdff7aff68ff4bff79fff3fff0ffecfff40023001d003e008c00b800da0108012e013c012a010600f9011501380111013f0173017f019b01a601a3019b017f0154018b01a4017801bd0214020d01f4024b023b023f0249023a021e01e601a501b2019d01970163014b0136013a011600be00a700830004ffc7000e
MIC 007232 ffec0004fff5ffecff91ffb7ff78ff27fecbfed5fe94fe6dfe5afe60fe39fe34fe28fe31fe58fe1ffe5bfe33fe5cfe1ffe02fe1cfe44fdcffde1fde4fdfdfdf5fe26fe27fe1dfe2cfe26fe3bfe67fe37fe42fe92fe65fe56fe6efea3fe8dfed7fefaff51ff7affbeff89ff9bffa1ffccffc3fff40002001e009400b000d300cc
MIC 007296 00fe011f014801570172017a0198019f01b101a401f20203020d0230023f0223020f01d5019501a001ee021c022a0254026002410227022501d101ce01c401a801c301d501af01a50157010400f500da00d100ad00590027001f001afff1ffbaff9cff90ff73ff8eff50ff32fefffebdfea7fe90fe38fe1dfe25fe17fe53fe55
MIC 007360 fe5cfe1cfe1efdeefe01fe25fe20fdd6fde5fde9fdb8fdf5fe0dfdfffdd3fdfcfe2cfe4cfe40fe29fe02fe4efe73fe9cfed2fefffed8fedcfefdff49ff66ff74ff6fff80ffbcfff100250008001700160021002f005900ab00b200d5011001520181017f01820199018b01a401bf01d901c501e2020702470212022401b001c9
MIC 007424 018b01c101ca01e601a7017001bc01dc020d01dc01fa019e01b601950175015c014b011100e200b700b200a6009500a10073003800290017ffd5ffe900010002ffedffdfff95ff79ff4eff4bff38ff4aff2eff0ffebcfe9afe6efe5efe5efe79fe45fe41fe4dfe4afe24fe4bfe3cfe44fe1afe40fe2dfe26fe36fe41fe14fe05
MIC 007488 fe4afe64fe4ffe77feb9fec4febcfed0ff24ff14ff34ff42ff28ff0cff2fff3bff58ff63ffb6ffdd00100039004c004a0078005d008f007200b900f00101011c0130013f018d01f201e801f201cb01de019401cf01be020b01e501c701c901af01ed01b901dc01c701b101c001ef01c701b401750180013300e600ce00f000f5
MIC 007552 00e000dd0099005d002e00230012002c0028002cffe6ffe5ffcdffe5ffcaffbdff8fff57ff26ff16ff20ff1cff0afecdfe96fe5afe5dfe56fe81fe9ffeb7fe8ffe9dfe86fe1ffe0efdfefdf1fdd8fe1cfe2ffe32fe5bfe79fe73fe89fe7ffebafe84fe9dfe9dfe96feedff01fef9ff1aff48ff39ff76ffa7000dfff6fffd0008
MIC 007616 0013000c005c00a900c400ac00e90111010801350120014b0128015601820178016b018c017b01b001a701cc018b01ab019e01d101a501ec01c3018f018a01bf01d301a4018a016e013c00da00d100eb00e5011d012400f800f700d200e300bd00ee0117010900cb009e002afffeffccfff4ffa0ffb8ffacff89ff29ff38feff
MIC 007680 ff1bff33ff10fecdfeb1fe70fe74fe22fe51fe24fe1cfe1cfdeafdf8fde4fde4fdf8fe1dfe13fe1ffe16fe27fe08fde4fdfdfe5afe6cfe6efe81fecafed9fed8feefff25ff3aff3dff75ff83ffacff8fffe1ffd9fffa0037003900790090008e00ac00d400d500f10142017d01b101d101d801c501c101a901a8019501a401c1
MIC 007744 01d401d702170209021a0218023b02110239021d022801fb01f8021a020301b6019b0172018701bc01ac01a60152013800ec00b1009400b700660069007700890088006f00550000ffdf0005ffdfff8fff6dff1cfee1fef3fef2fef5ff19fee1feb6fea3fe96fe7bfe87fe44fe1dfe21fe07fe28fe20fdd7fdbffde3fd96fdd6
MIC 007808 fe09fde1fddcfde1fddffdedfe22fe30fe36fe33fe68fe5dfe88febafeaefecfff2bff39ff91ff75ff88ff84ffa9ffb3ffe4fff80001003c006d00aa00d40141015601480166016c0149014c0168019e01aa01d001cb01ed01e3019401c301dc0213022b024c023f020101ea01e001c701c201a401de02070228022602340212
MIC 007872 01e50193018b0186018a018b013c013c00de00de0091008e007c004a001c0021ffe3ffc4ffb7ff9bff7eff5cff74ff58ff1bfee0fee4febbfea3fe70feacfe5bfe4cfe5ffe66fe3dfe38fdf8fddcfddafdc8fdd2fdcefde5fe0bfe2ffdf1fe18fe0cfe0ffe48fe38fe59fe2bfe84fe62fe84fe9fff03fee9fee1fed9fefeff23
MIC 007936 ff22ff27ff28ff67ff9dffb8ffc90017000e002b003b006c007300c300af00ea00fe01470131017e0156015c01b901f001e401e001db01c401b60184019f018701ca019f01e2020101d501ca0218020101ef01e501f101e301e3019f0192019a019501ab016c01800172010600f300de0092008e009c00b00052002affff000d
MIC 008000 00000004fff2fff8ffecff66ff57ff25ff20fe94fe95fe5dfe52fe61fe95fe7bfe68fe6dfe40fe1afe03fe15fdbffd9dfdd7fdd7fdd7fdcafdbbfdc9fe03fe24fe2afe35fe1ffdeffe05fe5bfec3feb0fef2fef0fef1fee8ff15ff06feedfee8fef1ff6cff89ffd4001e00430032002d006c009300ae00c7013e017f0181018e
MIC 008064 01c901b101df020b020802170247026a022201f901dc018501790191021e025b027d023b022d02060207020601ee01c1019b0198019201d701c9015f012c0156015200e700e900e400a200770072007d006b003e0032000affe1ffddff9aff55ff6dff5fff35ff43ff04ff03fecbfebefe5afe24fdfcfde8fdc2fe19fdc4fe09
MIC 008128 fe09fe14fdfdfe02fde7fdd1fdc8fe11fe0efe19fe45fe09fe0bfe12fe35fe28fe47fe04fe61fe50fe9afebfff08ff36ff64ff67ff58ff86ffbfffb7ff86ffbeffd2fff30017002b002800710083007b006400a700db01350159018b017b01a40191019201cb01b60185018101a101cc01f70223021e023b0242023301e801ff
MIC 008192 01e7021e024f021701e101d401bd01c301a801b10196018b01bd016101570134010500c900c20082009900590043fff50004fffcffceff8dff4cff05ff13ff2dff0dfee4fec3fe98fe70fe75fe73feadfeabfec2fea6fe70fe05fdd5fda4fdacfdbafddffde8fde7fe08fe2bfe42fe1afde1fda2fd91fd8ffdcdfde2fde1fe20
MIC 008256 fe53febcfeecfeefff02feebff44ff74ff33ff3aff2bff3eff9b0021003e0070008e0090008b00cf012000fe00fc011601260101010500f3010e0115012c013e013a015f0186019901bf01e701e101fe01d801b101cd021801fb020f021401fa01b801e001a801be01c201d201d601db01dc01d901830151015a013601020102
MIC 008320 011600f700e700ca00b30043000cffc3ff93ff73ff73ff39fef8fea7fe8efe5ffe3ffe16fe22fe0dfdb8fda6fd83fd80fd6efdadfd7dfd85fd65fd7afd7ffd92fdaefdc3fdbffda5fdf7fe15fe46fe78feccfee5fec9fed2fed1fee7ff31ff2bff08ff15ff4cff50ffb6001cffee0007001c002f000e002a003000320052002c
MIC 008384 0040004f005500780076009300c600b5010300d400e001430183018c0188019e01ca01bf01d901ed01f701ee01fe020f01f401de01e2022e0234023a0229021101dc01b4019d018f01a00171014c014801140124012d010c010100c900db009e0070003f0017fffcffd4ffc0ffb1ffaaffb2ff9dff8dff60ff46ff21fefefecd
MIC 008448 fec1fea0fe9cfe3bfe3dfe40fe72fea8fe93fe82fe9bfe56fe30fe40fe2bfe25fe3ffe2bfe35fe52fe86fe8cfeaafeeffedbfed1feaefeecfebcfedffef1ff0efef2ff2bff41ff61ff41ff74ff60ffabfff4ffcffff6ffe3001f0027004f008a00c400a400d500fa0125013e0150014d0166016d019801a101e7022c02730295
MIC 008512 024c02120217022901d00212020d01ed01d0020d01ef020e01e8020101be01af01e801cf01bf01b2019e016a013b00f800b9008d0094008d008800560021000effd50004ffeeffacff85ff6bff2fff04fef1fee0feabfe8dfe92fe60fe5dfe6afe5dfe25fe55fe48fe2afe22fe46fe36fe45fe4ffe63fe53fe16fe27fe06fdef
MIC 008576 fde0fe3cfe4dfe4cfe4ffe52fe2efe6dfe8efebffef3ff34ff0fff33ff32ff49ff5eff9cff99ff71ffc7ffe1fff800170039001d004a008c00ac00b600f8012b013d0142013b0171016f0193019501fa01d301e501cb01d001cf01c301f601f9021b022b02460212022101c801a301a001ec01cc019e017b016200f800fd010c
MIC 008640 0119011b00f000dd00ca00bd00990068004d004afff30013ffe8fff7ffbeffbaff65ff5eff66ff4cfefffeddfeb9febdfecafeb3fe92fe91fe73fe37fe34fe34fe5efe37fe6afe77fe4cfdf9fe3dfdedfdcafdcefdf9fdd9fdb9fdc9fde1fdcffdb4fe00fdfafe2efe40fe63fe71fe9cfed5ff49ff35ff38ff63ff8dff8affa2
MIC 008704 ffbffff20001002b0068009a00aa00a400db00d200ed0102014301650189019601af01f4020901ff02290235022a022c023401e601c201bf018d0183016f01aa019e019501de01c40187016d013800f90113010d0122012f0135011c013b013b0137011c012f015d0169015c00f3010400f800cc00a9006b00290002ffd7ff8e
MIC 008768 ff77ff28ff10fed4fea4fe77fe89fe88fe6bfe1cfe1cfdf9fdfefe05fdeefdd5fe01fdd4fdaffdc4fdcdfdedfe03fe50fe16fe08fdfdfdcefdbefe1dfe0dfe58fe8efeaefe96fe9efe8ffe8ffecffed6fee1ff10ff90ff8dffe500070017ffcf00020004004d0059006c00a300be00e400de012601250147012101570146016f
MIC 008832 017a01b401b001fa01de02120224026002310249021b01f801ce01bc019a018d0198017e019e017501af01af01b2018f019d01560146011a00f700c600f40107011c0112011b00d3007a0065001effe8ffc6ffb5ff8eff84ff84ff9cff66ff5eff1afee0fecbfe95fe60fe51fe3dfe5bfe7cfe9efea6fe9afe7afe58fe6ffe71
MIC 008896 fe5dfe25fe19fe13fe23fdf8fe01fe48fe3bfe52fe6bfe85fe6efe69fe64fe57feabff23ff64ff31ff48feefff16ff29ff63ffb4fff3001900410059006d00a40093009d006b006400a100eb00ed01100106012200bb00a800ae00ce00a10101011d0121015301b001aa01c901e2021a020e020201ec01db0209021301f3020b
MIC 008960 0234022f022301ea020b01fd01cc017c01760158012a00ff010100fb00d400bb009900a300a7007d005b005b0049004dfff7ffb2ff7cff63ff1afedcfed6fec4fe68fe3bfe3ffe21fe03fdf7fe1ffe09fdf3fde1fdd3fdeafde1fe00fdbafdc7fdb9fde7fde0fe24fe37fe8cfe90fea3fe98feadfeaffee1fef1ff19ff1dff31
MIC 009024 ff51ff56ff60ff7effdafff7004300320049002e00350006ffff001d006b00a000ce00e100d600e9011c013b012901340155015c0158017b0178019501a00173016c0178018601b601cb01c801b301d50211020001d801f901db01ac01c501b601aa018d0177015e016601590144010700db009700720029001900350025ffc4
MIC 009088 ffd7ffa4ff81ff64ff49ff21ff1afef6ff1dfefafef6fee9fed4fe77fe4bfe56fe74fe32fe07fe22fe08fdecfe18fe0dfd97fdaffddbfdfdfdd5fde1fdc2fdc7fdd4fddbfdf5fe21fe45fe54fe3cfe33fe21fe4cfe4efe7cfea7fee0fefcff1aff32ff4eff8fffb2ffddfff7fffa002b0061005d00920088008c00c000cf00ce
MIC 009152 00f701630168016301ad01e901c101b401b101b101be01bf01ec01da01e401cd01fa01db01c901a001ca01bd01b501a201ae01ce01bb01c401af01af01a001c3018c018a0130011200ee010c00c400df00b300c0008c002f0005ffb6ff6dff6eff50ff4fff50ff12fef1fec3fedcfea9fea1fe78fe7afe84feb9febdfeb3feac
MIC 009216 fe88fe5bfe7cfe4bfe5bfe5dfe61fe79fe1cfe41fe40fe48fe2efe5cfe6efe86fe45fe41fe10fe28fe2dfe3ffe89fea7feb2fea7fecaff0aff39ff5aff61ff73ff77ffbefff60023003500550041002b000f002a00390062007600c500f700fe00e8010100f4011001810183019f01ac0220022502510253026e025802550251
MIC 009280 027c0254023e0202020101bd019c01af018801b101a201560164015f013b0159013c014e01300138010100d000ad00af009000360036002a0013ffabff7eff73ff42ff19fefffecefec1fec9fecffea8fe6afe7efe58fe43fe38fe31fe2bfe25fe26fe02fe0cfde1fdc3fd94fdd9fddbfe05fe2cfe41fe13fe16fdd4fdedfde2
MIC 009344 fde6fe17fe6cfe6cfe69fe6cfebffeefff12ff3bff67ff6cff6bff54ff85ff89ff88ffe1000f004d006600bd00a60084008000a60075007d00ab00e0010a010f0154014a012b011f015401450169016c0190017901b301cb01fb01ea01d401ae01b901b5019e01c101aa019a01790158012a012800f50120010700fd00db00cb
MIC 009408 008d006e005d0055004000660062004f003f0010fff0ffd5ffa5ff89ff8dff85ff60ff21fefdfec3fec5feadfea5fea0fe95fe6afe41fe29fe29fe30fe4dfe82fe97fe79fe96fe77fe40fe49fe59fe39fe29fe18fe57fe5cfe5dfe8efeb1fe83fe3efe2dfe33fe54fe84fec2fef9ff21ff53ff42ff84ff9cff9cffadfff20017
MIC 009472 004f0068008000740057009300c800c200ee010a01540152013d0135016b013d014b015d01a2018401b701b7017a0154017b019a01bf01f5024b023d022e020101f501e201f601cd01b20193016b010a00d500a800d600d500f500e500b500960073003b0033fff3ffe8ff8fff70ff55ff3ffef7fefafefafed4fec6feb1febd
MIC 009536 fe7cfe9cfea9febbfe60fe4efe07fe28fdd4fdbbfdbffdd1fdbffdcffdcafdfffe07fe0bfe15fe0ffe28fe17fe28fe3dfe73fe6bfe99fec1fec7fec4ff19fefefef0ff04ff17ff00ff15ff16ff2dff6dff8fffbfffca00000016003f00450063007000b000e000fd01080111014201600147018901b9018b01b101b0019401a3
MIC 009600 01d201db01f50214023b026102640240020f020e02110213021d020d01e3020401d601e301cb0198017c013801320108011d00e600b500930098005f005e002f005600330032fff7ffd5ff80ff68ff56ff58ff60ff52ff5cff69ff39fed3fed2fe79fe4bfdeffe0cfdf6fde8fde3fdfefdf6fdc6fdb5fdddfdcbfda6fdc0fdda
MIC 009664 fdc6fdcafdd6fdeefe06fdfbfe28fe4bfe77fe9ffec3fee8ff02ff0aff36ff29ff41ff71ff73ff92ff82ff7aff88ffadffe000290064006a0051007400710044007d00ac00ad00be010000ff0137014b0159018b01740183018601e201f001f301f802400253024e0224024402120201020d020f01dc01d601c801a9018b0178
MIC 009728 017a014b014e0143012600f900e1007d0059002b002e0042002e002d003c002b0012ffd4ffcbffa2ff71ff44ff3bff25fedefef3feebfeeafeb7febefe66fe50fe3cfe21fe22fe1afe1afe1ffe10fe0efe05fddefdddfe1bfe23fe37fe1afdf2fdf8fdfbfe38fe32fe2cfe23fe39fe3cfe53fe50fe7efecefed6fee3fef7fef8
MIC 009792 ff14ff3eff82ff79ff90ff8fff96ffd30002000b003a00420038005b00c0010a0146015e01710172018401c601dc01e9021801f801f101e501ea020b01ea01dd01df01fc020202370202021f01fa02120200020301fa01fc01ee01e101b9019501a1015a015201260126010b00d300a9009f0084004600230002ffa2ff75ff5e
MIC 009856 ff29ff20ff25ff20ff05fefefee3fec8febffe99fe73fe72fe6ffe6bfe94fe99fe91fe7bfeabfe7cfe94fe63fe67fe39fe49fe54fe7afe5afe78fe77fe94febcfeb8fea1fe97fe98fe9cfeaafe97fec3feadfeeefee8ff0bff2eff53ff6effd0ffe7fffe00060002ffffffdf001d003b008b00aa00eb00b900e800ba00f800fa
MIC 009920 012c01560155014c018801b0019a01e801e401eb01e501e201dc020301e101e601a701e901cf01d501f301f701e701fa01de01d601b601980180017901510151012f013f00f900fb00c4009f005c00610052005e001fffed0004ffe2ff9eff77ff52ff06feb3fe95fe7afe40fe50fe53fe31fe48fe3ffe27fe0efe0cfe04fdf9
MIC 009984 fde1fdcdfdd5fdaefda5fd8cfdd1fdcefdc0fdfafdf3fe00fde3fe03fe01fe42fe65fe9dfecbfef1fecbfee3fed3fec5feddfee5ff02ff44ff7bff7dffe20007fff8001f005a00430060009c00d700ab00fb011b011f012d013f014601550171019f019a019f01b401d901bb01be01ea01df01ea022a020202110221023e01e0
MIC 010048 022301ff01ba017801a6016d015c012d011400bf00b7008b0079008d00640051005900760019002b002400420012fff6ffb6ffabff5aff82ff36ff39fef5ff00ff1aff13ff24ff25ff12fee9fee8febefe97fe63fe4efe3afe5ffe49fe6ffe59feadfe75fe59fe59fe30fe0dfdfcfe44fe56fe5dfe4bfe6cfe4efe4ffe44fe5f
MIC 010112 fe54fe8dfe9ffec5fee1fef0feddff1fff65ff76ffbfffdfffebffe2001b00500076008c01050108012d012b0177014f01690176018d017e018401c201cb01e001fd01f501fa01d901c501fc01e101c801f70235023b020b0212021601df01cc01db01a1018b01580125010600dd009f0086007100530040002900330010000f
MIC 010176 0008ffa7ff90ff8fffa3ffb8ffb7ff96ff4eff0bfefafec6fe8efe9cfe83fe7dfec0fe9cfe6dfe56fe70fe55fe56fe59fe58fe33fe3dfe2afe6bfe41fe3ffe4afe45fe5ffe6bfe6cfe6efe4cfe41fe16fe2dfe53fe57fe7ffed5feeeff32ff1aff30fee8ff07ff14ff70ff4dff6dff9eff8cff93ffb0ffdeffd8000600530080
MIC 010240 006000aa00a000e000f2015d01580184015f0173013a013301190135010c0137012f0180019d01b501d701d601e701eb01ed01e301ee019601ce01d401f501c301ec01db01aa016c01660131011e01360107010400fc00ea00bd00d2006a0046001c0024000afffd000b0016ffd2ffc5ff98ff63ff01feeafeaffe86fe6ffe79
MIC 010304 fe54fe3bfe37fe29fe28fe2dfe0bfdd9fdd3fddcfdcffdf0fdfcfdfdfdf9fe15fdf1fe19fe03fe47fe33fe41fe50fe55fe72fe78fecbfeefff02fef6ff23ff40ff5aff5fff8bffbfffdeffed0022002c003f00710086009f00c900d900e601150121015b016401ac019d01a4019101b8018f01ab01bf01e201b801ac017f0160
MIC 010368 016901710163015401a801ab01b6019f01af018701ba01a2018e0177019d017d01690156012b00e700ae00980092008a008f00b60076005a00390039fffaffb2ffaaff98ff70ff5bff2bff14ff29fee7ff0dff00ff0dfefcfedffea4fe90fe69fe56fe57fe48fe1afdf8fe15fdf6fdedfdf2fdeefddefe03fdc7fdfbfe20fe54
MIC 010432 fe69fe8dfe9bfe89fe81fec1fee3fed4ff18ff0aff36ff19ff44ff6bffbdffac0003ffe9002b0036005d005d008d00720074007600b600bd00be00f60108014e0166017b017201a701ae01f3020602220220021e021a0236021302290245024c025d026102560223021001fc01cb01b801b601c90195018a01850164012c00fc
MIC 010496 00e600b600c700a40062003e001dffe0ffa2ff82ff94ff6eff6bff5cff34ff18ff2bfefafec5fea7febafe92fe78fe7cfe8ffe72fe7ffea1fe62fe83fe65fe62fe37fe38fdedfde3fdd6fdeffde3fe3dfe42fe68fe40fe53fe40fe44fe39fe4dfe6efe91febefeeafef9ff2fff4cff63ff50ff4aff6bff8cff93ff7fffa5ffb9
MIC 010560 ffcdfff6003200360065008900d300b500c200b500e600c4010f0121012f0115012d011101430154019a01a5019c01a8019d01b201a801b301e501c901eb01f901ed020701fa0225020c021a01f101e5019c01ad019a0187014401400117010b00cd00e200c6007e0072005c0041fff80000ffb8ffadff62ff4fff03feeefeb7
MIC 010624 feb0fe85fe89fe71fe90fe47fe3afe33fe22fe35fe2afe1afdfafe3bfe36fe42fe22fe5dfe33fe51fe21fde5fdcefdcefdc0fde0fde1fdeffe04fe2ffe30fe62fe77fe88fe9efedfff04ff06ff20ff3fff34ff61ff80ffb5ffb9ffd50012002a004a0080008d0096009300a800a600cf00ff014e0162017f01a301a901b001b2
MIC 010688 01e001f2021a0213020d01f2022e01f201d701df01c101d901fa0202020701ed020b01e601cd01b5017c0167014d014701640172013f012701100115010500f500e50086004400220003ffd3ffe8ffd2ffe0ffd3ff89ff65ff2cff11feeefedbfedbfeddfec9feb6fe73fe4efe2efe2afe4bfe48fe42fe71fe8bfe7bfe6cfe34
MIC 010752 fe33fdd8fe0ffdfffe1ffe0dfe64fe4dfe7afe82fea7febefeb3fec9feabfed0ff00fee9fee7ff40ff34ff39ff52ff7cff5cff7cff73ffa0ffae000000020014004f008f007b00a700b600c200be00df012601200157015e018a017601cb01d50227021c022d021102340243025902460256025b0248025102270262023b0253
MIC 010816 021f021d01ea019c015d017d01540126010000f500df00b400a2009700530015ffeeffd3ffd3ffc0ffcbffcfffbcff65ff3fff10ff14fef7fefffef5fec0feacfea7fe89fe9bfe91feb4fea6fe9afe74fe62fe48fe1cfe1cfe45fe43fe42fe45fe34fe53fe7afe8bfea2fedbfee7fee2ff19ff1eff12ff1cff48ff43ff3aff81
MIC 010880 ff90ff85ff9bffacffbcffc1ffd7000c0017002d003b004500660063008100ab00b200b100dc00e600fb012f0143016e014c015f01620171019401c201c501c101bc01e601d401cd01d801e201d301e401f90200022e021b020101ea01ee01a901a8019f01bd0177017201290141010c00ff00d500dd00a1009a00720049001c
MIC 010944 000a0004ffb4ff56ff42ff10fecbfed3feabfeaefe4afe5ffe0cfe12fe0bfe22fdf3fdfffde1fdbbfda3fda1fdbafdf4fe07fdf4fe06fdd2fde2fdb0fdf6fde1fe13fe2dfe60fe60fe95fe63feb2feabfebcfeb8fee7feedff06ff2eff42ff8aff8bffbbffd6002e0020002c003c004d0023005500600083009000d201100136
MIC 011008 0127012401450150017801a101ec01f80203023702480258023f02520240023d021702180215025002370233022a0240020e020f0222021a0233022801fb01a4019a0172014e0133011f00dc00ec00bd00ab007800600010ffdcffc1ff9dff75ff75ff4bff0aff07fec2feb6fe6efe9afe5afe75fe2dfe63fe43fe50fe33fe38
MIC 011072 fe30fe36fe19fe30fde6fddefe17fe13fe23fe00fe08fe0ffdfefe07fe0dfdeafdf3fdf9fe04fe2bfe51fe58fe70fe79fe7ffe9cfebffeddfed9ff09ff35ff4eff62ff89ffa5ffd8ffed000f00570069008200b100c600c800d201080120013501530179018301bd01d001f2020c020e021b0219021d023c0202021301fe0214
MIC 011136 01fb02230202021e01fa01fd01c501c001750187017c016901470128013a00f200e700850085004e006400320033fffb0000ffccffb5ff91ff6cff40ff25ff16fef6feecfee4fedffe97fec6fec4feccfea7feb7fe9afe67fe71fe84fe52fe4efe79fe5efe2cfe2ffe4efe43fe59fe42fe78fe4afe6ffe7dfe87fe93fe95feaa
MIC 011200 fecffec7feb3feb4fec3fec0fe95feb2fee2fef9ff18ff2bff51ff2fff67ff59ff9cffa4000d0013002d0027004900580078009200cb00e7011f013801460170015b0184018601c301b201bd01ee021d021b023d023a021d0212021602140237022102270236020701e301c801b10191018901990169012b0123010300ef00ad
MIC 011264 008c0076005d001c0008ffecff9fff91ff7aff7eff4bff5dff4dff1cff0efef4feb7fe97fe7ffe45fe70fe59fe48fe24fe18fdfdfe1dfe02fe18fe20fe53fe34fe1cfe53fe4bfe42fe49fe56fe35fe5afe35fe5cfe52fe77fe91feaefe8ffe90fea5febffecbff16ff23ff19fefaff44ff4eff7dffa6fff20001ffe50013002f
MIC 011328 0063007000b600c300d600dc010100fc0138012b011a01560180016a01580191017a0165017301b701a801db02100229020f022d021301ea01a301880178015e0179017b015a0147011c00e700f100e000cd00b5009c008f008f00aa00bb00970058003efffbffbcff90ffa4ff9dff93ff66ff68ff1eff1dfef8fee8fed3feaa
MIC 011392 fe91fe53fe1afdfafe13fdf8fdf8fdf1fdeafddafdcbfddcfddcfddefe05fdfffdf4fdf0fddcfdf5fe14fe1dfe23fe32fe36fe2afe17fe58fe68fe8cfe9bfebffecefed7fedbff0dff1aff39ff52ff65ff78ffa9ffef00140027005e006f0075009900b400e7010c016e015c018e01b301d801ae01e7020e02040235022b0217
MIC 011456 0218023d0265027302640245023f0238021f01f2020c01fb01db01c601cd01a6018f01640169013e012800ff00d500a0007b007c00630062003c00400012001b0004ffe0ff7fff76ff4eff2cff04ff02fee6feeffee2fee1fec5fe94fe96fe81fe97fe68feb0fe71fe5cfe46fe57fe20fe34fe32fe1cfe24fe20fe29fe00fe1c
MIC 011520 fe14fe1efe0efe2bfe38fe72fe70fe87feb2fec8fea8fecffedffef0feeeff3aff57ff61ff6dff77ffa3ffacffdf000c00280038003f003600500053007a00a600d400dd00ef00eb00e000e4010f0137013b0163017801b101b301e501da01d901e601c401d601cc01e001e501e3020601f501e401dd01b101950177018f018b
MIC 011584 01650156012c011600f600e900a20090006400700064005d005e005f002d000fffe6ffdaffc3ff96ff84ff4fff4cff13fecffec2feadfe73fe7dfe97fe98fe8afe8dfe7bfe37fe1efe2bfe23fe0dfe27fe03fe00fde3fdd8fdfbfdf7fe00fe18fe13fe32fe61fe96fea2fe9dfeacfeb7fec6ff04ff1bff24ff81ff86ff9dff94
MIC 011648 ffbbffb5ffe9fff500210014002c00410054008b008f00e2010f011b00fe0129011d01570147019701a101b201c801ee01d901f90212020201fa01fa020701d7020301f202020206022d01da021401f301f501e701fb01a701ab017801770138013b01440117010900d8009d006f003d00090012ffe80008ffef0000ffd1ffd7
MIC 011712 ff79ff67ff34ff20fef4fed2febdfeaafeb6fec7fe84fe82fe71fe4bfe42fe3dfe3afe22fe1efe1bfe0bfe18fe26fe5dfe71fe71fe6afe5bfe6efe66fe50fe77fe9bfe8efea5fea7feb0fe9cfec8febdfef6ff0bff38ff3cff62ff63ff93ffaaffd6ffe40003000300490083007c009400ad00ad008500b100bb00c900cf0121
MIC 011776 0149014e016a018901880187018f01c301bc01c401d101f9021202210228020f01f101dc01e2019c01c10196019b016d0181015701470141010f00cf00d000a6007f005d0055002300020001fff3ffb9ffa2ffa0ff8bff5fff50ff31ff33ff15ff23ff06ff06fef6fec4fec0feb1febafe93fea0fe83fe62fe1afe3efe26fe2f
MIC 011840 fe0ffe29fe12fe34fe1ffe34fe13fe49fe34fe3dfe31fe5efe56fe68fe5ffe65fe78fe7dfec8febaff05ff00ff2dff44ff5dff50ff8affaeffc2ffe7000f00500078008c007d00ab00c500d300cd01350140015c017901bf01ad01ae01ab01e802090217021b021e023702190215021b020401fa021a020d021601e001fc01f6
MIC 011904 01c501c801e401b101ae01cf01c6018e017a015c0149011900e500d600bc00ae007c00660068fff5ffc5ff91ff97ff7bff7aff55ff65ff31ff0aff00fef5feedfeb5febefe97fea7fe5cfe79fe88fe6ffe64fe8ffe6ffe48fe40fe42fdf0fe01fe29fdf5fddbfde9fdd2fdedfdf2fdfcfdfafe30fe27fe24fe52fe69fe69fe53
MIC 011968 fe80fe88fe7afee8ff43ff35ff5dffc5ffd9ffd80002003000070023004c003a0047007800a200d70133013b0178017301ae01a901c701ea01ff01d801e501cc01df01f901f101ff021d022f022e025a023f02540208021e01f401df01d201d801a001a90161016c012e012e0107011000f700ee00ab008900860025003b0012
MIC 012032 0007ffe00003ffa9ff8bff6cff82ff51ff7cff60ff71ff4cff52ff21fee3fecdfebffeadfe95fe91fe58fe3ffe45fe27fe1afe44fdfefe11fe15fe41fe1bfe3dfe35fe04fde2fe24fe25fe35fe53fe53fe5ffe5afe66fe64fea3fee1ff17ff26ff65ff7eff79ff96ff96ff99ffafffd7fffa000e0048008f00b600c600da00eb
MIC 012096 01130106011d0134014c01550194018a01ae01cd01c801e401e101d501d001dd01f201d001cf01b901bd019f01820188018c0166014c012900ea00f0010c00fb00d800fe00c900a900b100a8009f0087008c0078006b00780054004b003500090011ffe5ffd6ffa9ff90ff89ff89ff81ff35ff32ff0cfeb9fe7cfe88fe84fe5c
MIC 012160 fe55fe5ffe2bfe18fe22fe14fe12fde8fe0ffdfbfe1bfe04fe5ffe40fe34fe22fe23fe1cfe52fe4bfe74fe9afe80fe97fe8afe88fe7dfecafecafeddff04ff26ff21ff61ff70ff85ffbf00130026006a0093009400b100bf00d500e900e800f201170104014101570194016201a701d001ee01be01d801bb01ca01e801cd01f4
MIC 012224 01fd02090218022f01f101f601d801f201ba01ba01af01c20193018b016a016e0150014d0136012100f400c000aa007a003d001c000bfff5ffadffaeff9eff85ff6aff65ff54ff32ff29ff04feeffee3feb2fe99fe91fe74fe49fe48fe2ffe05fe07fde9fdfefdf1fe09fe09fe1cfe49fe31fe3dfe64fe61fe74fe72fe93fe70
MIC 012288 fe7dfeb8febefed7fed5fef5feedff05ff16ff51ff51ff75ff6eff78ff7fffabffd0fff30016002800410063008f00ad00c400ed00e400ef012200fe0115013b01760179019201bc01ac0190019e01bb01d301d101f30204020c0201020901fa01e701ca01ab01b101dd01b801cc01f801dd0198018e0165014e012f014d014a
MIC 012352 01590127010700e300e2008b007f005e001a000efffeffe4ffafffccff8bff77ff3aff34fef2ff17fed5fecffebcfea3fe51fe74fe4afe49fe2afe22fdf8fdcffda7fd74fd7cfd7efdb6fda9fdf3fdbefdcffdcefdfafdc8fddffdd8fe17fdfcfe26fe52fe4bfe6bfe8cfeb9fe95fec5fec6feeefeecff44ff61ff94ffbdffdf
MIC 012416 ffe9002a0038004e00650080009000d200f3013201480176018d01a1019001a001cb01ac01c301ee0218020e022f024c02210221021b022e020a020e021b024602590257025d02440230020701ea01cc01bd01a70196014d0145010a00ea00e800cf008200830070001a00120019fff2ffabffb5ff86ffacff59ff93ff67ff61
MIC 012480 ff35ff36fef2feb7fe9cfeb1fe81fe82fe60fe45fe1afe25fe16fe00fe0efe1cfe16fe09fe1ffe12fe1ffe2afe53fe50fe52fe30fe3cfe0bfe2afe59fe70fe86feaefec8fecdff01ff1eff3aff2eff5bff67ff74ff9cffa6fffc001a003800460061004a006500610091009800a500a800ac00c800c60104011b016e015d01a7
MIC 012544 018a017f01730191019f01c201b201e8020401f701db01cf01a5018c019101ad01bb018701a8017a016a014101530116012800f2011b00fb00f900aa0085004b002c0019fff1ffeaffb6ffbcff92ffaaff4eff3dff39ff43fed4fefdfef4fefbfec7fee7fed2fea6fe7bfe76fe55fe16fe21fe26fe0dfdeefdf7fdf7fdd6fdbf
MIC 012608 fdd2fdf3fe08fe19fe5bfe6afe76fe8ffea6fea2feb1fec3fedefefeff16ff0dff0eff48ff5fff68ffadffb3ffd7ffef0010001d00490043007800a900b500c5010800fe0100012d01750168017701a201ae01ca01c701c901cb01e201d201d501e0020001ea01f0020301cf01bb01b101bf01a101a801c601f301a401bf01be
MIC 012672 0196018b017d01760154011b011f010a00ef00f200f800c0007c006d0051004b00240032001dfff7ffdeffc6ff88ff6cff4fff58ff21fee6feedfeb1fea5fe6ffe6efe4ffe5bfe59fe3bfe25fe16fdf9fdfbfe13fe08fe02fe06fe2efe1efe46fe32fe64fe51fe5dfe83feaafeaafebffeb5feeafec0feebfeebfeecff1eff3f
MIC 012736 ff67ff62ff84ff92ff9fffb60001002b002d004c0070005e007900b300da00db01110133013e015a017a018d018f01db01e201e60205024f0248023e0218021e020601fd021a0212023302420238020801ff01d301b801b101a9018501b801c8019f0174014f014d011c012300d900c200b600b6009b0078005b00340004ffcc
MIC 012800 ffbbff96ff9bff90ff6aff4dff30ff04fef6fed1fed4feb4fe9cfe92fe71fe60fe3efe39fe29fe1cfe2afe37fe32fe04fde3fdcefdbdfdd4fdc7fdecfdf9fe22fe35fe27fe19fe3bfe3cfe60fe4efe74fe8ffea0fec5fed8ff10ff09ff1dff3cff64ff6effaeffb1fff00021004a0052009b00b500d801000133015401380161
MIC 012864 0174017c01aa01a401ef020c020c022f023802260245023e024d024c02580237026802330251023a0244022102230221023801f201e901c0019201530138013f011b011c012e013b0105012300ce00c8007300680054004600300025ffeaffc3ffb6ff70ff56ff14ff33feefff07fedcfee4fe97fecafe87fe72fe5ffe6cfe4b
MIC 012928 fe2ffe09fdfafdb0fdb0fdd4fdabfdb6fdc5fdf9fdc5fde7fddefe02fde3fe35fe21fe5afe4ffe91fe79febcfed9fef1ff0bff65ff90ff94ffc9ffb8ffc0ff92ffd5ffe10009002000520090009500dc00d0010e0111010100fe01180116013b015f01810195019f01d201ba01b301c301e601d301d901d601da01bf01bd01d2
MIC 012992 01dd01d201e301db01d701de01b001c301af01cc01c001cb01870173015a0143010a010a00e600cb00cb00b100a5005d004affecffbdff81ff4aff2fff3dfefbff0bfef1fedefec0fec6fe8afeabfe99fe7afe7bfe7afe5dfe4dfe74fe5cfe41fe38fe6bfe29fe3afe02fdf6fdfffdf1fde7fe1afe24fe3afe75fe74fe86fe81
MIC 013056 feacfea2fef3fee6ff18ff26ff4fff4aff8bffb1ffb6ffd6ffe3fffb000300450032007e007a00a7009100eb00d2010501130160014301ae019f01bc01bc01db01e001fa021c0223023d0246024402170248020001ea01d101db017d019d0167016c0139012f012e00fe0120012a0128011f01370113010800b900cb00b100a9
MIC 013120 008f007d0051001d0003ffd4ffb8ffaaff8bff67ff22ff03fee3fea6feb7fecefed3fed2fecafeb2fe66fe74fe76fe55fe3efe58fe23fe2efe30fe68fe2dfe38fe30fe2efe0efe06fe0dfe13fe3ffe0dfe0efe07fe00fe01fe2afe58fe9dfea2fef1fee8fef5fefeff3fff62ff81ff9cff9fffbaffb5ffb1ffd9003d0037005c
MIC 013184 009600c000b3010901110176019301bb01bf01cf01ca01dd01fb020901d501fa01f001ec02040219023b024202320202021401f101f101f8021001f601f601ed01c601960193017a0162016a01340135011700fc00e600da00c300a4007c00620041002d002f0006ffeaffa2ff87ff4dff3cff10ff2dff1aff27feeffec4fea6
MIC 013248 fe69fe57fe7afe65fe2afe4dfe12fe05fddefe17fde0fdf5fdddfdecfdc8fdfbfdcbfdd6fdebfdd5fdd4fdf5fe0bfe08fe3dfe4bfe6efe57fe85fe76feb4feaefedaff0aff3dff36ff5fff6cff7dffceffe900030023003400370081008b00c900d3010400d700f401120125012a016e01670184017a017e01a801b301aa01b0
MIC 013312 01bd01bf01aa01b501c701e801e401df01ea01f401ef01f201eb01a40188016d0138011e01380131013f010b00fc00e600a9006a00820067007600460047000c0006ffc3ffa9ff68ff6eff35ff48ff17fef8ff02ff03feecfec6feb9fea7fe8efe81fe77fe5afe63fe4cfe38fe11fe16fe3cfe46fe45fe54fe63fe42fe54fe5d
MIC 013376 fe62fe73fe88fe81fe7efe7dfe8dfe7dfe94fea4fea0feb5fec5fedeff03ff10ff46ff65ff72ff7cffa5ffc5fffd00310051008d00ab00b100b900dd00f80125014c015f018301ae01c801a101d201c201ea01f4021a0205020e01f101f001f301ea020e020202170201022201fe01e201f101df01a501ca01cd01a9016c018d
MIC 013440 0161014c012d011900d500d700ce008e0086007b00350006fff0ffd4ffbfffa0ffc3ff77ff40ff1aff02fea5febdfec8feb6feacfeb6fea9fe73fe9ffe97fe6bfe5ffe79fe40fe39fe35fe34fe26fe22fe29fe1afe24fe3efe41fe52fe53fe59fe5cfe5afe65fe63fe74fea2fed0fed3feccfee9fef8ff07ff1dff38ff6fff73
MIC 013504 ffa1ffb8ffc8fff0001900480062008e00ab00a500c200da0106013d013f016a0196019901ab01ba01df01f801f901fa01cf01f801e701ec01de01f001d201cf01f101ef01d001f501e001c8017a01680158015401500166014d012d010200fa00d50073006f00590020fffaffbeffa7ff9cff8bff87ff76ff61ff2cff18fefe
MIC 013568 ff04fef4ff02fef8fed8fe80fe67fe5ffe4ffe47fe47fe42fe50fe1efe0afdeffdfbfde1fe2cfe12fe38fe31fe47fe3cfe33fe3bfe4cfe5cfe7dfe85febcfec3fedffefdff0afefefedcfeecff0bff3dff4cffa7ffb7ffb7ffb1ffcaffbdfffe00010064009200b900c900e7010600ff014c01350174015f01af019101da01e8
MIC 013632 01f101e5020901e401f60224022e0244021c022701d001dc01b9019d018801ab019401ad01a701ac018f019e01780197017d0173014701460136010300f500d200c000bd009f008200700027003bffeeffc6ff83ff72ff5eff50ff4eff40ff48ff29fee5fec6feb6feb2fe87feb6fe8dfe70fe7ffe62fe3ffe46fe20fe32fe32
MIC 013696 fe59fe2ffe21fe12fe09fdf8fdfcfe10fe08fe23fe24fe4dfe4efe78fe4dfe72fe5dfe96fe82fecafee8fef8ff22ff50ff51ff6dffa4ffda0013001b00430029006c007d008500cd00f200ea012701360173017e019401a101a301b001c201df02160226020b0221021d020f01fb01f502150215021f022502420220023b01f3
MIC 013760 01f501cc01c701b501b80189018f01400171010b00f1011c00ed00b600ab00b4007b006e007000590002001c0007ffcdff93ff9bff4aff5bff2dff14fef0feecfea7fe7afe70fe5ffe2efe2efe37fdf8fe2afe34fe42fe14fe2afe0bfe0dfde9fe29fdf6fe31fe2dfe36fe11fe43fe3dfe4ffe69fe84fea5fe77feacfeb2feb9
MIC 013824 fee1ff11ff29ff5fff79ffb8ffdf0002fff500330049004f004f008400b5008900be00cc00eb00e701100130011e0142015d0163019801b001b601e501fb02010222022a0241023c0252024002370208020901f0020b01e301f501d101bd017e01920131015e013c013a0149016001290109011f00ef00bc00e300ce00720091
MIC 013888 006c003effe6fff4ff85ff68ff38ff3cff20ff19fefafec8fea8fe76fe46fe31fe34fe07fe22fdfafdf4fdbdfdf5fdfffdf7fde1fdfefdf5fdfbfe01fe18fe1efe04fe29fe47fe45fe35fe49fe61fe71fe6ffe75fea5fea4fe9cfecefeffff23ff5fff97ffcbffbbffdbffcbfff6000d0024001f0064006600a500bb00d000d4
MIC 013952 00d8010f012600f80127015801550181018001b901d401fa02190221020601ff01dc01d301ce01d001ee01f401df020401e801dd01ee01b701c4018e019a01430158014e01450110014000e700b400a0007c006c005d0045001cfff9ffa3ffa6ff3bff27ff04ff1bfeebfee1fec1fecdfeacfecffea5feb3fe8ffe77fe6dfe67
MIC 014016 fe5bfe74fe75fe6dfe82fe68fe5cfe58fe2dfe23fe29fe29fdfbfdf2fe07fdf0fdf1fe18fe1ffdfdfe29fe45fe63fe95febffee3ff11ff0bff22ff1bff67ff58ffa1ffcbffe6ffce0008001c005200400065008a009e00ad00be00e300c90117012f0144014f017e016a01a001d501c1019401de01ca01ab01c801fa01e901eb
MIC 014080 01f601dd01cd01c6019b01720193015b0153015d012001180109010100e900f200de00b1008f008600510042003d00180018000cffebffc3ff9dff58ff55ff2eff2aff2aff2ffefffeeafedffed1fe9bfe89fe6efe4dfe66fe35fe2bfe54fe5cfe56fe30fe22fe0dfde7fdf4fde4fe1afdf2fe1cfdfffe23fdfbfe27fe19fe3d
MIC 014144 fe2ffe63fe72fea0fe85fe8ffeb9fec6fed0fed8ff1dff33ff46ff76ff91ff90ffc0ffd6000d0037005b0067009100c000c600d60108011f011c016301560177019901be01aa01cc01cd01d001b801e20209021f021d022301fc020801c001d701f301cb01c701cc01bc01bd01a701a801a60179016a0139011801450119011a
MIC 014208 0111010600d600d800c500a1006d005c0051000bffdcffabff8aff65ff2fff13ff11fea8fea5fe9cfe93fe86fe9afe8afe9ffe66fe59fe3cfe62fe3afe3efe48fe28fe11fe0afdf7fddafdfffde7fe00fde2fe00fdfdfe24fe41fe57fe68fea9fea2fea6fecffeeafeebfef4ff1fff25ff23ff21ff68ff5cff84ffa9ffebfffb
MIC 014272 00150035007d008700aa00eb00fa01120120014701510127012f014b012f0115013301460174015201ac019d01b501b401f101e1020201f8021a01e401fb01d901f301ce01be01af018e0186016901580135013700fa00f000bd00cc008400aa0074004900100015001bffedffd9ffccff98ff77ff57ff35ff52ff27ff40fef1
MIC 014336 ff06fed7feabfe76fe6bfe45fe1afe2efe0afe12fe07fe11fdf8fdeffdb6fdadfd84fdb3fd8bfdc3fdd2fdddfde3fe0afe1afe27fe5cfe8afe95fe98fec3fef5ff09fef3ff3eff42ff49ff4cffb4ffb1ffaaffc4ffc9ffb0ffeefff20014003a005b008a00ac00e300f8011d0126013701480170017d018901b601a101be01bc
MIC 014400 01b201b201cf01b101a901de01c6019d01bb01c801b601b401c801c001b201b601b701b901bc01a601740170011e0113011a012200f800e300ac0089006c003c00410022ffffffecffcfff99ff83ff4fff55ff4cff2eff2fff06fefbfecefe9dfe9dfe90fe6efe76fe62fe27fe2efe47fe38fe1dfdfefdecfdacfd96fdbdfdc7
MIC 014464 fdd1fda2fdbcfdbefdbbfdaffe03fe1afe3afe4efe86fe8bfeacfebafee4ff06ff2dff4aff55ff7fff8fffc0ffcc00390041005b005b00b1008300af00c300e800d7010f01120124012d017201820184019e019d01c0019201a101a901e401c9020001ce01ea01c601e501ba01dd01bd01c501d601f601ea01eb01da019d018c
MIC 014528 018801790173016e011a010b00c800c10075007200420035001f0006ffd0ff9bff8eff66ff3dff14ff1eff1efee8fea8fed2fe7ffe3efe32fe25fe22fe41fe77fe54fe3dfe21fe1ffdfafe11fe2afe45fe37fe3bfe13fdfffe0afdeffe17fe0ffe4cfe32fe6bfe4ffe6ffe6ffe9ffe9afebafea9fec3fee3ff32ff41ff7dff7a
MIC 014592 ff5cff49ff69ff68ffa2001e0029002d0038005f00340079009d00cc00d5012f011c01100146014f01680196019d01c001cc01ea01ee020002070216021c01e301ed0203021601fc0219020901cf01c901d401a601ac01c501c001c1018401690123013901220113011700ed00c800bc00b600a300a10085005b0041002afffb
MIC 014656 ffeaffaeff84ff57ff40feebfebffebdfea0fea6fe9bfe7afe57fe53fe2dfe30fe2efe3bfe12fe23fdf5fdfafdecfe12fdf1fe0dfe1dfe27fe3dfe23fe5dfe4afe7efe5ffe6bfe6ffe95fe82fed0fecbfee7ff07ff18ff14ff36ff5aff58ff92ffa0ffbfffaa0004000c0047006b00a9009500ae00be00f4010c0120013c0165
MIC 014720 016a017a018f01b001bd01c0020d01f401f401f201f001db01d101c001c701bb01b701c101f301fc02110208020301b2017e0184014701420146010f010800de00e600a1008800aa009b0057006100140000ffd7ffe9ffbdffa5ff87ff7eff46ff4eff5aff40ff19ff08fee8fec3fec7feb9fee2fec1fec4feb6fea0fe7bfe4e
MIC 014784 fe4ffe5efe31fe41fe16fe35fe1bfe02fe0bfe15fe0cfe0efe37fe2efe25fe4dfea7fe8cfea0feb6feb1fea4feb7fee2fefaff3cff45ff5fff87ffb2ffd9fff20059005d0066007800750061009f008700bc00b401070114013d0137015e01490154019301ba01cf01e1022a022a0225022a021501e8020601fd022e02090213
MIC 014848 020801fa01d001a70169015c016801750158018c015e013401470143010900ea00e000a5009d007b0058003b0004ffd3ffb9ff8aff87ff5aff4bff26fef1fed3fe9afe88fe6dfe6dfe67fe8cfe45fe31fe19fe19fe03fdfdfdd3fdcffdc4fdddfdebfddffe13fe3bfe35fe34fe2ffe53fe41fe33fe41fe5ffe7bfe96fea6feb3
MIC 014912 fec2feb5fed8ff09ff14ff1bff47ff7bff77ff9cffc4ffdc001e00130056007800b1009500a900c900d100f5011d0144011f0155015e0137015701730177019f01a601e201f2020e0207020801fa0232020602290245021d01f001d201d301c3018001aa01cc01ab01b701a3018d0139011d012000f000d400d5009d007d0065
MIC 014976 0051003ffffeffd0ffa9ff90ff8cff94ff81ff57ff2cff0dff0ffedffed0fecefe9dfe6afe56fe44fe51fe2dfe28fdf9fe19fdf1fdedfdcefde6fda4fdd5fe01fe02fe15fe1dfe20fe0afe2ffe2afe43fe39fe5bfe3cfe74fea3fec2fea5fef7feefff28ff09ff3aff32ff60ff70ffaeffd90009000e003e005d006c00a600c1
MIC 015040 00f200ce010600f4012001100175015b017a0174019d018b019201d101eb01d101da021d021b022501dc01f101f001ed01da01da019e01b501a4018f01850150012f010700e200e500ea00fd010700de00ce00c80084007800930074005800510041001efffcfff3ffd1ff97ff68ff3cff1eff16ff08ff14ff05fefafef4fec2
MIC 015104 fe9cfe96fe5cfe4cfe52fe4dfe2afe1afe16fe14fde2fdfbfe11fde6fdcafe0bfe04fe0dfe38fe89fe5bfe68fea6fe9bfe91fec2feadfed1fec8fefbff0bff46ff3fff54ff6fffa0ffa2ffbdffd0ffea000a003500520085009b009900e7010500f5011f013e01300157019b019c01b701c701d101cb01f301d901ee01eb01e1
MIC 015168 01fb022502280215020e0228021401fe01ea01e101fb01b301c101920183013c016a013f013a0105010400e900ac008f00890072004d004400230031ffdaffe9ffafffb1ff7fff79ff16fef9fec1febefe7afe88fe91fe85fe64fe7bfe5dfe33fe55fe1afe29fdf0fe3dfe2efe28fe15fe1efdf7fe0efdfefe30fe2cfe35fe28
MIC 015232 fe52fe49fe68fe7dfe8bfecafecbfef2fee1fef0feeffeffff10ff44ff4eff7bff8effd5fff6fff900050028003800610089008000ac00eb0108010f0130014e013a01500172018a018201af01ac01d101c001e301e601e501e901d401f3020401ed01ce01e601ce01dd01d301d301c501c501a801a601700162013a014c0134
MIC 015296 011d012700fe00df00d100d1009800860064005700150000ffd4ffe5ff6aff71ff33ff49ff07ff11fef3fee8fec2febffea6fe8dfe69fe38fe2efdfdfe0ffdf4fe18fdd6fdd6fdbefddbfda7fdd4fde0fdddfdeefdf7fdf8fe1efe35fe39fe48fe73fe7cfe9bfeb5feb7fec2fed0fed2fef1fef1ff42ff4fff87ff9effa9ffc6
MIC 015360 fff40007001e005e008a009f00b500e900dc01020133014e0174019401a101ce01b801da01d702130204020c020501f801f5020501f7021002020218020b01f0021a0214022c01e801fe01bf01be017d01a10187017e015b0166013b011b00f200e300ce0091008f0097006e00620052000fffffffbdff98ff4eff54ff42ff42
MIC 015424 ff3bff20fef8ff08fed4febbfea3fe9ffe7ffe74fe45fe48fe4cfe20fe03fdf4fdeefdd3fde9fddefdd4fde0fddcfdfbfe23fe0dfe0afe2efe4cfe3cfe50fe9cfeaafea4febffeecfef9feecff15feffff1dff43ff72ffa0ffbfffd600010023002a00300058006a006800b400c000fa0107015a0134017601710187019601b6
MIC 015488 01ad01d901e701ee01d401e101d602030200020c020c021d01d001d301b601a8019f01b301a9016d017d01920172016e016501390122011c00e600f300de00ba00a3007f0067003b00320000ffe0ffc4ff9eff6cff4aff02fef4fef8feedfec9feeafecafec8feb3fec4fe85fe6ffe5bfe3afe0cfe1afe19fdecfe36fdf3fdfe
MIC 015552 fdebfe04fdfbfe39fe37fe78fe6dfe92fe75fe93fe82fe99fe9dfeb5fea3febdfef8fedbfefbff2bff4aff49ff6dffa4ffbbff9cffc4ffd3fff30001003d00430055006c00b800e000e800ee01120137011d013901410150018601a8019e01bb01a2019501bc01bd01d201fa020a02180221023c025202260215020f01d201da
MIC 015616 01c5019001800176013a01420124012a0105012000ee00ec00c200c600ad007b003500340048000affe1ffe8ffacff54ff51ff2dff2bfef4fef5fea1fea0fe78fe5cfe54fe57fe38fe41fe48fe15fe0afde7fde3fdaefdf6fdedfe02fdf6fe33fdf3fe0afdecfe1dfe09fe20fe2bfe4cfe5afe93fea2feacfeb1fec9fed9ff00
MIC 015680 ff18ff27ff67ff77ffa7ffa5ffb1ffdaffdd0011003800600068008500a700b300a000c800ee01130136016e018e019c01a7019801ab01a301c501a301cb01db01d801b301ea01d301b0019701df01ba01b701f001cd01a201a201a0015f016a01700171015a015f0119010000d900d4009200a1007900a70068005d00560021
MIC 015744 000300100005ffbbffafff73ff77ff24ff59ff20ff3dfeeefef9fec1fee1fe96feadfe94fe6cfe4ffe5bfe27fdf7fdf7fdeafe03fde0fdf5fde8fe0cfe15fe15fe45fe6afe68fe82fe87fe82fe69fe9cfecbfef3ff0bff22ff22ff34ff4fff46ff6aff91ff8bffa4ffe5fffe001e004400820068008400ae00b300c8010a012e
MIC 015808 0167018501d101d801c201e901f001ee021d0227022f022b022e020e021301ee01fc02040201020901ec01fd020201ec01e701c401c101d10187019f018001630144012a010100d500cd00e200c4008c007d00460016ffecfff5ffebffe6ffbdffa1ff75ff4cff36fee3febefebffe9cfea6febbfeb7fe7bfe6bfe7dfe43fe13
MIC 015872 fe12fdf3fddafdfcfe05fddcfdecfde6fe02fdfcfe10fe18fe13fe13fe08fe27fe2dfe30fe65fe4efe75fe76fe92fe8efecefecdfecefee7ff06ff2dff36ff80ff9fffa0ffa7ffecffe00029002e0090007700c100c400df00f50140014f015c016b016f019001a001cb01b001df01ec01e301ce01fe01dd0201020902380231
MIC 015936 0249023202520218021f020d01f101d2019a019d017a017501450161010c011a00e200c900b900ae00970064003f0049001900020021ffd2ff9cff6fff4bff41ff17ff1bfef7fedefec4fec4fe5ffe46fe12fe26fdf4fe28fe1efe08fdccfdfafdbefdd5fddffdd2fde7fdfbfdfdfdf6fdf2fde4fe09fde1fdfefe00fe35fe40
MIC 016000 fe77fe8afec1feacfeeffed7fed6ff07ff19ff3eff63ff9dff9effb1ffadffecffda0023001b00450035005b006200ae00a400b400f3010f0102011a012f013e0147017b0191018101cc01d401ef01d701d101a701b901a701dd01c801d801df01d301c30191019b019601750176016e015c0145014000f700e800cd00e000a6
MIC 016064 00a40094007d0047001f0006000cffe0ffcaffddffd7ffb7ffb0ff9bff7aff41ff1aff21fed7febdfeaefea5fe56fe41fe19fe0afdc0fdedfde8fde3fdf2fe07fdf3fdf3fdf2fe0efdfefe16fe3bfe1efe31fe24fe43fe47fe76fe70fe7dfe78fe80fe80fe96fed8fee2fee1fee7ff13ff05ff32ff42ff94ff93ffd600020031
MIC 016128 004c0071006e00a100c400c000df00fa011101170130016601610189018901a101bc01b701a901d301cd01c101e5020d01fd020f0233021801f801f301ea01b801c901eb01ff01e901d00195017f012d011100e400dd00c800b300980081002a0043001b000cfff2ffd7ffa6ffa3ff80ff52ff39ff36ff0ffed0fecafec0fe9b
MIC 016192 fe9dfec3feb2fea2fe91fe63fe57fe50fe79fe83fe73fe6afe5bfe2ffe25fe3bfe22fe28fe3bfe35fe38fe48fe8dfe86fe91fe9ffe8cfe8afebbfedffee2fefbff14ff22ff22ff32ff68ff93ff93ffd500080005fffa0008003d0032005800a900b000a800d000eb00ec00e500fb012801360145018901a101bf01d201f40205
MIC 016256 01e301e40202020601d8020e01f301f901ab01da01c701ba01af01b20194018401640163013d011701190126011600fd010d00d000df00c80094008b00870047fff7ffccffd2ffacff83ff86ff69ff47ff35ff51ff10fee4fea3fea4fe55fe5dfe40fe65fe33fe34fe1afe32fe18fe07fde1fdd0fdcbfdd0fde4fdd7fdd7fdcc
MIC 016320 fdf4fe0cfe23fe20fe3bfe44fe3afe55fe4afe95fe7cfebffed1fef8fef7ff2dff36ff54ff79ff90ffcaffd5ffd8fffd002c00430051007b00b600a200d100d70108011501620159018c0166018b0182018c018301b701d101ff020f0239021301ff020a01f601eb01f401ea01ee020201f701fe01d601c501b3018b0182016e
MIC 016384 0147012d010b00f600e900c200c800bd0091009d006d003e002e0022ffdfffc2ffa9ffb4ff98ff75ff52ff2bff0dfebafe76fe7ffe7efe39fe71fe47fe46fddffdf9fddafdcdfdbcfde9fde6fdf8fdf6fe24fdf7fe30fe1dfe22fe32fe4efe49fe5dfe70fe61fe68fe63fe7ffe89fec9fed2ff05fedeff0aff1aff2dff48ff6c
MIC 016448 ffb8ffb9ffdaffedfff7ffe6001700090073006c00a200a500ef00dc011a00fe0145012c0159015a0173019b01b701b501af01bb01c101b901ba01e801d201d901e901e701c401e801c801c901d501ec01db01da01b3019d0176018301550138012600fb00e500c700980056005f00360024fffd0009ffe5ffe4ffb1ff88ff4d
MIC 016512 ff2dff29ff1dff1fff05ff1cff06fed4fe9efe8dfe5efe53fe47fe58fe57fe5afe65fe57fe3dfe28fe35fe32fe22fe1cfe30fe3afe26fe3cfe1ffe37fe21fe3efe58fe86fe86feb5feb6fec0fec1fec8fef2ff14ff2dff48ff88ff7aff9dff98ffc2ffd4000a0040007a00aa00bc00e300ed00e5010201240132015101500196
MIC 016576 018c018401b701ce01b701d701dd01fb01f50207020101f101f401ec01ec01db01e101e001fb01f2020101f601e501aa019b017c0159016e0163014b0120010900cb00b300b800b1007d009b00560063ffe1fff9ff99ff98ff50ff66ff28ff32fee6fecefeb0feaafe80fe6bfe8afe76fe52fe43fe68fe20fe52fe47fe5dfe17
MIC 016640 fe4cfe14fe16fdf9fe19fe07fdebfe0cfe1afdf4fe1efe30fe45fe3ffe41fe84fe70fe9bfea5fec9fedfff31ff25ff67ff87ffa7ffc1ffe4fff6fff10018003c0048004e006d006d008c009700c30106012a0174017e0188018101840173019601b201d901d201eb01e101ad01bd01b301b101ad01ca01ca01df01c401c501c1
MIC 016704 01b701970191017c019c015f01610138011e00d600ec00e900cd00c600e600cb007700840044001dffe9ffe7ffbcffbbff82ff9aff58ff50ff32ff24fee6fecdfeacfeb8fec8feb8feacfe94fe8ffe4afe27fe1afe0efe07fe3ffe23fe43fe2cfe4cfe2ffe2bfe28fe24fe26fe1efe1cfe2efe55fe40fe4cfe84fe71fe8dfea3
MIC 016768 fedefef7feffff0eff1fff02feffff35ff82ffacffd0ffe8001b000400210047007b00ad00ab00e500fc010d011c017001650189017701c2019601d801cd01fc0206021601f102120210020e0228023202350221021e01e301dd01b201d4019801ba017b017d017901700146014701470132011600f100a9006b0063003f002b
MIC 016832 001a0022ffe0ffd3ff8fff9fff93ff8aff44ff23ff06feeafea1fedefeb4fe99fea6feabfe8ffe80fe76fe77fe5cfe5afe45fe3ffe25fe2cfdfafe22fe2dfe2ffe2efe38fe13fe19fe11fe46fe3ffe4cfe7efe7dfe6efe87fe9ffeb2feddff05ff2aff13ff72ff92ffbaffbe000200110016003d004d006f007300b500a500c1
MIC 016896 00da010801040131014501790168018a01830194019d01c601c001c801a201cd01f001e802090220022d0211021f020101f001eb01e101b701a301a5015f013f012601270123012f011b00f800c900c200a40083009000730057003b00310010ffefffcaffb0ff86ff71ff35ff0fff08feecfec2fef0febbfeaafe94fe89fe9e
MIC 016960 fe5bfe53fe4ffe42fe3bfe49fe21fe4ffe3ffe66fe3dfe2cfe11fe48fdfffe25fe09fe2ffe16fe22fe20fe52fe3efe7ffeb1fedafef0fefaff14feffff30ff42ff7dff96ffe6ffb9000d0013002e00320075007d009b009800c600d300e001110115010801010117011d00ff011301700194019201a201ad019701aa01df01ef
MIC 017024 020b01f90224020201f101d601c701e501be01a901c201a40179015f0141010c00d800d200b300b4009500a500a8009c007c0052004b00270001fffdfff6ffd0ff9dff69ff3fff02fedefeddfecbfeaefe8cfe7efe4ffe56fe54fe45fe2cfe34fe24fe6afe62fe6cfe43fe53fe1bfe2afe29fe58fe19fe3cfe1dfe12fde3fe00
MIC 017088 fdf8fe00fe0ffe37fe67fe61fe8ffe8afe95fea8fee9fef3ff19ff28ff79ff93ffd3ffebffff00200048004a005d0074008e009b009400be00ec010d012601270146015701720168018a018401c401bc01d601da01e301e201fe0203021302150210020301f101ef01ca01cf01b5019d0166016b015001530128012200f600f5
MIC 017152 00da00b8009c00af008b005f0060002cfffeffd6fff1ffb2ff9bffa8ffc0ff65ff71ff3fff2dfedafecdfeb7fea5fe74fe4bfe54fe32fe3cfe04fe1efde3fddbfdc9fdf3fe0dfe27fe1efe2ffe24fe0dfe15fe2efe47fe41fe6bfe82fe7efe59fe61fe6bfe8cfe89febafedcfeddfedaff35ff61ff48ff68ffa9ffbaffa0ffc9
MIC 017216 000e004c006e00980091009f009700c100ec0105012c014e015a013f015b017901a6019f01d301d901ec01f5020b01f9020d022c022a0223021a021101ff02280220021301fc01f101ae01a5015a0175015b0144012a00f500bc00c400c700b900a7009500a6007a007f00380024fff5ffd1ffa3ffb1ff85ff57ff4dff33ff0f
MIC 017280 fefcfee3fedbfeaffe9efea6fe99fe87fe60fe50fe37fe2bfe10fe1ffe2ffe3cfe23fde7fe18fdeafdeefde6fe29fe17fe55fe51fe6ffe3cfe70fe4ffe63fe52fe83fe9cfebafedffef1ff25ff25ff6dff61ffb0ffb0ffdeffeb00230020005c002f008b0080008100aa00e400e8011f01630179016e016d0191017c019101af
MIC 017344 01da01cf020601e6022f0212021d022602290210020d02090220023002220228020a01ff01c701bf01a2017a015601780123011c00e800de00a900600040003700260031002400290003ffeaffdaffabff75ff76ff53ff26ff10ff11fee9fecffea4fe9bfe69fe68fe5efe5cfe33fe2bfe23fe42fe1efdfdfe0dfe0bfe03fdd9
MIC 017408 fdeefdf4fe06fde7fe12fe0dfe1ffdf6fe0dfe2dfe43fe44fe7afe69fea6febdfebcfed3feebff00ff0eff46ff75ffafffa0000cfffb0031003e007e009c00c600db00fa0105012201500160016c019101a6018101a3019401aa019301b401bb01a201bc01e4020101e001f001e701d701d001f701dc01e501d601cf01dd01ba
MIC 017472 01b90186017c015c0167011c013e010e00fe00d800c5007b00550044003a00280009fff6ffbdffa7ff95ff72ff6eff59ff18ff05fed2feaefe75fea3fe89fe80fe61fe77fe45fe2efe06fe1cfe14fdf7fdf1fdf1fe1efe03fe2afe23fe38fe1afe43fe2afe45fe4ffe5ffe5ffe73fe61fe67fe6ffe95fe9dfef1ff0cff14ff04
MIC 017536 ff4eff41ff5bffb1ffe3ffefffd70003fffc0023002d005a00500065006c008e00b200f50117014b0179019a017c019701c701d301f8020e0219020c01fa01e6020701f8020802210216020c01fe01ea01d801ce01bc01b701a401810182018d018c0172017e015b014101210121010b00e700df00a1005600240004ffe2ffc6
MIC 017600 ff8fff91ff7dff79ff64ff48ff0aff12fee2fedafec8feb5fea0feacfe8cfe61fe2ffe22fe27fdfdfe16fe10fe20fe2ffe24fe19fe3dfe0efe29fe38fe2afe1ffe2bfe3dfe56fe63fe6efe87fe91fe9efec6fee2ff12ff0bff14ff3bff51ff42ff60ffa1ffbfffa2ffe10000001200350076007b009a00a100de00df00fc0130
MIC 017664 014f015b0172019c01a701ca01d0020501ed020c01ee01eb01ca01e101dd0200020101e601df01e301de01da01c801ed01e301e801c6019a01a2016a013a0137015000ea00e800c700c800720094005e003f00110015ffe2ffc7ffd1ff93ff7fff4eff4fff36ff28ff02ff02fef6feedfebffeccfe7dfe7bfe57fe3efe45fe5e
MIC 017728 fe37fdfcfde9fdd3fdb6fdc2fdf1fdf3fdf7fe2bfe2dfe03fe09fe2afe2cfe31fe31fe6bfe61fe72fe79fea9fec2fedffef9ff10ff22ff56ff8bffccfff1000f000200160038001d007c009300d400b900d200db00f7010e01400147016c015a016a0158016d019d01a401dd01e8020401f001f701f402220212021501f601d0
MIC 017792 01b401ce019a01b801bb01b0018a0184018401410137014f012f0114011600d100b900a90076005e004a0007fff4ffb8ffb3ffa4ff94ffacffb3ff81ff62ff59ff30ff08fee6fef8fed1fe8afe89fe3efe1efe06fdf9fde5fddcfdd7fde7fdabfdcbfddefde1fde7fe29fdfdfe2efe38fe22fe3afe4ffe75fe63fe88fe8ffe8b
MIC 017856 fe85feb9feaffed2feffff15ff27ff32ff42ff44ff9bff93ffb6ffacfff7fff7002000320091007f00af009b00bc00b501100123015a0159017e015d01780179019201b601d001fc01d901f701c701c801dc01e501ee020801fe01fd01c101e301d701b901ac01ab01ac018e017a0172016001440122011900da00b000880079
MIC 017920 0060003200280008ffbbffc1ffa7ffb1ffa2ff85ff7dff4fff30ff24ff16ff1ffefbfec5fed7fec7fe96fe6cfe8efe77fe5ffe34fe44fe2efe1ffe25fe2bfe1afe20fe12fe15fe0afdf3fe1bfe17fe35fe45fe3efe42fe4dfe59fe74feaffed2fec4fef4ff08ff21ff5aff73ff82ffb2ffd4fff400190029002d005400430044
MIC 017984 007c00ca00b900ea01350139013401550172016c0187019301c101cc01db01f301eb0207022001e70216021f021b01ec0215021001ec01f0022901f101ff01f101ed01bc01b4017d018901720134013f0125010700c000b8008f006b004e0046fff6ffddffb8ffabff6aff64ff3cff58ff2cff36ff15fefcfeddfec2fea0fe87
MIC 018048 fe85fe4efe42fe29fe5ffe27fe77fe61fe6dfe42fe63fe1afe26fdf7fe11fdfafe08fe11fe0afe25fe1dfe36fe3cfe5dfe4afe8cfe7cfeb4fed2ff10ff1bff40ff20ff59ff74ff97ffa5ffd90000ffeefffc002400380024007300af00b500b600ed010500ff012d0140015901640179016e018a018c019f018701c001d201d5
MIC 018112 01e801fb01f001e401f501d801f901dc01f501eb01d301bc01be019801aa0171017c0173015c013c013000f100b000c500a200840079009c0063004300350022ffd1ffd0ff8fff8eff70ff6aff3eff2afee6fec2feb3fe8afe71fe62fe6cfe50fe4dfe42fe33fe18fdf1fde2fdbafdc4fdd7fdc7fdf7fe0efe02fe17fe2ffe3b
MIC 018176 fe3dfe3bfe43fe44fe40fe58fe7dfe77fe99fea5fed7fef8ff04ff17ff16ff38ff78ff7effabffc1ffeafff90010002d0041005d007900a0009500c300c200d901050120011e016e01630191015c0193019d01c401ca01de01ef01f201ef01d5021401e101ff01ee01f801d201e501bf01e201a1019f01a201ab019a01870165
MIC 018240 0149011b011301060104010200ca00ad00870030ffedffffffd9ffdaffcdffdcff94ff58ff38ff0dfee1fedafeaefebbfeacfe8cfe72fe72fe6afe4efe62fe56fe37fe25fe28fe2cfe0afe38fe24fe3cfe28fe2bfe3cfe58fe61fe6afe6afe6dfe77fe5efeaefea0fec4feccff10fefcff09ff0aff25ff25ff2eff56ff72ff76
MIC 018304 ff9cffcbffefffe6fff6003100010038005b00a100ac00d700da00ed00fc011b011a014f0169018b019901ae01a901bc01bb01ba01d501f901fd01ec020602010217020901f901f501e701c901a501bf018c019201980179014f01370119011300f500f000be0094008e006b004a003600330025fff7ffe4ffcaff8eff6aff5e
MIC 018368 ff42ff1aff12ff04fee5fe92fea1fea9fe83fe7bfe7bfe73fe51fe53fe46fe30fe14fe46fe0cfe13fe0ffe28fe1efe54fe41fe43fe4cfe4bfe55fe3ffeacfec0fe98fec1fedafec8fec5fee7ff41ff45ff72ffa9ffc3ffa5ffc7ffe80001000900330050007b009f00c600df0101010d00e00112011b0135013d01840192018b
MIC 018432 01a001b301ad01c801fd01e60208020a01f601f2020801e001e601fb021802010204020901ae01c501bc019c0179018b017c014f011b011d00fd00c200ba00a9006b004a0038000dfffbffddffcdff9cffbfff6fff77ff5fff65ff31ff1bff2fff1ffee3fee1febefe93fe81fe75fe50fe26fe28fe16fe1dfe11fe26fe29fe43
MIC 018496 fe4ffe3efe3bfe5bfe0efe2ffe5afe47fe3efe7cfe6dfe6cfeaffecdfec5feb9ff14fed3ff15ff33ff39ff3fff75ff6dff65ffb3ffccffd8ffdefff50001001500390079008d00b600da00f7011e00fe014c01470172018301b201ba01e001e102120202023102270234022b022402190231021b01fd01f701d001c501b101bf
MIC 018560 019f01b4018401b0017b017101330145012c0112010f010d00f400c000ad0083007600210018ffdaffeeffaeffbfff89ff8dff4fff51ff3aff01feeefef9fee5fecefea9fea5fe7bfe63fe64fe38fe59fe2ffe29fe06fdf2fdd4fdc8fdd3fe00fdeffe23fe1dfe21fe2efe54fe4ffe6cfe7dfe7afe86fec1fecefef2ff0cff21
MIC 018624 ff1fff1bff42ff2aff57ff87ff95ffb7ffb9ffedfff3000300330060006c008b00b000b100e500e10103011b0129014e0161017d0184019901d601cf01cf01ea01fd020f020402350207022c020e021001e601f1020001cb01c701d201b101b701d201d401c0018b018c0160011e0111010a00e600e500b600aa006b005f0023
MIC 018688 0028ffe9ffd0ffbeffc1ff96ff77ff90ff78ff4dff39ff1cfec9fec6fea8fe81fe72fe4afe39fe31fe34fe10fe23fe34fe1ffdeefe1afdfffe0ffe07fe22fe05fdf8fe09fe32fe2efe78fe76fe90fe83fe76fe72fe8dfec5febbff09ff02ff4eff46ff70ff76ffbfffc10006fffb00480041006d00640087009300a300b600c2
MIC 018752 00d800f20122011c0157017401870161019901a101ab01ac020501e401e301f201f701b801cc01d101cb01e701e401d101ba01e201c901ca01b001b401a40189017e016d01480138012f00f900c800a100890072005100550030fffdffd9ffabffa6ff8aff6dff6aff46ff30fef7fedffeacfea9fe7ffe9afe6ffe75fe4cfe12
MIC 018816 fe00fe24fdf6fe21fe20fe18fe0afe18fe08fe19fe17fe31fe16fe18fe4cfe44fe53fe59fe8cfe6dfe99fe77fe8dfe83fe9bfed9feebff0aff12ff33ff1bff3bff6dffabffcc0005fff30003002c003a003f0067009200b400c800d800f801030137014f01700169017c01a101ab019d01e701f301ea01e001e001e801d601cc
MIC 018880 01e201d301c201d201ce01d301cd01dd01e101ad018a017d013b0158016e01350138011b00e700ab008a007e003f00240025fff2ffd8ffc8ffc1ff81ff68ff55ff20ff08feebff18fed9fee8fecdfea8fe71fe73fe48fe55fe45fe52fe46fe45fe4dfe1afe2dfe10fe13fddcfdf4fdd2fdf5fdfffe14fe06fe35fe38fe62fe5a
MIC 018944 fe85fe75fea9fec2fedcfee8fed1ff01fef0fef3ff29ff63ff41ff71ff86ffa9ffafffff003b003b005000a600b000d000d901100116012401190151013e014d014c015e0154016b017c019d018a01ca01d90204020901f401cd01d601ac01af01ba01d801b201ba01dc01ad019f0185019d015401920171018a014c01550126
MIC 019008 013500d700bb008a008200650042002e0017ffe2ffa7ff82ff6eff64ff36ff4cff2fff24fed9fedffeb0feb2fe8efebefe8dfe6cfe3ffe45fe34fdfffe1efdeffde3fdd7fdfefdc6fdd1fdcffddbfddffddbfdebfde0fdf6fe1bfe29fe39fe52fe49fe92feadfee4fee0feffff2cff29ff32ff61ffa8ff92ffdb00000018000e
MIC 019072 0032002a0054006c00be00d600f900f40105012c014a016a018a019f01a401a1019a01ce01c601de01e3020f0207020b01fd021301ec0202020701f901e001bb01bd01bb01c501b101aa018201810167013c012d011b00eb00eb00c600da00a600c900b700900054005a0019ffeafffbfff4ffd6ffb9ffa3ff3dff0efed1fece
MIC 019136 fea7fec2fe94febafe97fe8dfe74fe71fe34fe03fe0afdf4fe16fdfdfe15fdfefdfefe0ffdf1fe06fdfcfe1cfe25fe2dfe2cfe50fe36fe81fe86feb4fec4fef5feeffeebfef4ff2cff3dff40ff7fff83ffbcffdc000d00110028002d0051006c007b00a000c500eb00ff00f9010f011c01160138016e0193019301dc01e501d5
MIC 019200 01ca01f101d801f301fa020e01fa020c021f021e0232021201fd01cf01e301ab01ba019a019d01970172017b012f01320119011600f000c700a000a0006200790051002a0014fffdffe1ffb1ffaeff87ff83ff54ff2efee8fed4fe9afe69fe5ffe8dfe60fe77fe81fe6efe31fe43fe23fe08fdf9fe35fe21fe06fe48fe35fe26
MIC 019264 fe12fe1ffe0efe17fe02fe46fe1ffe83fe77fe83fe82febafe92feadfedcff13ff0fff1dff79ff85ff87ffc1ffd0ffd8ffe9ffdd0012001d0049005d00690072009f00a800e101080123015a016b017c017f0199018f01b8019801e801bd01dc01d501f301e101ff01f8021b01e501d701dd01fb01ea01c501ec01da01a6017e
MIC 019328 0188016201520142014b011300df00be00a7009d0097008900620034ffffffc3ffc2ffc2ffa3ff7aff7cff5eff04fee9fedcfec8feb2feb9febbfe8ffe88fe85fe80fe5efe5afe60fe57fe33fe0ffe26fe2bfe2ffe3ffe28fe18fe0efdf5fe01fe1ffe39fe3dfe7efe7ffe74fea5fec3fec2fed8fef0fefbff15ff3eff5eff9d
MIC 019392 ff9cff9effceffcfffb9ffce00110022001a006e007e008600aa00e700fb0114014101580174017c019e01b501bf01a901b401b201aa019501b601b501d801cd01ec01de01e701bf01c901a901b10188016e017001590161016901900174016b01540168010f010900fa00fb00c200dc00c100a600490060001e001dfff90008
MIC 019456 ffb6ffc6ff71ff54ff24ff12fef6fec7fedafea7fea7fe65fe8dfe47fe5dfe51fe51fe1cfe1afe03fe00fde3fde4fdd3fddafdd8fe11fe30fe48fe3cfe3cfe4cfe5afe5dfe6cfe8cfe8bfeaafec5fec5fecafeddfefbff30ff34ff37ff72ff86ff95ffa5ffe50002fffd002500590060007700d400e40113010f0140014a016e
MIC 019520 016601ba01ca01f901c801e6020301c701d101f0020101f802420220023201f5022e01f6020301e401e401c901cf01ca01ca01cf01a401730157013d0141013301340137010e010300a80089004b004a004000460004fff0ffcaffb9ff80ff69ff5aff19ff0efee7feb8fe84fea5fe89fe81fe57fe6afe55fe6afe6bfe40fe4c
MIC 019584 fe3cfe34fe17fe38fe42fe61fe47fe6cfe4efe31fe2afe25fe43fe31fe5bfe81fe8bfe87fea3fed1feccfed4fed5feecff0dff09ff4eff7affa1ffc700020010002c0037007d0076008e00b3009300ca00d100e601060144013601550151016f01620184017f019901b601ce01d801ec01e501d101fc01f601e801f2020301cc
MIC 019648 01d001c301ac01730185018f0181017b016a0165014e011f00fb00ec00cd00ca00cc00cb00ab009c005f00410012000bffdbffd4ffafffb3ff8dff8bff45ff2dff08fed9fec0fe99fea5fe7afe93fe91fe74fe62fe56fe43fe4ffe33fe14fe31fe1dfe06fdf3fe0efe20fdfefe28fe5cfe6efe3efe81fe68fe9dfe86fea8feab
MIC 019712 fee1feecff19ff22ff4fff52ff83ff9dff99ffa0ffeffffa0023002b004600680077007600aa00d700db00fe011c0122010e012a01440144014e0178018f019e01aa01c601e201cf01ea01e401fb01d201f8020b01fa01ef020f020d01e401d101b601c30185019901550162014d01410110011300ea00d400de00cf009e0066
MIC 019776 00690046002dfff80018ffe8ffe6ff9cff8fff41ff19fee1fee7febcfea5fe9cfe8efe88fe45fe38fe2efe3cfe03fe38fe04fe18fde6fe0cfdedfe00fe27fe2afe0ffe4cfe58fe4ffe4cfe67fe63fe58fe84fe6efe7dfea3fec6fe9cfec0fedcfed5fedbff22ff23ff41ff64ff91ffaeffdbffff0005002600320042007a0099
MIC 019840 00ae00f100ec011c011c013d0135016b01850176019701870176019e01b2019501bf01e101e101de01dd01c001c001d201c701f501f8020301c501fe019f0176015f016e011b014c0146012d011b010d00d000ca00c300a60095009e0080004400550011fff8ffceffc5ffa9ff7fff57ff40ff0efee0fec9feb2fe9afe97fe7d
MIC 019904 fe73fe5ffe74fe6dfe4bfe49fe2cfe33fe19fe22fe1cfe5bfe14fe1efe18fe15fe0efe22fe2dfe3efe52fe8afe7bfe9afea3fe84fe88feb6feb4fecbfed9ff07ff2dff49ff79ff8dff7fff95ffa0ffdf0003001500200049004d0063009500be00d500d4011e010e011c011501420143015a0149019a01b601f001f2020c021f
MIC 019968 0213022f0237023702300241022f0253022a022e022a020b01c101e201a4019b015f015b012100f800de00b10074007400620029002a001a0020ffcdfff3ffb3ffd3ffa4ffafff7fff6cff42ff1efef6fef1fed1feb9fe9afe98fe80fe48fe3bfe1dfe33fdf8fe1efe10fe0efdecfe0dfdf3fe27fe06fe1ffe10fe0ffdfffe28
MIC 020032 fe20fe28fe30fe52fe7efe70fe86febcfec5feedfef5fef3ff37ff4dff73ffa9ffc4ffc9fffe0009002d003d006900750073008b0096008a00b300bd00c8010a0120012e014601560155017001a301c101bf01dc01f901e401ee01f701f8020201f701ed0202021001fa0201021401f201bb01d5019e0176015c016f01470118
MIC 020096 0127010000cc00da00c30099006e00700044003a00230018000bffe2ffd9ffaeff89ff5aff4aff36ff12ff0efec4feadfe6efe8bfe53fe79fe7ffe54fe47fe4ffe1afe15fe1dfe2bfe34fe1efe4dfe1cfe3cfe23fe51fe3bfe5bfe4afe4cfe37fe60fe6efe93feadfeb6feaafeb1fef7fefeff27ff27ff72ff51ff73ff94ffae
MIC 020160 ffd900160026006b006d009b00a400df00e800ee011b014001250135016d017b01aa018401d201bf01e401b9020901ec02190224021d01fc020802160217021502100233021b02340202022201e701bd01ac01720178016201500124011c00e800a000a0008f0066005a005e00380019fff5ffebffb0ffb7ff7fff6aff33ff19
MIC 020224 fef4fedafec1febafea3fea0fe55fe5efe42fe25fe21fdfefdecfdcdfd9ffdbcfdd8fdd5fde4fdd8fdebfdadfdb4fdc2fdecfdb8fdf8fe3bfe40fe52fe69fe8cfe9cfeb5fed2fedffeecff20ff27ff4aff4dff68ff8bff91ff91ffdefff6001a002e004c005a009500d900eb0122015f016f015d0190018f017d017a0187019a
MIC 020288 017b019a01c501cd01ba01d601ee01e201cd01db01fc01f50201020b021901fe01f601d501e6019501a201b7017f0174016801580164011c010d00d400d40097005e0061002cffdbffd9ffe5ff97ff9affa3ff9aff40ff57ff34ff42fef6ff21fed6fec9febdfe8ffe5dfe5bfe34fe36fe2ffe23fe19fdd3fddefdc1fdc2fda9
MIC 020352 fde8fdd8fde7fde9fe43fe36fe4bfe53fe6dfe5efe81fe82febafedcfef8fef9ff1cff33ff02ff2eff4aff37ff2aff7aff6fff80ffaeffc0ffcaffcdfffd001b002f008600a300e800ff011c013a01680138015e0182018901a801bd01e101d601e9020501f701e3020801e101c701c601bb01ba01c501b201cf01c1020301f9
MIC 020416 01cf01b401c6018e0182014b0166013c0133012200f900a600a000760069004200150004ffeaffc7ffa3ff8cff7dff5dff39ff69ff27ff1aff32ff1cfecbfecbfe96fe85fe62fe57fe3dfe39fe2efdfefe1afe21fe09fdfffe20fe1bfdf5fe03fde6fdf8fdeafe13fe21fe3dfe46fe62fe88fea8feaafed0fed7fec4fedbfee9
MIC 020480 ff21ff3eff5eff81ff9bff93ffb2ffc5ffec001c00500061008d0055007e009600dc00ee0137013e013e01260157015c014a019101ab01ca01a501c501c801e401e4020901d301de01b801d901c501fd020301fd01fe01ce01cb01c501b301a10194017501660168012c011d012c00f800c800ca0087005c0038003d0019ffe5
MIC 020544 ffe7fff1ffc1ffd3ff92ffaaff49ff13fee4fee7fea9fe99fe8bfe7bfe66fe62fe38fe34fe34fe37fe16fe15fe13fe03fe0afe07fde9fe0ffdf2fe03fe05fe03fe0cfe29fe25fe37fe4ffe58fe50fe8bfe7afe84fe9efeddfef1fefdff0bff3cff82ffafffbdfff2001d0038002e006b008c007c00a800b100b900ca00fc0144
MIC 020608 0127010b0121013d0143017b017101b001b901bb01c701f101e401f701ff022d02070209021d0235020b0228022302230212020b0214020d01d801e30192017c01590132010500f700d200c300a5009b0066005100470025fff7fff1ffe8ffbeffa8ff8fff7bff21ff15ff00fef3febffec6fea1fe9bfe5afe80fe5bfe3cfe06
MIC 020672 fdfafdf7fe05fe0cfe10fe1efe1afe0efe14fe2afe3efe41fe3efe51fe2dfe5efe5bfe7afe83feb9fed9fefefef8ff06fef3fee4ff06fee3feffff13ff51ff4dff93ffb8ffdbffdd0023002200350052009500bd00e20105013f01290140016e014c0177018501ab019c01bb01b101ea01c501f301e8021d01e801f701f901fc
MIC 020736 01cc01ba01ab018e01900188019a01ab0197018c01830140014301310124010e00f400d800d600ae00aa007200640044001a001fffe3ffb5ffa8ff8bff54ff39ff18fef4fee8fed9fed3fed2feacfe85fe6bfe5bfe49fe48fe59fe2efe34fe2bfe26fe2bfdfdfe10fdfefdfbfdebfdf6fddafdfcfe0afe3bfe29fe55fe6bfe61
MIC 020800 fe7efe9efe9bfea7fec4feb0fec5fee0ff0dff1dff50ff77ff8aff9affc8ffe0ffdf0021002e00530059008a009000bc00c300e500e0011601210120014301580157017401a001ad01c701cc020801f6020901f9020f01f8020d01d0020801ea020c01e701fd01d001c301bf018f0181015c015a0127013d0108011300d600e3
MIC 020864 008d009000720074003d0027000bffe0ffb3ff8cff6cff5bff37ff15fef3febdfec5febbfeb5fe9dfed3fe9dfe90fe70fe6efe37fe57fe4dfe32fe25fe14fddbfdfcfe02fdd2fdcdfdecfde6fde0fde7fdf5fe06fe0afe3ffe4ffe55fe3afe75feb5feabfeebff19ff0cff0cff57ff6dff67ffa7ffceffdaffef001ffffc0013
MIC 020928 003b0063007b00b700b400ee01010127013f015a01610176017a015a016a019501a1018201d001ac01a401a501b101bc01e701e201f801cf01c2019a01ad018e0199019e01bf01bb018e016d0147013b010e01060122012300d500fe00be00b40078008800460031fff80012ffdaffccff8cff87ff58ff0afef1fef1fed1feba
MIC 020992 fea9fe7afe67fe3bfe34fe39fe34fe1dfe14fe2ffe0bfde7fe00fe03fdd1fdfffe26fe15fe29fe2ffe23fe1efe35fe41fe47fe50fe60fe64fe82fea7fe9afebafecffee4ff04ff0bff44ff62ff5eff8effa6ffc3ffcafffa002d0040003d008500a3007f009c010b0108011701380150013b0165018001ac01c301be01af01d0
MIC 021056 01ce01e7020a020d020501ec01f601d601e701d901f501e9020101e401e501ca01b401970169014a0134010b0110010800dd00c900c100ad0054006f006a0039fff7fff9ffe3ffb5ff94ff9cff79ff52ff1dff30fef9feb4fec3febcfe94fe88fe7afe83fe67fe6efe4efe54fe32fe24fe16fe1afe10fe15fe1bfe1dfe10fe0e
MIC 021120 fe1efe23fe35fe1dfe45fe35fe52fe45fe7ffe9cfebefeacfed0fef5ff0cff10ff58ff56ff76ff90ffbefff5000f003d006b0094007600a100b900be00cd00f40126012a012a0155016101500178018b01ae01a501e001fc020201f3021c01fc01f501f601e901d901d601e501e601de01cc01e001ce01d001c201cf01d001ac
MIC 021184 01a7018501530165013e010a00f600e000b00083007c004a0038001c000dffc9ffbbff93ff74ff3aff1efeeafed9febafeaffe97fe94fe9bfe77fe6afe4cfe50fe2cfe5afe26fe59fe38fe56fe0ffe32fe0dfe35fdfcfe0cfdfdfdfefe05fe26fe50fe43fe53fe2efe29fe3cfe5bfe52feaffec7fef7fed4ff1aff29ff22ff52
MIC 021248 ff98ffbaffb7fff9000e00400028005900510064007000a100ab00f000fc012a013b01560139015a016901a501c601d901f601ea01e401e501d901f901e901f301ec01e301dd01ec01c701e101d401c2019b018e0165015a014b014e011d012800eb00de010200fd00cc00c300ca008200650052003f001cfff5ffe5ff9fff5b
MIC 021312 ff31ff3eff27fefbfeebfed3fe93fe96fe7bfe8ffe81fe80fe43fe40fe18fe00fdd9fe0dfdf5fde8fdd8fdfefdd6fdeefe0cfe1afe24fe1afe26fe24fe21fe45fe66fe77fe99fea1fe8dfe9dfec8fee2fee5ff42ff70ff80ff84ffd0ffb5ffb4000100370040003f009e00750086009c00cd00a400e700fe015b0157019f01b9
MIC 021376 01c701aa01b0019201a801b701d801ed01fe0210021201e501f001f901cf01e801ed01d701b701c6018e017c018101950142012d0123011500e400ec00c900ac00a70081007a005c0080003e004900090006ffb7ffc8ffa5ff8fff67ff6aff66ff19ff1afef2fed3fea7feb7fe92fe81fe56fe87fe34fe22fe19fe07fdcefe01
MIC 021440 fe0bfe1afe04fe36fe28fe21fe1ffe43fe38fe55fe68fe69fe86fe7cfe88fe86fec0feaefeccfeeafefbff1aff3eff5cff71ffa0ff9dffb2ffe90019000f0044005c0075004b007100a9009f00b100cf00dd00d6010001390161016d01a601a501be01d801f2020401f601fa01f4021201f501dd01eb020d01e601be01d101be
MIC 021504 019901a601a70185017b018d017d0151016c0177013e013c010f00dd00ce00ac009e0076007c003c0017fff1ffd3ffbdffa2ff9bff6fff81ff40ff26ff2aff07fedefecffe7bfe70fe3ffe35fe26fe22fe21fe21fe43fe20fe2cfe22fe47fe00fe1afe0bfe05fdeefe33fe27fe2bfe1dfe33fe07fe00fe26fe44fe55fe72fed4
MIC 021568 fec4fefcff03ff3cff06ff3dff68ffacffb7fffc0010001900220057006e00520082009700c000db0118012101320143016201570195019a01b901c801e101e401ff01d901db01e601ef0212021a0227020c020601f601e601b101d101ba01cc01b2018a017d018a01530163016901460128011600e800ae0063008800630054
MIC 021632 0023ffedffdfffccff87ff9dff8bff83ff3aff53ff3dff27ff0aff10fee6fea7fe98fe67fe55fe30fe1ffe13fe0afdf2fe0dfdfbfe19fdf7fe09fdfefe03fdf1fe11fe09fe28fe1bfe4cfe4efe49fe5dfe70fe8cfeadfeb7feb3fed7febefeb4fef0ff1aff26ff76ff9bffbeff9cffe7ffe90009003d0075007c00a200a500b1
MIC 021696 00ea00f60108011c014a0140015d019201ad01d501e501d601e201f901f30213021501fd01d401df01dd01b001b101ba01d001ab01c301900176016301480139013301370121011f011400ed00c500c700850076005c005c004a00430020000cffd4ffd1ff93ff91ff76ff88ff4fff2ffee8feeefeadfe80fe76fe5cfe19fe3a
MIC 021760 fe14fe0cfe0cfe04fdfcfdd6fdfafdc8fdf7fe12fe1afdf7fe44fe1ffe08fe07fe0cfe27fe5cfe55fe7cfe88fe6cfe57fe67fe9efe83feceff20ff1eff17ff74ff55ff58ff99ffb6ffbbffdcfff5000a00210058005e008000ad00bf00ce010d0136013a0153016b015f016a017f018e018b01d001a001b001a50198017b0188
MIC 021824 01b9019501c801cc01c801a501dc01dd01de01c901e101ce01b4019401a10174015a01500120010500dd00dc008c009e0064004c00020020ffedffceffd5ffcdff8aff6cff54ff26fee1fed3feaffe97feaafe99fe7efe5efe4dfe30fe0efdfbfde7fe02fe0ffe20fe21fe0dfe19fe0ffdeffdf3fdf9fdf1fdecfdf7fe14fdf7
MIC 021888 fe19fe40fe42fe4bfe83fe8afe99fe97fec9fecdff00ff1fff50ff65ff88ffadffeaffd3fffa0003002500320065007d008f00bf00df00fa012a0144013001460168016f016f01a8018a0192019b01cf01b401c801cd01ec01e401fa01db020801fc01e901e601f7020601de01ff01b801ad01820169012c01270116012c0115
MIC 021952 010500c500c900a0007f005e00300028ffeeffdbffc7ffd2ffa0ff96ff4fff42fee2fee6fee4fedcfedafee4feaefe6dfe5afe25fe18fe0efe17fe22fe0ffe04fe07fdfcfdf8fde4fdebfe00fdd5fdecfdeffe07fe2ffe21fe3bfe4bfe58fe40fe66fe82fe9cfea5febefee4fed9fee2ff46ff55ff7fff7effbcffbaff94ffc8
MIC 022016 ffe5fff900450038005700590068008700c000f8012f013f0164015d0140016a0190017701a101aa01b901ad01ba01ea01e401ee020a01d901bd01bc01d801f401f401d001cf019e018801700176018b01670179012c011100ea00d600aa00c10097006c007100550039000a00350004ffceffc6ffc8ff66ff75ff69ff69ff22
MIC 022080 fefffeaffeb4fe73fe91fe66fe8efe60fe2bfe18fe0efdeffdfefe07fe06fe22fdf9fe26fde3fdf7fdfefe39fe19fe27fe1ffe2efe3dfe52fe4cfe75fe70fe66fe85fec9fed3fee2ff49ff35ff67ff54ff99ffb1ffbeffe0001600080026001300520046008500a000c800cd00ef010b011001300127015001750173018801c2
MIC 022144 01ae01b701cd01ea01e401f701f6021f022b022d021501f8020d01d401cf01de01d401cc01c901e001a501820182016301490130011700f700c000a9006a0078005e0037000bfff0ffdbffc2ffb8ffa8ff93ff41ff3dff1cfef0feb2fecefebbfea6fe8dfe9efe7bfe2ffe34fe2cfe0cfdf4fe18fdfbfdd7fdc0fdf4fdd4fdc8
MIC 022208 fde2fdfafde3fdfbfe00fe16fe25fe3dfe4bfe91fe99fea7fea6fec6feddfec2ff06ff16ff17ff24ff52ff66ff8cff82ff9dffa5ffd2ffed003600710089009400ca00e500b900ef00fa010a0127016c01a0019401bb01de01e201d101ee01e301db01be0209020e020a020902220209020d01ea01e201ea01e601dc01c801df
MIC 022272 01b301920144015f010501340101012000f500f200d300d00070006500290020fff5ffe9ffdaffbcff9cff87ff95ff5bff5aff2bff3dfee4fecefea6fe84fe4afe76fe39fe4afe33fe1afdfdfdfafdd2fdc4fdd2fdd2fdebfde1fdfefdf0fdf7fdf1fe1afe01fe2efe2efe65fe65fe7afe87fe91fe94fe81febdfed3feecff17
MIC 022336 ff29ff49ff72ff8eff9affe1ffd5001a0015005900590080008900bc00b700ce00d8011d01100134014e01630147016801a4018e01af019901da01c201a201c601d501ac01b701c001df01cd01f501d501d301d501b8019f019e0194016101880164013b0101011600d300d700a700cf007c0084003f0040003c0043003b0038
MIC 022400 0008ffecffdaffa0ff68ff3dff31ff20feedfef2fed1fea7fea0fe89fe55fe25fdfdfe1cfe1afe26fe38fe52fe36fe2cfe10fdfafde4fde5fe23fe18fe5efe47fe56fe4afe3ffe23fe52fe49fe6afe91feacfec2fedbfef3ff02ff13ff4eff72ff6affc2ffeb0005000d004c002f003d003f008f008900d50120012701300157
MIC 022464 015a015e01520166017e018101a301a901c101b001d201b4020a01c401f6020c0226020f021701f901e001cc01e001d301c401bf0196018c018101620133012d01220126010b010000d9007a0083008d003f003f005c004c001dffedfff8ffb0ffb2ff9cff7bff44ff30fefbfefcfeeefee7fe9ffe91fe75fe3dfe22fe3efe19
MIC 022528 fe02fe06fe09fdc8fddbfdedfdf2fdf5fdfcfe0cfe05fdeafe00fe02fe29fe27fe45fe59fe76fe7ffe98feccfef7fee9ff0cff22ff45ff5bff8effcaffb6ffcdffe50014001e003700640097009200aa00cd00d500e600f1011e0134015a016401a40192018801bd01c001ea01e301eb020101f701f101f101f801d901cd01f2
MIC 022592 021d020802110244021901ef01e201d501b9018c01a201bb0191017901660140011500cd00c400ab0083006a0072003a0026ffe7ffc1ffa3ff7bff67ff36ff2dff03fee3fe88fe8dfe43fe6afe52fe92fe91fe86fe60fe89fe59fe51fe25fe22fe07fdeefdf1fdf2fdf5fe09fe0bfe1bfe27fe4dfe62fe7afea5fea0fe9bfe8a
MIC 022656 fe9bfe9ffec4fee7ff10ff2cff49ff5dff3cff6eff8bffa9ff9fffedffeb001c00130030005d009d009f00d600cb00d1010301250155017801a701ab01ab01bb01c001a901d801cd01b101cf01b301d901ce01f601ce01fb01d7020301c001d101af01cf018901aa01740182015001730151014b013b010f00ea00cc00be00a4
MIC 022720 009200550023000a0004ffbbffbeffcaffaaff6dff64ff5cff24fee1fedffeb8fe97fe80fe8cfe8efe67fe5bfe40fe47fe22fe18fe19fe3cfe33fe10fe1ffe1dfe00fe02fe05fdf9fe04fe00fe24fe0cfe07fe2cfe3efe4bfe5efe8afebafeccfecafee7fedafef8ff14ff32ff52ff60ff89ffb5ffdcffd9001d0040006a0061
MIC 022784 009e00bb00cd00d6013400f0013701370158016b0179019901c401ab01c601bb01d101d301d701ee0201020801d6020001eb01e901da01ee01d901e901c801e5019f01ad017301770170012601140122013c0115011c011200ea009100a3005f00570042005e0008ffe9ffa0ff8bff46ff31ff05ff1cff00feddfea6fea0fe89
MIC 022848 fe62fe76fe62fe64fe3efe57fe3dfe31fe11fe0ffdf7fde1fdd0fde7fe07fe03fe2efe17fe22fe1afe2bfe19fe5afe67fe66fe8bfeacfea7feaafed6feddfef3ff1cff4dff5aff9dff91ffbfffdffff0ffef002a00410053007700a400cb00d000fb00fa00f900ee012d014c0178016701850193019401870180018b019901b6
MIC 022912 01c801e901d3020a01fa020e01fd01fa01ea01cd01d001ab01a201bf018701900197018b017d0174013f013e012601270123010000da00ce00d500a7005a0032001dffbcff90ff97ff4dff25fefffef1fedefed3fec5fe96fe7bfe57fe3afe34fe3cfe22fe4afe24fe1bfe04fe0afdf8fe09fe10fe03fdf4fdeffe05fde2fe12
MIC 022976 fe0bfe5afe51fe86fe5afe97fe7bfebffebcfee8fefaff26ff02ff57ff34ff70ff5dff95ff90ff9affc2ffe6001d0043008a008900a100ab00de00c2010e01150131012e016a012e0144016f0193018d01ce01b501cc01ce020d0216022a02410247022b02250213020801f501d2020701c701cc01a6019601850170015c0144
MIC 023040 01400131011b00f000e300d100b1008c0059002d001d0006ffc7ffc6ffa3ffc1ff82ff60ff66ff33ff15ff0aff0cfefffee9fec2feb9fe8afe94fe5ffe85fe52fe42fe2dfe38fe11fe07fdfffe28fe29fe1dfe21fe57fe35fe3efe51fe3cfe29fe21fe50fe23fe46fe82fe88fe7efeadfea3fed8fed8ff24ff32ff51ffa5ffd7
MIC 023104 ffdefffd0009001f002f004f0060007c009f00da00ea00f1012e012a01400150015d018c019d01780194019101a001ca01e301ed01e30214022c0210020a0210020b020a01f101f3020a01da01d601b2019d018f01740136014b011f0123012c013b011200e100c0008a006a005e0071004b005500240015ffceffaaff6cff7d
MIC 023168 ff4bff5cff3dff3ffefcfedcfeadfe8dfe5bfe3cfe45fe3ffe30fe02fe2afe06fdf9fdd1fddefda5fdc8fde4fe26fe2afe23fe24fe1ffe0efe13fe1dfe37fe3afe56fe5ffe53fe72fe8cfea7fed8ff1cff21ff65ff5eff63ff73ff9fffbfffd6ffff003b004f0058007e00930093009f00d900f900ff0142016b018801a00199
MIC 023232 01a101af01cf01f3021f024b02530245024d0235021a020d022a0217022301fa01f601d401cb01d901ec01b401a9017b016a0140014e012c011500f700de00d000b900a9006d0082003f0034fff5ffe3ffc5ffaaff71ff7cff69ff59ff15ff24ff0efee0febbfebefe92fe68fe84fe5ffe42fe3ffe29fe0efdf9fe0cfdecfdee
MIC 023296 fe05fe14fe37fe68fe54fe7bfe5efe59fe40fe42fe20fe39fe52fe55fe66fe9cfea1fea2fedffed8fedeff0cff4aff7fffa1ffb4ffe1fffafffc0017001e001000350045005c006e009500c800bc0101011d0141013b015b016f01ab01a501cb01b501e901df01ee01dd021001dd01dc01e8020101eb01cb01e101eb01d30199
MIC 023360 01af01930174015601890169014f0143014a011d011f012e00fb00f4009700a1005800440012001c00040003ffbaffabff80ff46ff2aff0efeebfed0fed4fecbfea0fe88fe7efe71fe6efe6cfe69fe41fe2bfe23fe07fe16fdf9fe04fdecfe29fe2ffe47fe5efe61fe2cfe2cfe2bfe2efe0dfe4ffe51fe5afe86fe93fe8efe9b
MIC 023424 feaafed7ff0bff33ff62ff92ffe6ffedfff5002d002f002c0050008d00a200db00e6010300ed00f70123014f0140015f018401bc01a301b201dc01d501cc01f20205021f02000204020c020e01f501f101fc01e501f801fb021301e301e201c00194018501710160015d016d01400138011d010f00e400c200b3008e0082004b
MIC 023488 0049000ffffcffb7ffbaff58ff71ff29ff22fee5fef5fecafec3fe89fe77fe4afe38fe49fe44fe4ffe20fdf6fde4fde7fdaefde3fddefdfbfdebfe0ffe04fe26fe05fe0ffe15fe43fe3bfe5efe91fe7cfe90fe97fed7fedcff06feefff49ff3eff7fff90ffb7ffcefff80004002a004d005d007d007800a000a400c700dc00cc
MIC 023552 010d013a014c016d016d016d01870194018f01b901c001d301c601fd01dc01f40212023301ef020401fc01fa020001ec01f601e001c901b201a0016a016b014e0149011e011200fd00d300b900d300b800c700ca00a7008a007500600043001b0007ffe3ffb1ff94ff54ff31ff2dfefffef2fed0fe9ffeaffe8ffe7ffe7efe6c
MIC 023616 fe5dfe53fe32fe45fe2bfe29fe2efe17fde4fde5fe00fde0fdcefddffdebfddefe10fe1dfe25fe41fe41fe69fe9ffeb9fedffefdff2aff25ff3fff32ff45ff52ff84ffbdffd9ffe0ffd6fff4fffb0026003500680082009b00b900e70109011c011b015501500158018f01bf01d001be01e901cf01f101db01f70208020f0216
MIC 023680 022301e801d101b001cc01c901be01dd01d401d101ac01ac0171017c012c014c01110146011100fd00dd00d200820076004f002d0014001a000fffd6ffafffa9ff99ff6bff73ff46ff1ffee4fee4fea9febffe96fe97fe75fe6dfe41fe11fe42fe38fe30fe2cfe21fde8fde1fdccfde3fdb8fdd3fdc7fde0fddefdddfdd4fdfa
MIC 023744 fe02fe1afe5dfe76fe76fe88feb0febafeddfefcff26ff62ff70ff97ffb5ffdcffc0ffdc000d001d001b007600a200c500a600d500ff011a012f0162019a01a701ba01df01e601cb02030205022b021202440234022501f2020d01ec01e901f101f401f001dd01c301c101a80179016e01560175013f013d010c011b00d400ff
MIC 023808 00c700af006700760073003f00280015fffeffd2ffd8ff9bff8fff66ff56ff36ff1bfefdfee4fef0fecefe9afe88fe7ffe5bfe69fe43fe4afe3ffe39fe3cfe24fe1efdfffe2afe2cfe33fe18fe29fe0afe26fe38fe27fe20fe57fe46fe52fe95feaafea6fec1feeefefbff0aff3aff42ff4cff75ff99ff9bffa1ffb0fff9001f
MIC 023872 003600540059007a008a009000aa00e1010d0123016001490179014b017e0181019b019c01cb01ca01ed01d801f601df01f501ea01ff01f301fb01fa01fc01ec01e701e201d701c901ce01c4018f018a016d013d0124010b00f0010600d900b00089005b0045002c000effffffd6ffceffadff97ff6cff50ff1cff07feebfed3
MIC 023936 fec3feb7fe93fe9afe7cfe52fe30fe34fe33fe01fe17fdfafe03fe07fe10fe09fe0dfe18fe1ffe14fe32fe3ffe5ffe5dfe60fe60fe7efe75fe8afe98feb6fec4fedbfec0feccfedcfee1ff16ff2eff5eff8dffb3ffd2fffb00090020004500630067009600e000fa00ef0126014d014d016501730192018b01b901e001fd01d2
MIC 024000 01f201fb01dc01cb01e601ed01cb01cf01db01bf01b701a7018f01b101b701c101ad01ae017f0164016d016a0149013801660106010500be00ca0085007c004300340028000bffe9ffdfffd0ffb3ff95ff6eff79ff43ff4aff23ff3afedafedafea8fe72fe35fe3cfe3afe39fe39fe42fe10fe00fe0dfe19fe33fe3cfe40fe57
MIC 024064 fe20fe0efe25fe31fe36fe10fe3ffe45fe41fe5cfe8afe84feb6fed8fee5ff03ff0fff32ff57ff8bffa5ffdfffd6fffeffee0030004f007d006b0094009a00ad00c000f00129011d014d016b0156016c018e018301b101b901a401a801c001e801d401fb01e501ff01f001fc020001f9020901ef01db01b901cc01cc01d301c3
MIC 024128 01dc01cc019f016b0152010b00cf00bf00ab00790058006c00650021001bffe0ffa7ff90ff80ff81ff75ff61ff37ff4aff01feeafec7fed7fec1feacfe9ffe98fe69fe2afe12fe30fe17fde3fddffdecfddbfdfffdf9fe04fe0cfe0bfe13fe16fe1ffe2afe3afe55fe54fe36fe3bfe44fe56fe7afe9ffeb5fedafedeff0eff17
MIC 024192 ff33ff5eff78ff8effbeffdb001b00310073008f00cc00b600c400c7010a0110013801650184017301920198019601c701e7022b0207020501ec020601f001f701d4021101cb01d401dd01f101d601ca01cd01e001ae01a401b8018601690130013400e4010f00eb00fd00cc00fd009b009a00680053ffff00300008fff3ffd6
MIC 024256 ffc0ff80ff35ff1cfeeffedbfebcfeb9fe9dfe93fe58fe61fe54fe2dfe0dfe01fe01fe0cfe02fe09fe0dfde3fdf2fdf6fe03fdf0fe23fe38fe23fe23fe24fe16fe14fe3cfe41fe7efeb1feb3fe9ffeb2feccfeb5fef0ff3aff44ff5effa4ffe1fff2fffc0025000c0020002b0060007b00d000c5010500f200e700ea0117012b
MIC 024320 0139017f01b501c001ae01e801c001e001e7020101e801f301d201e801d201c701c001c801c3019a01a601c601c301ac01cb018f018e01650156014301460130010b00e800d800a4009b00a40066005b006000240013ffe2ffc4ffb4ff76ff74ff62ff45ff26ff0bfee1fec9febffea5fe98fe5afe3efe38fe4bfe2cfe27fe25
MIC 024384 fe35fde6fdd0fdd4fdd9fde0fde7fe12fe22fe1dfe20fe4bfe21fe43fe38fe8bfe70feb4fe9aff01fedbff27feffff4bff33ff54ff88ffc9ffccffe0fffa000c0013003a006600740089008500a900a800c200bf01130125013b012e014c012f0144016b0180019c01c801e401ed01f701e201f101fc01ec01e80217022c0242
MIC 024448 02360254021e0225021a01f401c701a7017b017b015601200106010f00f900fc00f9010c00ba00af007d006500250018ffd6ffd0ff8dff6aff65ff36feeefeddfed5feb0fe97fe78fe88fe48fe6ffe49fe72fe3dfe54fe4ffe57fe52fe4ffe4bfe43fe14fe13fe1ffe20fe39fe35fe6dfe49fe7cfe55fe52fe69fe64fe93fec4
MIC 024512 feb2fed5fedbff07fedfff24ff56ff6cff81ffcaffd8fff3001000100037004f006100a100a400c300d100f6010700ec010801190139016d017c01a401e201c201bd01ef01f301e5020802130223021c025b02330231022a0237021d021901ee01ba01b3019701760182016b0166013d01310133011b010800fe00d8009d0075
MIC 024576 0052005c001a0045003100250005ffdcffaaff74ff55ff40ff00ff02fee4fedcfed7fe99fe9ffe78feaefe6bfe85fe5afe69fe35fe49fe17fe09fddafdd6fdd3fdf3fdf6fdf8fe41fe1afe19fe0cfe31fe2dfe28fe3efe60fe78fe8dfe8afea8fea3feaffebeff11ff10ff50ff96ffb6ffea000a002d0034004a007b009000c0
MIC 024640 00ec01060122014b013c013d01220150015e017b018901af01ab01b401c601d401e701f10229022c01fe020b021401f401f701f701ed01d901de01ad01b901b801a60179015e014e013b014a0118010800ea00e300b000a50095008b0064006d000e0007ffc3ff8dff60ff71ff41ff42ff55ff10fee4fed1fed4fe9dfe94fe75
MIC 024704 fe6efe57fe6efe5bfe5efe5afe34fe1ffe1bfe14fe19fe28fe36fe2bfe0cfe20fe21fe1dfe2efe38fe40fe55fe75fe66fe80fe7bfea7fe88febdfeb5fed6fed1ff2fff37ff69ff63ff8dff95ffa0fff5fffb005e006e008a009200e100c9011b010701680137014a014b0170017501a001ad019801b001b401c101de02100213
MIC 024768 02030209020c01d901f202050221020c021501ef01d401ad01a1017f01900181017101580132011100ed00c400b700a0006f006f00590043002a00340000ffd3ff95ff94ff5dff53ff54ff27ff25fef3fea6fe8bfe5cfe44fe60fe59fe56fe56fe2dfe3dfe47fe2ffe1dfe24fe0efdf2fdc9fdd2fd94fdb5fdd4fdc0fde6fe2b
MIC 024832 fe30fe34fe53fe53fe44fe56fe75fe8cfee2ff06ff0bfefbff35ff12ff40ff6eff59ff74ffb0ffe1ffdf0018003b0040004a0079009000d900f3010b0118012c01200149014501640153017801a601a9017e01b101c201b701d901f3020d01ca01db01f001eb01ec01f201f401df01b40193019f018c016101590188014f0125
MIC 024896 012c012600f400e400da00aa00970058005c002b002f001d0029ffc7ffbdff64ff50ff10ff12fecafed8fec2fe94fe79fe70fe69fe4dfe54fe48fe48fe42fe3ffe3ffe39fdfdfe10fde6fde7fdbefdf6fdfbfe0efdedfe2afe1cfe2cfe38fe63fe80fe97fea4fea0febafeb0fedcff05ff41ff1fff4fff72ff72ff68ff84ffae
MIC 024960 ffb0ffe000100046004c009200ac00bc00d70105010d011d011801420135016301700177019201d001bd01e001de01e701d701dc01e201f701ff020201f8020801d001ba01ca01980158017a015f0146014c014e0146015c015201590114010700d000b10099008400640072004f002f002d0014ffd3ffc6ff9bff83ff3aff3a
MIC 025024 ff3dff0bff08feedfec2fea6fe98fe84fe60fe6ffe7cfe75fe4efe55fe30fe09fe1efe30fe19fe36fe3efe3cfe0dfe1efe1bfe09fe1bfe42fe67fe7cfe66fe90fe8cfe9ffea9fed0fefaff03ff2dff41ff74ff77ff91ff96ffacffb3ffc50016002d0047006400840085007800a100bf00eb0102013801410164017001b00196
MIC 025088 01c301b601f301dc02030216021f02260237025e025f02420231021801e3020301d201c401b501bf018301a8017301690106012e00e600b000a000c3009c00b0009b007f00500015fffdffe0fff3ffb3ffbaff83ff69ff0eff06feeefee7febbfed6fecbfec7fe86fe8afe77fe56fe3dfe2dfe2cfe01fe23fe38fe2cfe20fe0d
MIC 025152 fdf8fe05fde6fe07fe05fe1dfe27fe3efe24fe29fe1afe53fe4efe6efe92fed9fedffeffff06ff42ff52ff7dff6cffadffccffccffcffff400110010005c0074007800b300cf00e8010400ee010b01110151013b0151016e0190019501bb01ac01c101c301c401d3020501e101f001e301dc01be01cc01d60195019201a201ba
MIC 025216 019601bd0187019d0167016b0136012400ff010f00e900b9008e007a0051002e00270008ffe3ffcaffc2ff8cff80ff56ff59ff3bff34ff39fef2fedafeb4fe87fe86fe72fe66fe59fe69fe6ffe59fe27fe40fe23fe0afe0ffe10fdf9fe12fdf5fdf8fdccfdd9fdf0fdf4fe07fe1efe30fe4ffe76fe75fe99fe92fe9afeb0fed3
MIC 025280 fefbff38ff64ffa2ff84ffb6ffbbffdfffe4001f00160070006c00910086009f00ba00b800ea011d012d014601a701930194018001ad017f019e019801e301e5020201f601f601e501ce01e101dc01ca01e601ea01db01b601aa01920182016e017801630179016001420138011000e900d700c60099008b007600510007ffee
MIC 025344 ffceffbbff9eff7cff56ff55ff3aff28ff0cfefefef4fedafeb0feb4fe7cfe76fe63fe5cfe63fe27fe23fdf2fde1fddefe04fdfbfe21fdf8fe0dfe04fe0afe13fe3cfe60fe79fe65fe85fe94fe80feb8feeefeeefee9ff0aff15ff27ff16ff6eff6fff9dffb2ffd2ffe9000e001d00670053006e006f0077008d00cd00eb0119
MIC 025408 0134013d014601570169018e01c601d101c901dd01e901eb01fa023b022f0235020201e801de01e601e601fe01e601fa01d001cf01ab019e01aa017a0165014f011700f2010500cc00bf00ba00bc0066004d004200260013001700130019000bffbfffc4ff89ff5cff49ff31feffff02ff1bff2efed6fec6fea8fe86fe5bfe6e
MIC 025472 fe47fe4dfe35fe48fe3cfe1cfe1efdf9fe1dfe0cfe0afdcefe23fe0cfe09fe31fe3ffe3dfe4dfe49fe5efe62fe76fe99fe78fea6fea9fee9feddff2fff66ffb3ffc500120008003d00620089008900bb00c100c800e801080127013d014c014f0149018c01a501dc01e901e901fd021601f601e101ef020601ed01ff01f001ea
MIC 025536 01c701c701f501f802060207020501d601950192016f01570154015d0136012c011000f300d100b00084005c004800370032002e000effe8ffb1ffbfff7dff61ff43ff3eff1cff15fed7fecdfec2fea0fe87fe87fe75fe5efe6cfe5bfe28fe0bfe1dfe1efe03fe0cfe0afe14fe1ffe2dfe2ffe25fe30fe37fe20fe36fe32fe43
MIC 025600 fe3bfe49fe54fe9dfeb3fed6fec9fef2fef4ff1eff42ff80ffa6ffc3ffde00110022003c0077006f00a1007e00bf00c300f600e4013101550163015901910186018801a201c901e301e1021d01ff02100207022401fa021d01f601f901ef0210020601da01c3019d017901610189015c0172014d0171011f012c0104010900af
MIC 025664 00b4007f00a30087006e00600029000cffcbffbfff9eff81ff50ff56ff04fee2febffeb5fe9efe91fe87fe9efe60fe3dfe39fe40fe23fe46fe1afe19fe0efe18fe42fe51fe47fe2afe2afe1afe0afe0afe4cfe19fe3cfe1dfe3bfe33fe18fe3bfe6dfe86fe8efed1feefff0afef5ff39ff56ff5eff95000e000e0048004b004f
MIC 025728 006700750081008300bf00d700ef011d011b013901420169016a0190019a01cd01c601cf01e101f701e80205020e021f02270226022c022e021e01e001ab0194018c019201980178014601220122010600f100e5010d010b00e200e600b8008e006a003d00370004fff2ffcdff9aff82ff3dff23ff13fed7febefe9dfec0fea8
MIC 025792 feb5fea6fe9efe52fe45fe1bfe16fe0efe22fe2afe25fe12fe27fe2ffe02fe07fe09fe2cfe03fe2ffe16fe30fdfffe5cfe35fe67fe63fe89fe85fea6fe9ffed1fea8fee3fefbff20ff69ff70ff83ff93ffddfff0001a002a006a005d008e009600ae00ab00d600da0110011901260168018d01aa01ae01b101b101a201a401d0
MIC 025856 01db01fb02090222020401fa01fd01ed01c101ce01d801a901ac019901970190017101810185017b016e019c0142012f00f000fa00a3008f00810071006d00550030fff5ffcbff84ff6bff61ff39ff15ff2bff2bff06feddfefdfec7fec6fea4fe9bfe81fe6efe62fe71fe47fe54fe3dfe29fe23fe25fe2ffe2ffe54fe3bfe22
MIC 025920 fe11fe2bfdf1fe0ffe10fe3afe35fe65fe54fe78fe7dfe9efe9ffebcfeddfeeafefffef2ff23ff57ff9cffafffca00010053004c009f00d400ad009000cd00c500b000ce00f3010201050147013d0149016d018a017801ce01d601dd01fd0210020d02050228020401ff01ea020901ed01ee01c201c6018c017f017e019e0184
MIC 025984 016f0166016e015b0141012f011900ff00c200b2007c00520015000cffcaffcfff80ff6cff5fff4fff1aff0ffef8fec7feb2fe9ffeb4fe79fe79fe71fe63fe37fe58fe33fe34fde2fdfffe09fdfffdf2fe0dfe0cfe10fe15fe0bfe26fe15fe18fe3dfe3afe30fe59fe6efe91fe6bfecffed3febdfee6ff0fff14ff43ff5eff7e
MIC 026048 ff9dffe1ffd6001800410046003c00610091007800c400fe0106010501120134012d0135014401570179017b01a001b401ba01c201e301d701ee01ce01ea0208020601f2020f020c020401df01fb01f401d001b101b4018e016f0184016c016c013c013800ef00b7008c0098005000700048001fffefffe7ffd5ffc6ff9cff9a
MIC 026112 ff63ff32ff2afef6fee3fed5feddfebdfe9afe78fe70fe1dfe11fe2ffe01fe03fe0cfe1cfdfcfe05fe16fe0efdf2fdf7fe03fe25fe13fe1cfe4bfe55fe51fe70fe6efe4ffe9afe8ffeb6febdff04fefdff3bff38ff61ff52ff8aff86ff93ffc1ffcdfff500230059007b00a300a100b500b100d600c900fd00f600fc01180154
MIC 026176 0167018901a501b601c901df01e801d201e301d701d101dd01e401dc01d201d101cb01c501c701cc01c901b501ac01a10194017d016e018e01580116011e00e300b500ba008b006800540050001cfffcffa5ffa2ff9dff80ff6dff70ff68ff50ff1dff38fee2fee5feb3fea4fe7efe8efe4dfe60fe38fe2ffe03fdf7fdfdfdd8
MIC 026240 fdb6fddbfdc7fdacfdcdfdd3fdecfdddfe17fe34fe39fe5ffe79fe6dfe84fe9dfea6fecafec9fed6feedff1aff41ff3fff55ff56ff67ff77ffadffc2ffdb00080036004c00380083008700af00cb0102011701160125014a014d0168016101870177017c01a301c001af01c901e501c601bc019701ab01a901c901c001c301b3
MIC 026304 01c8019701c301d801ba01be01b7018e015b015b0141015901300133014300ea00e1009e008c0043005d0012fffaffabffdbffafff7fff6bff50ff10fee0febcfebcfebdfeabfea9fe9efe7efe3bfe48fe1cfe13fde5fe2efdf6fdfdfde6fe03fdc9fde8fdf1fde1fdddfdf6fe04fde9fe2bfe36fe56fe52fe87fe75fe93feb0
MIC 026368 fee0fed7ff04ff1bff3cff4bff5bff89ff9dffcf000100160018003f003a007d009900e900eb010c010c01360103014a015f016a016901a801b901d101e101f9020f0206022f0211022a021d0223021001eb01e301ee01d801cc01d401d801b401ab01960190017e015401420137013d0131011b010400f700b900a700780033
MIC 026432 0004fffaffdeffc1ffa7ff70ff5dff40ff11fef6ff02fed6fed5feccfeb9fea8fea6fea4fe5dfe5ffe7efe75fe54fe6ffe3dfe42fe34fe1bfe25fe2ffe2efe36fe1afe13fe22fe2afe5cfe4cfe5dfe57fe7dfe86fe9dfe8cfed8fec7fedeff15ff14ff51ff5eff78ff7bffa7ffacffd0ffe2fff7002a006f0097008c009c00b3
MIC 026496 00c300ea011900fd0147013b015c01770190019f01c401c701ee01b601d101e602090212024b0234023c020f0205020001f001f101c101e0018f01a5015301970141016201480149012100ef010100da00c4009c009d006f00680034004d00170005ffd9ffd6ff7aff82ff53ff54ff22ff18ff03fec6fea5fe81fe76fe67fe4e
MIC 026560 fe2bfe3ffe01fe07fdc3fdd8fdd7fde6fde8fe1afdfdfdc6fdcbfdf8fdf3fe01fe22fe4efe28fe5efe84fe8dfea0fe99fe91fea8feaafed4fef7ff18ff12ff4aff63ff78ff77ffa5ffd20008001c00420071008b00a400df01030113014a0143015e015c016e017601990191019b017301b40193019301ad01ca01d201c201e5
MIC 026624 01cd01c801cb020801d301e701e201ed019901b701a001d2018e018f016d0154012d011500f300e800d100a800c2009f009e00740076003d0033fff2fff3ffbaffbeffa2ff8eff64ff0dfeddfed2fe9ffea5feabfe8dfe64fe4afe2efdfbfdccfdf1fdf8fe02fdeafdfcfdeefdd1fdd4fdf1fde2fdf3fe09fe25fe24fe1dfe1a
MIC 026688 fe31fe2dfe37fe40fe58fe6bfe72feb9feb9fee1feecff33ff18ff8cff9fffd7ffcf00010008002200430066005c007e00c000d300f7010501430138013f011d0154014a017f019301c101c701e601ea01f801da01d701e701ed020a01f201e801ad01cf01ac01c001c701c401a901ca01b401a8018001810157014c01540152
MIC 026752 011300eb00e900bd007500620033000cffccffc6ffa4ff9bff95ff7eff65ff6cff45ff4fff3cff2efef5fed2feddfec7fe8dfe9ffea0fe6dfe69fe5efe4dfe23fe06fdfcfdf1fdb3fdd4fddafdf4fdedfe02fe04fe2cfdfffe16fe2efe42fe4ffe4afe88fe68fe81fe96fec9fecefefeff11ff5aff59ff65ff6cffb0ff93ffca
MIC 026816 0003004f0035005b00830065007c00b300c300b9010801180140015a0163017a0188019d018f01b501dd01cd01ef020a01eb01db01cd01e301e901e201eb022b020201fc01fc01e201ba018d019801740157012b01360104010a00e000dc00c40090009a009e00840069006c0056001efffcffbbff99ff87ff79ff43ff2dff26
MIC 026880 fee2fee9fec6feb8fe8bfe8afe82fe6bfe38fe4cfe1cfe13fe1afe00fdebfdd4fdd9fdd5fdcafdd9fdfafde6fe15fe3bfe3bfe4bfe62fe70fe77fea2fea9fe99fe8bfebefed4fef2ff2aff48ff47ff49ff54ff70ff54ff97ffdc000000120052005500600074009e00b600b900e800f7011c01410178017d019e01a0018701ba
MIC 026944 01bd01e201f5021301ed01f101e901ee01e001c601c101c401c901a701a7018f01b9019801c201c901b4016a0170015a014d011c011f010500c600a6009300630059004e00310011ffe3fff5ffbdffa3ff76ff4bff2bff44ff02fedcfeecfed1fe95fe96fe7bfe4efe38fe53fe3bfe2ffe42fe38fe21fe23fe2afe1afdf6fe0d
MIC 027008 fdfbfdf6fdfafe25fe06fdf3fe10fe2dfe47fe63fe8afeaafe99feddfed3fee8ff0aff18ff30ff31ff65ff75ff9cff6cffdfffc7001900040061005c0066007800bc00ca00d000fe00f30130011d0162018301b2019601d601be01dd01ac01f601e801ca01c101d701a7019b01cb01c401c201b601cb019d01aa018101940179
MIC 027072 01bc018501890165016601340141012e010000b800b6009d007e00790072007d00240018fff1ffd7ffbfff95ff53ff50ff16fefffee8fec4fe9afe76fe78fe76fe6bfe62fe76fe47fe30fe3efe28fe23fe31fe29fe30fe29fe3cfe2ffe25fe0ffe1bfe23fe37fe37fe37fe3dfe4ffe50fe69fe71fe93fe6dfebcfee4ff08ff3a
MIC 027136 ff6eff71ff8eff8affc0ffbaffb8ffbfffe6001000230031008b008b00a000db00fb01390148014c0179018a018f01ac01df01d701cb01d101ea01d301b701e701cd01d201df01d901d201d401ce01ca01ae019901a9019101a701890198019b015f0139010d00eb00e700d800c600c300a40089005a002c000dffdbffdfffd2
MIC 027200 ff94ff77ffa7ff74ff80ff59ff4fff06fee5fe9cfe87fe49fe66fe30fe4bfe3bfe32fe42fe4afe29fe32fe38fe23fe00fdf3fe14fe03fe26fe1afe5efe23fe4cfe50fe6dfe3cfe7cfe70fe71fe86fec3fea9fee1ff12ff08ff27ff2cff73ff59ff98ffb7ffefffea001f001f0056003c0092009000bf00db00fa00d400d900f6
MIC 027264 0106013b014e0175017d01ae01ba01bd01af01d1018601b101b301da01e301e901f201d901d901e401cc01c201c101ce01cb01c401ac01af0180015f0158012f011c0107010300f800c000ad00ae0077006800520039003d0039ffefffc0ffb2ff75ff15ff37ff32ff04fecefef6fec2febdfea8fea3fe87fe7efe4ffe68fe46
MIC 027328 fe3dfe24fe30fe1dfdf6fe0afdf9fe03fe11fe23fe1cfe28fe06fe15fe10fe21fe0dfe53fe66fe73fe76fea0febbfeb4fefeff05ff39ff3fff54ff7cffb2ffb00004001e0054004d008e00850088008700a500b700c500e8012c015b0181019a01a1019801a901b601ca01ea0210020f02460231023d0210021e020f020f01f4
MIC 027392 020d01ea01ef01e301ec01be019d01ab0184014c013b01540110011200ce00c8009600840053006100500053001900350007ffc9ffd2ffbeff94ff79ff8bff4eff3afef9ff1dfec8fec1feb4feb9fe86fe7efe6afe5dfe32fe2dfe42fe19fe11fdfffe13fe1dfe2ffe00fe10fe1afdf7fde1fe1cfe14fe0afe28fe55fe20fe52
MIC 027456 fe7afeb0fec3feedfefdff09ff21ff2cff4fff6bff84ffacffc6ffeaffe9003300400082007b009400bb00c000d40112013201520183018901ab019301d101d501de02110225020c02250218022c021e022101ec01df01c301e501bc01b801b601bf01bd01a901a001b5018e01820194014501330122012e0109010600dc00c3
MIC 027520 009c0064002b002f002dffd9ffccffdcffb0ff86ff73ff3dff04feeafec6fecefea0feb3fecbfe89fe5efe34fe31fe11fdf8fe11fdf7fdf5fe0ffe26fe20fe1afe17fe1efe32fe39fe4bfe32fe5afe44fe3afe3ffe62fe50fe75fe8afe92fe95fed1fee2feffff20ff36ff3bff70ffa1ffb5fffb000f002c001d006a00520074
MIC 027584 009500eb00cf00ff0104010a00ff012b01530156016f019301b301a701c501c201f101de01f701f6021001f1021001e501fa01df01cc01e201ef01d701b601d901b7019b017c019a013f014e012401270104011200cc00c500910069004c0038000dfff0ffedffeaff9fff78ff78ff45ff4bff45ff38ff28ff22feeafedbfea4
MIC 027648 fe7ffe83fe6cfe62fe46fe59fe49fe36fe39fe31fe12fdfffdc2fdcbfde7fe1afdfcfe09fdfdfe06fe0dfe16fe3cfe54fe5dfe4dfe7efe69fe8efec2fed4fee9ff0dff38ff1eff46ff38ff78ff87ffc8ffea00240021004f007200a900b100e200fa0101010c013b015001610197019f01a801ca01b301a901c601e701da0201
MIC 027712 020b01fb01d701f801fb0215021b02480256022b01fa01f601c801c60186018601540161012901220112010000dc00b800ae00600071004b0057002e0015ffefffc7ff84ff8dff69ff4fff42ff32ff14fee2fec9feadfeb9fea7fea6fe9bfeb8fe6efe64fe6efe70fe31fe29fe0bfdecfdccfdd8fdf8fdd1fdd8fdc1fdcbfda0
MIC 027776 fdd6fdcffe10fdedfe4ffe4efe8cfe9afed3feccff0dff0eff23ff33ff46ff53ff5bff99ff95ffa4ffbd000ffff70026002f00610063008f00c90119010e014c016a0184018e01a0019f01a101ad01ad01bc01b801d901a101be01c101c0018c01c601df01f60204022b020e01f7020201e501ae01a901b6018c017001590171
MIC 027840 012f012a0123011300ef00ce00c900b2009b006b0086003c0034ffeeffffffd7ffc3ffaeff96ff5aff4eff2afeedfee0fed4feadfe88fe8bfe6afe2bfe35fe4bfe46fe3afe78fe45fe16fdfafe1bfdfafde4fdf5fe0ffdedfdfefe20fe22fe13fe39fe4ffe2efe46fe77fe7efea9fee6ff06ff2eff3fff50ff5bff72ff95ffb8
MIC 027904 ffb9ffd3ffe0ffed00060029006f008200b100d900ec00e20117012701300144018b018c0186019501a2019b01b201b701c201cd01a601f001e101fa01ea0224020f023301ff023901fe021201d801ec01ba01ba017d018101420124012a010000fc00df00b500990071003d004c0017005300380027ffd5ffc4ff67ff63ff47
MIC 027968 ff2dff2eff19ff20fef0febdfec7feb6fe9dfe92fe66fe57fe19fe19fe2cfe55fe1dfe38fe1afe04fdd1fe08fe13fdf1fe14fe32fe1cfe1dfe47fe5ffe66fe7bfe8ffe7dfe76fe99fe7efea4fef2ff21ff2fff75ff99ff91ffa6fff70005fffd0016004a0053007d00ce00ca00eb00db012c010a01490170019e019701c701b2
MIC 028032 01b301bb01a5018c019c01b101b801b901c701d701a701bc01d501d501b301d201d301ae0191019a017c0164015301510154013d0131010b012000e300c500a300ae0093009c008a006d00270009fffeffe2ffb0ffa9ffa5ff7cff62ff47ff46fefefeedfedcfebbfea8feabfebefeaafe7cfe5dfe32fdfcfe0afe04fdedfe05
MIC 028096 fe03fdddfdf2fdecfdfcfdfcfe29fe45fe37fe48fe5bfe5efe4cfe6dfe85fea2fe8bfecbfeedff18ff0cff3cff35ff4eff4bff62ff6cff77ff98ffc2ffdc00050026004e007a009100a500ce00ff01040132013b015e013c017d017c0187019b01b201b501ce01e301e401e601f1020001fa0217020601f201db01d901b801d8
MIC 028160 01c101dc01b8019c01850163012d01170109010300f400f000e400b300840089004500320021fffbfffcffe0ffcfffa9ff66ff31ff1ffee6fed8fed2fec3feabfeacfe8efe7bfe68fe6cfe37fe1bfe36fe3dfe29fe6cfe30fe44fe25fe3cfdf8fe0afe06fe0ffe15fe47fe42fe45fe49fe4cfe54fe5dfe76fe99fedafee4ff07
MIC 028224 ff27ff5dff39ff69ff88ff7effa7ffcfffdbfffa002a004f004e00700093007b009600b600c500c100ee011401440154018901b501870184019c01980174019801c401bf01c101f801dc01af01dc01d401c301d8020f01ec020501d401b4018d019301550142013a01420116014001230118011600dd00d100a5008d003d0057
MIC 028288 00180019ffdcfffcffc0ffb1ff7bff85ff69ff43fefcfef0fed2feb0fea4fea3fe88fe7afe88fe55fe43fe3dfe56fe3cfe21fdf8fdfcfe0bfe0dfe12fe10fe0bfe1ffe29fe2ffe46fe2ffe7efe80feaafeb2fed2feaefedbfed1ff0aff1eff48ff34ff57ff80ff93ff8bffb9ffc9ffc0ffe7003e0043005f009100d200d600f7
MIC 028352 011c013d0152019d018901a601ae01b701a901dd01db01f701f4020901bc01bf01cb01c601c101ea01ed020401fc01f401da01c001c7019a0181016e0161014001480150011b00ff00d500e400b8009f00a8009c0065005000380028ffeffff0ffedffb3ff7eff53ff33fef7feedff22ff11feeefef1fecffeaffe9cfe6cfe4a
MIC 028416 fe4cfe3afe39fe2efe43fe30fe1bfe0ffdfcfdd4fdedfdeefdfffe25fe39fe42fe31fe45fe67fe61fe93febdfebcfed2ff03fee2ff15ff25ff41ff49ff9bffadffc3fff8003c0028004b00630069003e0068009600b300d100f7010d00e90114013a0161017b01a501c2020501e9020601f9022001d701bc01d401f101bc01ec
MIC 028480 020b01e801f801eb01f001b801cf01a001cf01b601bc017e019501470146012d012600eb00de00d900ae007f006f007000350026000a0008ffd8ffd2ffa0ff9eff62ff63ff33ff2aff0ffee9fed5fed2feaafea6fe8dfe81fe98fe74fe88fe8afe57fe42fe4dfe25fe19fdf8fe1efe07fe07fe1bfe13fe04fe15fe04fe09fe3f
MIC 028544 fe22fe58fe57fe62fe5dfe85fea2fed3fedaff00ff0bff40ff4aff5fff89ffbfffbcffe2000b00190053008400c100d100d701150131013e014c0176017f018001a801c001bb01c301eb01e801de0208022702280229020f01e601c201c401ae01aa01dc01e001cf01c401a0019d0183019001760157016101260113010100fe
MIC 028608 00b100a9006f006d003a0042002c0012fff2ffceffc5ffb1ffa1ff6effa6ff5fff57ff31ff0ffed7febefe8bfeaafe90fe8efe50fe37fe16fdeafdc8fde5fdf2fde0fdfcfe08fe31fde5fdfdfe0ffe2afdf9fe4ffdfffe2bfe1ffe47fe29fe61fe62fe68fe7ffec2fec7fee2ff22ff2dff45ff48ffa1ff85ffbeffcc00180013
MIC 028672 003800380062006b008400b700ef00fb014b015a01650179016e0184016f019f019d01d501f2020d01fb021301f901fc01f70207021202290215022501f701ef01ef01ff01b501b50183019801640154014c0131011e00fd00f400ee00ba00a800a60062003c002effefffcdffd7ffbcffa1ff7eff63ff24ff20fefffee0fee2
MIC 028736 fef8feaafea9fe82fe68fe5bfe61fe48fe4cfe1cfe18fe3efe11fe1efe19fe26fe08fe27fe04fe1ffe19fe45fe25fe5cfe43fe22fe3dfe6efe5cfe83feb5feccfec7fec8fefeff0aff15ff3bff70ff76ff65ff7affa5ffb9ffde001100450049005d009d00c500dd0118012c012c0148014a016e018b01a201c201eb01e601b5
MIC 028800 01ea020d022402000231021e02260204021001f701f601d501c401a9019901b001a30195016c015b01480142012d01590143015f010400ed00ae0096004e0064003000110019fffaffd2ffa1ff96ff53ff1eff03ff15fed7fefffec8fef6fec9fec0fe96fe94fe69fe86fe63fe58fe2bfe32fe20fe12fe20fe0cfe23fe0afe2d
MIC 028864 fdedfdedfdeffdfbfe24fe14fe26fe7ffe6ffe86febffed1febcfecbfef6fee3fef2ff26ff59ff67ffa8ffabffcfffd3ffe400140032005e007f009900be00b900bd00f9013101490148019801820151016b01b50196018e01d401ba01da01d801f201ea01eb01da01de01cc01d201d501da01f501a7019b0183017c0155016d
MIC 028928 01690199015e01590134012700fc00e700de00c4009700890072005000180004ffe9ffe0ffcaff95ff92ff71ff74ff34ff29ff1dfedefee0fee4fea0fe9cfe6ffe3ffe1ffe21fe5cfe22fe27fe3ffe2ffe15fe2dfe29fe1dfe28fe1ffe28fe18fe20fe2ffe54fe66fe70fe5efe8cfe76feacfebffee4ff01ff28ff36ff44ff6f
MIC 028992 ff65ff93ffa0ffd0ffa5ffefffef0007002f009a009600c000b800d700ce00f1013a01580165017f0186018201a3019001db01d601e701c601cb01ee01e001d1021001ea01ca01cb01e001c201d201cb01b901a70182018d0175018a016101700170014b011c011d00d500e700d30099008c006900240007fffbffeafff6ffc8
MIC 029056 ffa5ff43ff20fee9feebfef0fedffed7fee9feabfe71fe72fe43fe32fe1ffe18fdebfdf7fdf0fddafde1fdf5fde6fddafdf6fde0fe02fe06fe21fe05fe0dfe07fe39fe2afe66fe7cfe7bfe7cfeb6fed6fed8feedff3aff32ff2cff79ff7eff93ffa5ffd8ffe6001700210049005a009a00a200d900fa0113010e01430161014e
MIC 029120 0165018001b3019e019f01e601ed01de020d0201020e02010236023a02140204021101fa01d501e801d301c701ba01b3016b01440152012f01210118011400dc00d600a800a60062007d0024000ffff90007ffe7ffe4ffe6ffcdff91ff68ff4dff14fef0fef6fee0fec7fec7fe8ffe87fe61fe61fe22fe4ffe2afe2efe0bfe43
MIC 029184 fe28fe26fe04fe03fe0bfe1bfe15fdf1fe20fde6fdd9fdc8fe0cfde6fe4dfe50fe7dfe60fe9cfea0febdfea6fed4fee9ff00ff2fff3fff6bff52ff9bffaaffd6ffaa0018002300620073009a00a200c400cc00f00105013f015f016e01a401ae0182019501bc01bc01d80209020b0207021e023002050208020c021302030210
MIC 029248 01fe01db01c401d901a5018f01790165015d0167015a0124011600ff00d300b7009f009c008d006c005b00190016fff4ffeeffceffcaffb7ff8aff82ff4cff29ff06ff06fec6fe99fe8cfe80fe6afe58fe39fe2cfe01fe24fe17fdfdfe24fe4efe23fe25fe41fe2dfe16fe09fe1dfe1efe50fe51fe58fe88fe5dfe60fe65fe7a
MIC 029312 fe6ffea7feb9fed2fefcff1bff3eff59ff80ff8affafffeeffe9fffb0030003b007700880093008200d000d101350128015f015a017401730188019301ad01bd01d401ce01b801e201ad01ef01cd01e101c7021d01f00212020c022d0204020801d601e801b101da01a701a30193015e0155012e011700e800f500d000b80071
MIC 029376 008d002d0032fffe000effd0ff9aff7cff3eff2fff1dff39ff01ff25fee5fef8fee4fedefe9afe84fe5afe50fe06fe22fe3ffe32fe24fe23fe04fde0fde7fdd5fdf4fe07fe1bfe2efe44fe49fe43fe3ffe5ffe57fe68fe93fe84febffec8ff07ff16ff1aff21ff3cff39ff58ff75ffafffc6fffd0031003e005f008200a90090
MIC 029440 00e000c600dc00e4011601050140017101a3019801b201b601c401e401f001f901d8020f01e9020b01e3020e01f601e401df01d801b001c701db01cd01b801b101820195019001820180015d013e012900e600cc0095007b0061006300530049002f0019ffedffc2ff92ff82ff4eff69ff71ff5eff28fef0fef4feb0fe61fe68
MIC 029504 fe57fe44fe3dfe3bfe42fe26fe34fe3cfe17fe0bfe19fdfbfe0bfe15fe08fe16fe0cfe1ffe26fe1afe43fe48fe4afe7bfe70fe9ffeb2fec7fed2ff2cff1fff4dff35ff48ff31ff50ff5fff75ffadffce0017002a0062007000c700af00ce00d40113010d016c017c018b018001bc019401b201c801fb01e401f701fc01fa01e1
MIC 029568 01c201d001df01d801ce01e901ed01b0019501b301a001870176015a016001430120012b011800fe00f200fd00d600d900bb00a70083005c00200016ffd2ffc3ffa1ffa3ff4fff52ff50ff08fef4fee3fecffe8efeaffe92fe7ffe4afe6bfe40fe56fe3bfe30fe13fe39fe05fe1dfe0dfe29fe1cfe1bfe1afe15fe0afe17fe46
MIC 029632 fe41fe64fe60fe81fe5bfe6cfe97febcfec8ff11ff12ff0fff0fff08ff16ff3fff60ffa1ffbaffc7ffdbffceffff000800100045005a008a008300bb00bd00f200f601380156017a019a01c301f10214020b021f023802190223022f0242022e02350218020a01e201cb01b101b801a801a701910189016e016b017e017a0171
MIC 029696 015d0146011000f900c50095005600440033000affcdffd7ffb2ffadff7cff67ff3fff05fed3fec0fea5feadfe9bfea3fe91fe7bfe72fe73fe75fe54fe44fe2efe36fe13fe12fe04fe13fe0bfe01fdf0fdfafdf0fdebfe11fe3afe5bfe7cfe83fe6efe5efea0febbfe9cfed7fef6feeffeeeff11ff30ff51ff5cff8cff7affae
MIC 029760 ffb0ffc30001001b0030003b007800750085009a00cb00db00db010401140142015101570162018b01b1019c01ae01e801f90213024d024702260265023e02260215022901fa01e901e201d301b3019e016e016b0172013a0151015d011e010400ef00d3009d00700051003d0009fff9ffc1ffb8ff93ff67ff45ff4fff1bff1e
MIC 029824 ff0efee8fed1febbfec2fea4fe8ffe93fe9ffe74fe73fe76fe74fe4bfe31fe41fe22fe25fe4cfe52fe34fe31fe0ffe1efe1dfe1dfe47fe49fe87fe61fe5ffe63fe8ffe82feb9fec9ff14feeaff4dff54ff61ff38ff75ff83ff91ffa7ffdefff60014002d003d0073007600a000c10102010f01540154016b016001a2019501cd
MIC 029888 01b901f001f9020701fa01e301fd01eb01fa020102240208022601e3020e01e201e001ad01bb01a50197019801c10186017c0161012a010f00ee00ec00bd00ac007c00910045001ffff6ffe2ffb4ffa2ff94ff8fff34ff2fff19ff16feecfec5febffebafe94fe9dfe7ffe60fe59fe3ffe2efe1efdfdfe03fdfbfe00fe0ffdf0
MIC 029952 fe01fdeafdfdfe09fe2afe38fe45fe6afe84fe7bfe52fe94fe70fe79feb0fef1fee4fee8ff28ff3cff3fff3cff67ff7fffb0ffc9ffd6000f002c002d0065005c007300ab00c700f000ee011e012f015001590170016d01b20199019701cb01e301d201d601db01cf01d301f201eb01e801ec01ce01c001c301a401af01be01ad
MIC 030016 0168016701670151012e014f012f010200fe00ff00cb00b300b100a3009b0064004f006300490002ffc5ff9aff89ff31ff42ff2cff15fefaff23ff01fec2fe9dfeb5fe82fe5bfe47fe37fe35fe2ffe26fe17fe2ffde7fe04fdeefe10fdc9fe23fdf6fe03fde4fe22fdf3fe12fe1dfe36fe4bfe5ffe99fe9efea4feb0fee8fedd
MIC 030080 ff24ff11ff65ff45ff6eff5eff90ff86ffdcffd4002a0053005c006f007a00a100a800c200f00126013f0176017e01b7019f019a019001cf01b601ec0213020701f601e601df01b7019301bb01ad01bd01c301f901d101b301d801e3018801610180015e012e0159013c013600e200ea00bd00a4009900760059003afff2ffc9
MIC 030144 ffccffa3ffaaff80ff77ff4cff27fef4fee6feadfea9fe62fe5efe65fe52fe44fe4cfe32fe11fe29fe03fdf4fdc9fde9fdecfdf2fddcfe12fe2afe25fdf3fe41fe3cfe35fe5efe84fe4ffe5ffe51fe5afe73fe78feacfed3ff04fef4fefeff25ff4dff36ff8cffb7ffe1ffe40000002f003b003b0081006c0073008700cb00de
MIC 030208 0122012b013d013f017001390166019901b601b601ec01cf01da01d301dc020001fc020102230229021b0217020401ed01d501c301b601a1019b018f0160014f0114013200fc00e900c4010900cc00ac007f005b002600120008ffe8ffcdff94ff9bff6cff5dff1cff45fefdff20fee8fefefeddfed4feaffea4fe95fe89fe43
MIC 030272 fe32fe48fe2bfe3bfe25fe08fe0dfe29fe20fe17fe06fe26fe12fe13fe1bfe22fe3ffe68fe62fe73fe8ffea0fed5fef5ff11ff37ff2fff51ff73ff90ff95ffb0ffbdffc4ffd8fffffffb0009002a00560068009b00a600c000ea00f60102011b0150016e01ba01d101d601cf01f801eb01dd01e201ed020202360234022f01ed
MIC 030336 01e201dd01c701c701d201cb01a6019c0192017f014d0167012401330112010c00eb00ec00e600930078005300400030004b00430012000affe4ffbaff87ff66ff33ff2efefafeddfe9cfe8dfe82fe60fe59fe73fe3ffe5ffe4ffe62fe3bfe3efe38fe19fe0bfe21fe21fe42fe40fe33fe3bfe0dfe10fdfcfe3efe5afe82fe9d
MIC 030400 feaffe96fea3feb2feedfedcff13ff3bff2dff35ff2eff3fff60ffb7ffca00110046007c007900d100d100cc00d8012701200112015101720185019101b401a501c801bf01e801bc020801f3020801f2020401e701ee01d901ea01e401ed020601e201d201d401d501af01b60180018c0142014a014701360126010e00de00b6
MIC 030464 009900790070004e004e0028ffedffd1ff9effa2ff9fff60ff3bff2dfef1fecafea7fea3fe9ffe61fe6afe66fe5dfe32fe40fe50fe3bfe10fe29fe1ffe0ffe2bfe4dfe3ffe40fe2cfe29fe19fe22fe0dfe43fe43fe54fe44fe56fe64fe58fea9fed3fedffef2ff1dff0dff28ff54ff7cff8fff8dff96ffcdffd90001002d004f
MIC 030528 0060008a009100d000da01090133012e0158013c016e01720189017f01d001ca01a901dc020201e901f202310221022302050214020d01f501d001e001d301b1019a01b501ad01760192013d013e0115010c00eb011b00db00e300af009b003700420010001ffff0fff6ffd8ffb5ff96ff58ff40ff0aff09fef6fef3fec7fec2
MIC 030592 fe66fe74fe38fe40fe27fe56fe3ffe5efe68fea4fe67fe5bfe54fe1afe2cfe1bfe2afe05fe1cfde8fe16fde7fe1cfe02fe20fe22fe30fe54fe84fe76fe9cfe9afedcff0dff18ff5bff92ff92ff8affceffcaffcfffe100290006004300690091009b00e100f8012a0148013e01700183019d019a01b9019d01b7018801ab01a1
MIC 030656 01c701f2020601f4020101cb01c901c501b901aa01bb020a01dd01d101c301b6018c016f016301520133012b0129010600f000ca00b8007d004d005100660041003f0026ffdaffbdffb0ff85ff70ff68ff3dff38fefbfeebfeabfeb5fe9efe77fe61fe72fe4bfe4efe62fe44fe26fe1afe41fe36fe2cfe3afe4afe28fe16fe00
MIC 030720 fdfefdf8fe0ffe20fe15fe20fe37fe19fe47fe81fe72fe8ffeacfecffee8ff15ff0eff01ff44ff7fff8effbb000bffee000e0013004c00360053006e009a009600ce00ed01140115011b013901510186019501a701c8021101e801f901f90220020002240210023a021502390217021001cd01e801d201c601b001a001af0189
MIC 030784 01710120013600fd00e700d100ea00be00c3009300a6004c001b000efff5ffbaff8aff96ff75ff6aff6dff69ff37ff2eff0bfef2fee5fee9feb5fe8ffe4dfe36fdf6fdfbfde6fdd7fdcffdf3fdf2fdbffdd7fde5fde5fde6fe1afe08fe07fe32fe49fe56fe75fe7dfe95fea6fea2fecaff00feeafed1ff31ff41ff46ff62ffb3
MIC 030848 ffafffb200090003001600200035003d0049005a0081009400de00f6011a01310142013d013401690182019d01b4020801e001fe01f501f801e201d701eb022301f8020901e701f101dd01da01c101c401b901b90195017e0195016101480119010800ff011800df00f200b5007b0063003d002400070002ffc6ffc6ff8bff61
MIC 030912 ff41ff6bff50ff2eff41ff24fee7febbfebcfeaefe8afe74fe6bfe63fe44fe3efe38fe30fe32fe15fe29fe1efe37fdfffdfdfe00fdfefdfcfe02fe01fe0efe3efe3cfe86fe7afe93fe78fe80fe8cfecafeccff05ff1cff49ff58ff79ffaaffdcfffa0008002e002d0065005e00ad00aa00e600e300f700f6011801010134014f
MIC 030976 01610169017001770174018301a501b901d3020201f7021e021602200229021101dd01e801db01e101ba01e901d701c401b30193014b01420129010000e500e100b200ae0093009d007000600045fff9ffbdffa1ff76ff5fff66ff56ff64ff33ff0eff03fef9fee6fed1feccfeb7fe85fe73fe67fe65fe2bfe40fe19fe23fe05
MIC 031040 fe08fe24fe1ffe03fdfffe11fe12fe15fe05fe44fe31fe3efe49fe64fe50fe98feb5fec5fec1fee2ff16ff3fff4bff66ff73ff63ff85ffacffb0ffe8001e00250026001000210051007b008c00b100df00fe00f201200139013601680186017801a6019301a601d901ea01fc020a021d021801eb021d020f020a01f1020201bd
MIC 031104 01e201a101af01960199016b014501340110011801100137011a012800f100c90091006e00380023ffdcffdcffd2ffd0ffb4ffcbffadff8fff55ff5bff14fedafed2fecdfed5fea5fe87fe54fe49fe2ffe43fe3cfe47fe0afe38fe21fe1afe38fe58fe38fe20fe13fdeafe04fdfcfe28fe12fe3efe39fe56fe5dfe91fe9efec4
MIC 031168 feffff18ff2bff25ff22ff3fff49ff5dff9bffb7ffb9ffe0fffe000afffc003c005a0070009a00b900c000c300f6012000f9013f016c018e019601c301b501cb01d101d501fa0202021101fc01fa01ec01cb01a201d001c101d001f601f001f201e601b101a3017a0148011b010600ff00f100d900d500d20092008000690059
MIC 031232 00310020002affe4ffb4ffa2ff6eff35ff33ff37ff26ff13ff0ffedbfecdfeaefea2feccfeadfe76fea8fe95fe86fe6efe5afe56fe48fe24fe12fe24fe24fe1dfe27fe4dfe28fe07fe3efe3dfe37fe47fe81fe6efe6dfe50fea7fe84feb8fecbff02fee5ff1eff2aff65ff59ff94ffb5ffe1000f0038007c0081007e007d009c
MIC 031296 00a600ca00f2012e016101a101b401d601c701db01b2020d01fa01d6020e021b020701ff022f020e021001e801f701c101e801de01d4018a0192019701820169015b015f014e0140013e011d010a00f800b700a80072006800290057001b0006ffefffc8ff7cff75ff71ff60ff51ff47ff17feeffee4fec5feb0fe9efebefe6e
MIC 031360 fe66fe55fe2dfe18fe23fe2efe1dfdfafe0bfe10fe0efe21fe3afe3efe3bfe4bfe45fe40fe54fe63fe80fe82fe8efe76fe96febbfec7ff03ff2aff39ff1cff50ff54ff7cff83ffb6ffd00008001a0046004d0064007c00ad00b400d800e30108013b0136015b0165017b0167017201a301eb01f00223022b022c0206021501fd
MIC 031424 021e01f70221020e01e801d501d901da01d201b301e401cd01b901c801b801a5018301690139011500fd00d800c400940096005f00580005fffaffb4ffcbff9affadff63ff57fefcfef6fec0fecafeb7fecafec1fed2fed6feb8fed8fe7dfe84fe4ffe6efe3ffe22fe0afe34fdf3fe0afdfcfe1efde9fe31fe5afea0fe86fea7
MIC 031488 fea0fe5bfe63fe48fe98fe90feaffebeff00feb3feebfed7ff1fff2aff61ff8bffcaffaaffe5ffdcfff8000a0024005d009600b900b800c900ca00e500d0010d011d015f019601c701c101e101ba01e001e6020a01fd021e0220021901f1020601fa01e001e301e401c601c601c601b001780182017f0151013d014d01450111
MIC 031552 011600e800b60075008100620064004d005d0013ffefffb3ffd2ff83ffabff8aff6fff3bff28fef0fec2fec0feadfe64fe42fe2efe1bfe0cfe2ffe47fe1cfe54fe16fe1efe1ffe18fe23fe25fe33fe3cfe12fe22fe3dfe19fe31fe68fe95fe96fec7feb6fe9afe8dfec8feb2fee1feedff2eff3aff6dff60ff97ff9dffaaffdf
MIC 031616 00260041006a009b00b500ad00c400da00ed00f70103012f0159013c01660155016a01670195019801bb01c801eb01dc01f201f201f401e001fc01e501f301f101d501e701d501d00196019601710172013e01510105010a00cc00bb0093008a0064007500620000ffe9ffabffa5ff74ff77ff5eff73ff5fff56ff2bff39ff10
MIC 031680 fed0fed1fecdfe98fea0feaafe98fe9afe94fe8cfe6afe5bfe4efe65fe29fe36fe3dfe36fe0ffe17fe00fdf8fdf6fe10fdfefdeffdecfdeefde1fe0dfe2bfe6ffea2febffec1fee5fee7fee4fefaff2fff54ff72ffc70017001b002d00530070009500aa00b600d800e9010b01340140016d01660189018101a5019d01b401a6
MIC 031744 01cf01be01cf01d401e001da01f30211022f02260204022401d601cf01d101d7018b0172017501770132014c01470132011d0113011a010700e700d300a8008100480023fff1ffe9ffccffbfff9bff75ff53ff24ff3aff28fecdfec3fecffea0fe81fe99fe8afe7efe66fe6afe50fe30fe4dfe2ffe50fe28fe34fe0bfe32fe11
MIC 031808 fe26fe20fe51fe20fe39fe21fe49fe44fe5cfe88fe90fe8cfeb3fee7fed6fed8fee8ff16ff00ff2eff51ff97ff72ffb6ffb9ffe6fff00021002a004a005e009a00a900c200d600e2010f01200157019401c301d101e001bc01b301b501a901cf01f1021b0233024c026502310222021d01ee01df01e501fb01e901e801b501a2
MIC 031872 016001510129011901340135012f011f00fe00ca00ac0083009f0088007c007b004d0003ffdbffa6ff81ff88ff61ff4dff18ff27fefffee9febdfe97fe61fe62fe2afe4efe64fe5ffe6afe55fe40fe17fe04fdd5fdf3fdeefddffddffdddfdc9fdc3fde2fdfafdf0fe4afe5ffe6dfe86fe94feb7feb3fec9fed2ff0cff29ff4f
MIC 031936 ff62ff5cff65ff7eff9effa9ffb5ffe9002d005f0075008500b500c600f100e9010800ef01160135015c01520181019401a4019e01a101a501b401b201c401ca01ca01c401b401d401d501c701e101d601cd01d001ba019501ba017901ab0170017a01390163010c010c00c2011000d500e500ba00a70074004c0023fffbffe6
MIC 032000 ffabff86ff7aff7eff47ff1dff09fed6fe92fea8fe82fea6fe63fe83fe56fe3bfe09fe07fdf8fdfdfe35fe34fe44fe02fe0dfdc9fdd2fdd3fe0bfe07fe46fe28fe3ffe34fe58fe6efe81fe96fea9fed4ff04ff12ff24ff4fff49ff77ff71ff7fff84ffd2ffddffeffff2000600140032007200ab00a700c900df00f300ce0107
MIC 032064 0124012f01490176014e014c016601600183018e019901a901b301bc01ba0205020c020501df023001fa01f001e7020101f501bf01ba0196014b0146013f013d0130011b00f600e300a800a4009600ab007b0063005b004cffe6ffe9ffb1ff7eff2aff1efefbfedffeabfeb2feaefe8ffe7afe6afe59fe4efe4cfe4afe59fe4d
MIC 032128 fe40fe0dfe11fe06fe05fe19fe05fe1ffe15fe1bfe1efdfefe19fe33fe32fe37fe64fe90fe9bfebafee1fef2fef5ff09ff1bff0dff38ff3dff97ffbaffd3ffdf0036000c0035003e008a00a900ce00a900c700d000d600dd01070126013c018101870186019501b301a001d401b101be01d301fe01d701f2020f020e01dd022b
MIC 032192 0216020601fd01f101ac01b4018b016c0152013e01470133013c010f00ea00ae00b60088007d005200640056002c003a001effc1ffa1ffa8ff3eff35ff34ff30fecdfee6feb1fe82fe5ffe88fe5afe61fe6dfe74fe34fe46fe3afe55fe39fe51fe6bfe88fe76fe6efe29fe1dfe0afe13fe3ffe5bfe82fe8ffe86fe77fe8cfeac
MIC 032256 fea2febffed2feb1feedfeeaff29ff05ff2bff8dff83ff97ffc0ffd4ffcb0008002e001b00570070007e009300db00fb01250148014c01560170017e019501cc01a301e201db020801f1020901fc022c020c022501fb01ed01d301be01ac01c101ca01aa01a301a701c6018801c401a4017801440144012d011600fe00e800d5
MIC 032320 008d008b005f0030fffdffebffc3ffa5ff73ff6bff3fff30ff26fef4fee1fea3fea1fe9afe94fe6dfe84fe55fe32fe2ffe4bfe2dfe37fe4cfe37fe30fe19fe16fe1efe30fe23fe34fe3efe48fe2cfe3cfe1dfe37fe38fe54fe6efe96feb2fec6fed4fefafef5ff19ff38ff56ff5eff85ffccfff8000d0037004100480052005a
MIC 032384 008400b900fb00fb013701470158014f017201620170018e01c401bf01af01bf01c001c801c001e501d601ec01fb01ee01da01dd01e201d601c701cb01cd01c501bf01aa01ab019001720160014e01140121010b00fa00b300cc00ab0069002f002dfffcffeefff9ffd1ffa7ff9fff85ff70ff1cff3dff0eff05fee5fef3fecc
MIC 032448 fe9bfe8dfea4fe70fe64fe53fe23fe05fe17fdf6fddffdf1fdd1fe02fe10fe24fdf7fde1fe00fdeffdecfe31fe20fe3bfe3afe49fe41fe6ffe93feb8fec9fefbff19ff34ff76ff85ffaeffceffe4ffe6001a00390063008a00a600cc00b900d000dd00e60103010e014501660164015b0172019d01bb01c401ea01c201d001cb
MIC 032512 01d801b801f901f5021a01f501f601f001f101d301f201d001c00198017f015d014f0161015c0135012200f400c900df00ad0090008b005b004100580033002d00090018ffe5ffa8ff88ff6dff55ff53ff31ff0bfedefe93feaefe78fe76fe75fe6efe1cfe3bfe03fe0cfe0dfe29fe30fe33fe3efe35fe0afe02fe1ffe0dfe28
MIC 032576 fe15fe19fe38fe3bfe46fe5dfe5bfe73fe78fe93fed6fee1ff03ff3fff3cff3dff69ff98ffa2ffaafff5000900010017002c002e005a0080008800bf00d500f30107012f012d0142015b0170015d018801b401b801da01ff01fd01e301ff01e201f20208020e0207021101e401ee01c001bb018a01a90199019201750161014f
MIC 032640 01550148011c010900f800c2009500a5006b0040000a0013fffcffc2ffa5ffb0ffadff74ff5aff44fef7fec4feaefeaafe71fe7cfe64fe56fe35fe2afe0dfe01fdf9fe00fe19fe1dfdf8fe18fe15fe05fde8fe20fe32fe47fe6afe8cfe90fe81fea2fe72fe79fe55fe78fe79fed2feb6ff02ff0aff16fefeff33ff50ff8cffac
MIC 032704 0007001f001800260017003e00450082009300d600ab010200f60132012e01570114014801420158016201bc01c801d1020e020f01ec0211022e01e301d501c001c601c001c601d9020b0201020201ca01c40195018a017f0141012d01330119010500ed00c000b20071006e0026002f001e001cffccffbcffa2ff4fff46ff4f
MIC 032768 ff4cff42ff50ff3cff10fef7fee5fec4fe82fe61fe53fe4ffe2bfe45fe42fe46fe37fe24fe0afe0efe0afe25fe30fe42fe1efe1efe0efe09fdf3fe41fe38fe3afe53fe61fe7efe84fe93fec7fee0ff21ff3aff56ff85ff8effbcffd7fff7ffe30017004b007100a4009000d100b300ba00ea00f401160134015f018901710176
MIC 032832 0181017d018701c80201022002130235023f024d024502290232022101fb0204020b01d701e101de01ba019301560145014101240112011900f700c900b900c1009900610087004c004c00170002ffc2ffc4ff5cff84ff5dff6eff3bff3cff24ff07feeffee1fed9feb9feddfe9ffea8fe5bfe89fe63fe4cfe11fe24fe03fe2e
MIC 032896 fe15fe36fe10fe12fe07fe25fe26fe25fe4dfe64fe6ffe3afe59fe55fe7cfe7cfeb6feb4fefffeeaff3dff58ff7aff75ff7bff9dffd7ffdf001b0026001900360056007a00520082006c00a200b000f700f8011e012a013701460170018001a901d001d101d901de01ff01dc01da0208020f021b021e021d0200020e02040212
MIC 032960 01e301eb01be01c001af018e0170014b010300e500d900c800c900b40098007b007c006a005d004400480000ffebffd2ffa1ff6bff49ff1ffedafeb4fecdfeb8fe9efe91fe85fe4afe27fe2efe2ffe1cfe19fe34fe17fe08fdf2fdd9fdf1fe06fe0ffe26fe37fe4bfe21fe25fe3cfe32fe58fe6bfe92fea9febffeccfef5feef
MIC 033024 ff02ff36ff4aff4cff84ff9affc2ffd0fff40025002300350050008100a800b200f7010000f100e8011d0146014f017a01b0019b01910192019f01bc01b601cc01dc01d101dc01d101bf01dc01bc01d201c801da018b01c801b601c0018f01a60194016a014e016d015d015b0145010b00f5009f0072007c006c0043004e0035
MIC 033088 0023fff0ffecffe2ffc2ff8eff94ff5aff61ff41ff45ff43ff26ff04fefbfeb5fe89fe6ffe65fe44fe23fe2efe28fe31fe22fe16fe1efe3afe21fe11fe1efe19fdf4fdf4fe00fe0cfdfcfe29fe18fe3efe3cfe54fe72fe86fe99fec6feebff2eff62ff9dffa9ffc0ffa8ffb7ffbbffd3002600630065004d008e00a500c200dc
MIC 033152 0125012f01490163016301580188018601be01b901e601ca01f501f001bb01ee01e7020201ef020a0215021b0210020901ed01c101aa01c501c001bf01bf01ca0170014a012e0105011300fb00cf00c100b00073003b0037fffeffe4ffdcffc8ff77ff62ff5bff22ff17ff0bfeddfef6fef4febcfe96fe89fe82fe5ffe6efe4e
MIC 033216 fe48fe32fe2cfdfefe12fdfefdf0fe05fe11fe09fe10fe0afe24fe45fe62fe72fe8afe95fe82fe74fe67fe7efe58febefebbff0aff29ff58ff3aff6fff6aff77ff76ffcdffd4ffddfff3003d002f0045006f0093009b00c000e100e100e0010501260148018b018d01e601d201ef01e601e101e301e401e701f202300216024f
MIC 033280 022d025a020d01f301e601e801c401e301ea01ec01dc01c201c201ac019701710140012a010a00dc00c9009e008d00730050003cfffefff4ffe3ffe9ffa8ffadff6dff53ff2cff47fef0fed3feb1fea0fe44fe4cfe44fe22fe1efe3dfe5bfe35fe14fe03fdd4fdc6fdbefdd6fdf8fe20fe27fe35fe20fe51fe3efe77fe70fe97
MIC 033344 fe94feaefeddfef5fefbff1dff33ff18ff07ff2fff59ff64ff89ffd9ffe2ffebfffb0027fff7001700330059008e00af00d400df00e300f9010601070147015c019001b101c001d501e6021d020101d4021f0237021202330259021c02330205022201e901e601ac01c3017f019301620196015f01300133013700f600ea00e4
MIC 033408 00c5008b009d007e00500056004f0009000affe6ffadff8dff6aff5dff3eff4bff21ff10fed2fed9feb2feb5fe8cfe9cfe62fe4afe41fe38fe0efe00fe0ffdd8fdd4fdd9fe14fe02fe30fe24fe26fdeefdfbfe10fe54fe5cfe37fe6dfe68fe74fe82feb7fe9afeb8feb8fedefef6ff43ff4eff6cff9eff9cffae00090007002a
MIC 033472 007a00640065007d0082007800b700eb012101380159013a015d017f019b01a601e201e20200020c01ed01e001ef01db01d901d901f201e601ea01ca01c501930181017b016a0169018c018b01920174018201350121011100ef00d200bc00c500b700810076006b006a002e00100004ffc6ffa8ff93ff98ff4bff4eff20fede
MIC 033536 fecbfeabfe80fe6ffe65fe58fe55fe5bfe41fe16fe28fe29fe27fe1afe12fe23fe03fdf1fe19fe21fe18fe36fe47fe4efe42fe3afe69fe72fe9efe87febafebafebefec7ff04feeaff06ff1fff4fff4fff8dffa1ffc7ffbbfffa0023005600460077009300d800e300f001190111013b012b0156015b017f019301a4018e01be
MIC 033600 01ae01d601b301e401cd020601de01fe01f9022301f401e501f101c301a801a901e001ad01b5017e01620109011a00eb00f200cf00bb005f0053004e0021000e0010003afffbffffffb2ff9eff64ff62ff21ff1cfef6ff0afee0fed3fea9febbfe7dfe7dfe74fe68fe5efe50fe6dfe66fe64fe63fe72fe80fe6bfe65fe7dfe63
MIC 033664 fe2cfe39fe3bfe3bfe3bfe46fe34fe40fe5efe76fe70feaafea7feb3fee1fefafeffff17ff68ff73ff7dff71ffecffc8ffe4001b005e006f0085009a00a0009700ad00e000ef0102010f013f012c012a0112017001630180019701a9018f01a701be01d1019e01ce01f001f801ff0213020e01e601de01d501b7018f01a90175
MIC 033728 0186017201630148012b00f500cf008f0080004d0025003000410029fffc000a0002ffc7ffa5ff82ff7eff40ff43ff3aff21feebfeddfebffe85fe81fe86fe70fe55fe56fe3bfe3bfe26fe25fde2fdf2fdfefde6fde6fe01fdd4fe03fde6fe33fe15fe4ffe3ffe58fe45fe66fe7efea0fe99febcfed8ff1dfefdff1cff36ff4b
MIC 033792 ff52ff69ffb0ff93ffbbffe9000afff5004c006400530052008a00b300c80100012e01290114016101380162015f01ba01c101e101f401ee01ed02230230025102390260023c02450236022901eb01c301d201b801bb01b601b40186014f01400123010300e600d500d200c000880088004e0021000b0002ffe9ffb5ff8fff7f
MIC 033856 ff62ff28ff1cff12ff11feedfee9fee6fed5fea2fe8dfe6bfe4cfe3efe51fe5dfe43fe1ffe36fe0efe02fe0afe1efe25fe29fe1efe11fe2dfe13fe2efe18fe5dfe32fe45fe37fe59fe66fe98fec7ff09feebfefaff28ff0bff34ff50ff9affaaffd1ffe2fffa00210033005c005c0084007c00a700a300ac00c90117012c0152
MIC 033920 01770189018d019801cd01dc01e701e001db01c801dd01ad01e101cc01e501cf01d701d601c1019101e201dc01b501b2017a017e016201860153015e0108013000d400f700d900d200a70095004b0056001e00380004ffc3ffb3ff75ff4bff1eff1aff05ff15fedcfeebfeb0fe8afe83fed2fe9afec0fea1febafe67fe6ffe62
MIC 033984 fe61fe51fe49fe56fe21fe35fe29fe2efe12fe33fe1dfe2ffe2cfe3cfe5afe84fe7cfea2fe9afea7fe93fe90fea5fea0fed6ff02ff2eff44ff5cff7cff79ff80ff9cffef00220069008e00af00e300e300cb01250109014f01720198019f01c401de01da01cf01dd01e70208021101db01dc01d501bd01b101ca01c601d601b5
MIC 034048 019c01b80189017c017b01770144016a016d0164012f014c0119010600ec00f300c300e200b30084005f0025fff7ffe4ffd4ff9cff60ff6cff47ff2bfefffeebfed3feadfea4fe85fe7bfe83fe80fe76fe47fe2cfe4efe3ffe56fe48fe5efe54fe4efe47fe22fe11fe0ffe1efe22fe2afe47fe21fe48fe46fe60fe7cfec1feb4
MIC 034112 febdfeccff08ff03ff29ff63ff79ff72ff91ffbaffc7fff7fff6001e000b00240030004c005e008d007f00b800bb00d200d7011101270166016e019801a901b301ca01cd01f101df01f501de01e401d101f0020301ef01e401d401ca01c501b601cd01dd01dd01d401c301cb0181017201690163014301300129011a00dd00de
MIC 034176 00bc0090004b0005ffe2ffbdffa3ffbaff95ff4fff49ff3ffefefed8fedefec1fec3feaffea5fe89fe6cfe65fe36fe44fe1cfe15fe08fdfbfdd4fddbfdc9fdcbfdbbfdb4fdd5fdf1fdd5fdeefe22fe33fe32fe4bfe94fe9afee5fef4ff25ff3fff29ff47ff72ff74ff9effb4ffe1fff6ffebfffc0028003a003d0078007f0095
MIC 034240 00a300b000c900df010d011501580157018a019301bc01b901d601da01d401da01ea01e401ec01ef01ce01ec01cd01d901d501f601e901fe01f801bd0199018101560173015d01250113010600cf00940098007d004a005000640039003a002a0043fff7ffe1ffc2ffebffaaffa2ff88ff85ff4cff1bfef3fee3fecefea3fec4
MIC 034304 fe82fe6efe29fe4dfe11fe18fe0bfe48fdedfe2efe17fe4afe25fe2afe12fe08fe09fe1afdfffdeffe18fe2bfe2ffe5efe7dfe6bfe99fea6fec2feb1fef6ff08ff30ff49ff90ff86ffbaffd9fff60014001e00590088008900a300c100e500f600ed01390129015f0165018201780185019c01a101d801ca01cd01ef020c01d7
MIC 034368 01e401f001e901eb0219021b021d021b020f01e201a3016c0177016d0178017f018b0162014d0130013b011000d500c300a40072006b0054004100180024ffceffcaff96ff9eff52ff2fff28ff0afec8fedafebbfe9afeb7fea9fe97fe59fe60fe41fe2afe23fe62fe31fe33fe1bfdf1fdcdfdddfdcefdf9fdecfdf4fe0efe1d
MIC 034432 fe39fe34fe2bfe43fe3ffe51fe90fe8cfee2fee7fef6feffff17ff05ff53ff42ff60ff8affe4ffe4ffee000a003f002b0055009100bf00d5011b012c012f0115015f015601580164019b01a801b201ac01c401b801b501b301bb01fe0200020601f0020301c901e001df01f801d20200020801fd01d601a70191017101480110
MIC 034496 012e010c010b00ef00e800a40079003c003bffeffffcffd4ffe4ffb4ff85ff55ff6cff31ff32fef5feedfeecfeb8fec4feb1fec2fe91fe96fe62fe51fe06fe28fe1bfe21fe24fe00fdf7fe04fde5fe18fe06fe11fdf8fe0afddafe14fe0efe1efe50fe57fe9ffea7feb6febefed0fee0ff0dff21ff3bff51ff5eff84ff86ffa3
MIC 034560 ffaeffb8ffeb001b004e007600a7009a00c400bb00e700ec0118011a015b01550197018a01ae018f01be01d301c001c901c201ce01c901f301ec01f001cc020e01d601e401d801c90197019a018d017d013f01570155013a015b015901320114011100e700b7008a009f005500340005ffdfffb2ff9aff5eff4aff2eff08ff00
MIC 034624 fee1fed5fea7fe87fe94fe78fe6cfe80fe86fe64fe4ffe29fe40fdeffdfdfe12fe1cfe0efe30fe0bfe1efdd8fdf2fdf7fe00fde7fe2afe58fe6dfe5dfe52fe7dfe6dfe97fea2fed0fee1fef2ff06ff54ff43ff5dff6fffa0ffb5ffd400080033003f005d00ab00a7008600c500e000d0010c014a0159014f01670158014f0167
MIC 034688 018a019001b601cc01da01ec020f020b020a0230020c021802110227021f01f8020401ec01c201af01bd018f017e015a0127011c00f900f200da00d700cd0099008e007300440039002dfff6ffd1ffcdffacffa9ff63ff51ff0fff01fec1feacfec0fec5fe97fe8efe8dfe5cfe4bfe3efe31fe13fe1efe25fe2bfe22fe24fe01
MIC 034752 fe02fdfbfe03fe1afe26fe0afe2efe17fe22fe59fe59fe55fe50fe8cfe8dfe97fec6fef9fee5ff32ff43ff58ff55ff80ff78ff87ffbbffbfffe4ffe6003d0052009600ac00db00f8010f011f013e01530169016f019c01ac019b01a701c601d601dc01c301d901c601d701dc020001e401ea01d901de019e01aa019a01b6018c
MIC 034816 01bb019c019701610153013000fe00ee00f600e900be0098009d008b006f00610048004300230017ffe3ffe2ff74ff6fff4fff4dff05ff1ffedbfed5fecafec6fe8cfe70fe78fe50fe5ffe5bfe5cfe30fe4ffdfefe10fdfffe31fdfffe18fe3afe2dfe06fe3dfe33fe16fe23fe33fe44fe4cfe71fe62fe67fe86fe9cfe90feee
MIC 034880 fef7ff19ff38ff6eff57ff71ff7effceffd4ffe60000002200380069009b00aa00d600d500fd00ff010f013d015e0164015f01a3018c019b01b201d601cb01d201d301c801e201e901d101f101da01d101c301c301a3018301940188018a018c017c0183016301550161015200fe011700fe00d400ab00970044002500080000
MIC 034944 ffbdffdeffa6ff7eff7fff54ff3eff2dff11fedafed4fea2fe77fe67fe45fe36fe1efe23fe07fdf8fdfdfe00fdedfe22fdf7fe0dfe22fe28fe16fe26fe36fe24fe26fe44fe27fe30fe55fe3cfe65fea1fe8dfe84feb1fec5fedffefaff40ff2dff6fff70ffa6ffad0009000f00330023002500400042007200aa00c800da011f
MIC 035008 010a012b01230162014b0176019401b7019101c501ab01bf01c101e101d301d401b501e101f801ef01df01c801bb01a701b30193017c016b017e014a01480140012a0104011900dc00ca009e00970067004c0046002a0022fffc000fffe5ffefffbbffbdff71ff55ff12fefafec2fecafebefec5fea6fe8cfe78fe48fe48fe3a
MIC 035072 fe49fe3ffe37fe36fe04fe05fdedfe04fdf2fe29fdfbfe13fe01fe0bfde0fe22fe2ffe54fe4afe73fe8cfe9dfec3fed0fefffef4ff23ff36ff56ff53ffa1ffafffe1fff0002f00290043002f0077007800a900b200ec00ec00fa014b014c015b01660193017601ad01a101cb01da020301da01e201f30207020702270212020a
MIC 035136 020801fc020101f801e701d101f401af01b2019d018d01830171017801360107010300f300d1009800900094004700260027001bfff3ffd3ffc4ff8bff6fff25ff3cff1cff17feebfef1fee0feb8fe8dfe92fe45fe28fe2cfe24fe35fe31fe54fe6dfe76fe86fe74fe4efe45fe47fe44fe2afe3ffe2dfe36fe17fe56fe52fe7d
MIC 035200 fe88fe85fe7cfea1fea6fea3feb7fefbff2dff3dff7dff5aff8eff89ffb6ffd3000a000e005e0065006c008800c100dd00e3010b013a0154015e01790185018a019e01ac0194019501ad01ca01b901d901e001da01d601ef01d701c001e0020201e201ea01ea01dc01c5019d01aa01940190018f01760144011a010800ee00e4
MIC 035264 00c100bb008100680067002b00260007ffc4ffa0ffb0ff85ff9fff5cff4eff08fefdfec0fea5fe6afe95fe79fe62fe4dfe22fdf6fddcfdc5fdeafddcfde4fdfafdccfdd6fdc8fdd4fdd6fdf7fe01fe1efe33fe72fe64fe52fe81fe84fe68fe91feaafec5fee6ff3aff3eff55ff67ff85ff64ff86ffb4ffceffdaffeb0019002d
MIC 035328 00420066008500a200ba00e80115014a0146015b0156015501530169019a019401cc01ae01d001b201d701cc01f301da01e401db01e801d501e001cf01d101db01b901d901c701c4018c01bb01920186015d01640105011100f500cd008700770020002cffe5fff8ffc3ffeaffa6ff77ff62ff4cff16ff32ff3aff03ff20fedf
MIC 035392 feddfebdfeaffe7dfe7efe57fe3bfe2bfe30fe1efdf8fe0bfdf7fdddfdecfe03fe08fe33fe2cfe4dfe4bfe52fe4dfe4afe5cfe49fe49fe83fe87fea1febefeccfecffefefefaff18ff28ff5cff70ffaeffbffff9ffdf001c0021007b009100b100bb00c800ee00ee00f3011a01220161016a018e01ab01ba01b501a201cf019e
MIC 035456 01a401c5020501f701e801d801df01a201a401be01da01c501bb01ca01a3019b01a4019501740157013f012800fd00d600bb00af0093007e004a0053001efffefff8ffe0ffa5ff90ff7cff6cff5dff44ff72ff4cff26fee5fecbfebffeaafe86fe92fe78fe44fe32fe27fdf9fdf2fe03fe1cfdf2fdf5fde1fdedfdcafdfafdf4
MIC 035520 fe4efe21fe2cfe29fe58fe42fe7cfe9efea7fe85feaafeb4febefeceff0cff29ff25ff35ff49ff82ff88ffbdffd6000d0006003f0045007d006700ba00b200e000fa011a0137015e0188019701af01ab01a601ab01dc01d9020601f6021801dd01f601ba020e01c101de01c801e601b701a201a901a20195016c0198016c0150
MIC 035584 0123010b00f600dd00cc00de00c100d000c2009e0086002dfff7ffe4ffceffa3ff9eff8cffb3ff8eff82ff57ff3aff03ff04fed1feddfeb8fec4fea2fe82fe59fe42fe17fddefddcfdf2fdf2fdedfe10fdfdfddefdd1fdd5fddcfdedfe27fe3afe43fe29fe43fe39fe63fe64fe8cfea4fedbfeebfedffef2feffff22ff4cff86
MIC 035648 ff8bffc1ffe100190045004a0064007a006f009600ae00c400ec00e9010100fe0106011e0145015b01a401a901c101cb01b701c001ce01e0020001f9021e022901fe021401fd01ee01e601cb01af01b701a901b501b0019a0198018001640153014901410137010000f400a1009b0052005c0032001bfffefff1ffaaff8dff86
MIC 035712 ff4cff68ff33ff36ff0fff1efed2fed7fe8afea6fe65fe61fe54fe4bfdf5fdf3fde6fddffda9fdcefde1fdbefdeafe06fe10fe13fe19fdd9fe18fe07fe15fe1cfe75fe5afe90fe98fecbfebefee6fee5ff01fef4ff03ff52ff6aff83ff92ffe2ffc4fff0002a0059006800b300c900db00ec0114011a013c014c0165017f018e
MIC 035776 01a001b501bb01b801bd01d301e201e10205021001ee020501ea01d901bb01af01bd01c501bf01c9019e019d01760167013f013a0148013f0116010f010d00c800f000dc00cd009c009b005f005e00100021ffedffe9ffcdffc2ffa7ff83ff46ff43ff26febcfea5fe7bfe7cfe6dfe73fe5dfe74fe4efe47fe2dfe57fe35fe28
MIC 035840 fe10fe2cfe05fe1dfdfcfe1dfe07fe06fe2afe11fe09fe15fe40fe09fe0ffe26fe52fe5dfe90feaefecaff1bff44ff42ff69ff73ff92ffc1ffe2fff0000e001a002a004300850077009900af00db00c200f300fc01130120012e01350150015c018601a201b001bd01a601dc01e2020b01e9020101f4020501e701fb01dc01f6
MIC 035904 01ca01cd01ca01b7017f0183018a0165016b0133013c00ee00e700ca00fd00a800b1007a006e00080033000effebffd2ffc7ff87ff88ff52ff25fefcff08fedbfea5fed3fea0fe9bfe81fe91fe65fe68fe4dfe36fe0dfe36fe0afe26fdf6fe1afddafdedfde3fdd8fde4fe01fe1ffe21fe24fe59fe4ffe4afe83fe8ffe98fec7
MIC 035968 feeefef1ff34ff55ff5aff5cff63ff8bffa4ffdd0016000c0040002a00610061008b00a700f600ee012101070117010f012301370152019501ac01c501cf01e201bd01e701c701e701da01ef01f7021601dc01d601f601f001d301f5022801eb01b201b70192015d0165017e015d0142012a012a00ce00c200af009a0073004b
MIC 036032 003b0012ffc8ffc5ff97ff79ff58ff5fff3aff22ff17ff09ff09feeffed3fec6fe92fe88fe54fe77fe6dfe5afe5bfe2cfe02fdeefdf9fddefde4fdf4fdf6fddefdeffe07fdddfe2afe40fe59fe6ffe94fe98fed2febbfef3ff02ff0ffef6ff00ff21ff2cff44ff68ff72ff7aff7dff8cffb6ffe7000b0046008d0073009200a5
MIC 036096 00d800d301010130015b0156019201a301a0019d01d601d301ab01d901f201f0020e022b0212021a020d022301fc020901ec01e501de01dd01a501c101bd0195018d018f01780169012101240135010800f200df00aa00a5006500710022ffe0ffdfffc5ff91ff8eff74ff53ff4eff18ff06fef1fee3feadfeb3feaefea5fe78
MIC 036160 fe90fe66fe44fe3cfe49fe25fe1bfe15fe04fdf3fde8fdf0fe04fe1afe1efe1afe28fe58fe3efe6ffe4bfe71fe6bfe7bfea5feb5fec5ff0aff09ff16fef3ff25ff2aff35ff5aff91ff99ffa9ffcbffda00020029006d009500c700f100f401190138012a016b01a001a501b101d501fd01ee0206022d022901f50200021101fd
MIC 036224 020001eb020201d301de01c201ce01a801ee01ba01e001bd01bb01a1017f016201500117011000db00e500cd00950074003a003e00090024ffd7ffdcffb5ffc0ff77ff76ff4fff40ff15ff10fee9fee0fed0fec5fecdfe91fe8afe69fe4efe00fe45fe0ffe3dfe25fe6afe31fe53fe3bfe3bfe23fe3efe2efe49fe5dfe56fe7d
MIC 036288 fe5afe7efe76fe91fea8fec5fecefef2fefeff33ff4dff68ff6aff72ff92ffa8ffc2ffed0013001e00350076008b008800ac00c700d500fc0132012301410175018301a201c201e101ce01c601f201dc01bc01d801e901f302070202020601fa01ed01ea01bb01d101cb01ba01d501e701b7019f01ae0168012a01170119011b
MIC 036352 00ff011f00c700a70070005e004a004e0031002d0006fff1ffc2ffb5ff85ff52ff18ff10fee6fec5febafed0fea5fe84fe68fe7dfe3cfe43fe51fe51fe2ffe43fe2cfe03fddffe04fde1fdddfe0cfe02fdf1fe1ffe22fe01fe2dfe46fe58fe72febcfeccfebefee1ff03fefaff10ff1cff3cff3aff57ff54ff8dff81ff8effb6
MIC 036416 00030023003b0079007c008d008b00c000ac00f800f0014f013e015601570182015c01a4019b01ba019401aa01e401e901e801e401fa020a01f501db01f201da01e301ae01e0019201c0017b0199016f017d0148014b012f010e00d500d900c1008a00840066007c0031003500150008ffbfffdbff9dff8bff67ff5bff28fef5
MIC 036480 ff02feebfed0febffeb0fe94fe99fe68fe62fe32fe16fe05fde1fe09fde1fdecfdebfe09fde8fddefddcfdc3fdc6fdebfdfcfe0dfe12fe44fe35fe47fe76fe57fe8ffeb0fef0fef2ff20ff39ff45ff45ff93ff88ffabffcb000fffff0021003a00590067006700a400ab00d500fa0102011a01200120013b015e0183019501c7
MIC 036544 020e0213022e023c021c0217020b022b021002150228022a020a01ee01da01d301d001b201a80193016701470145011800e500c300be00b1008a0072005600150027000b0003ffda0002ffd2ffa2ffa7ff97ff60ff44ff3dff02fee1feeefecffeb5fea5fe7dfe35fe22fe0ffdf1fe25fe1bfe39fe42fe41fe1efe24fe06fe1a
MIC 036608 fe1dfe68fe42fe34fe41fe57fe37fe60fe65fe5dfe83fe88febffecbfed4fed5ff09ff09ff42ff54ff94ff9bffcfffd9fff4fff6002d000d003700520057006c00a100a4009500e000df0109012a0152014e0185019b0191019f01af019401a001c501e201e70221022301e701f201f801ce01c901d301dc01c601b101d001ac
MIC 036672 017e019f0185017201620159012000ff00db00cc00af00950084005300310018ffdcffb4ff78ff45ff3eff11ff1fff23ff45ff36ff17fec9fecbfe8cfea2fe69fe93fe88fe79fe68fe32fe07fde7fdfafdc7fde9fdd1fdeffdb7fdd7fdd3fdf2fdf4fe32fe0ffe0dfe38fe27fe2bfe46fe75fe79fe8afea4feb3feb2feecff3a
MIC 036736 ff58ff86ff86ffa4ffb9ffc3ffec0015003a00590054006f009f00c200f90112014c01690146014a0161014d015a018601b5019001a901b001df01d30209020801f001d701d201e801e901f90213020e01b401b4019701ac019401be01a001930180016301110127011d010600e200dd009f008f004a00610029fff9ffdbffb8
MIC 036800 ff88ff64ff72ff54ff38ff34ff2bfeecfecafebbfea9fe9ffeacfeacfe8dfe54fe54fe4ffe19fe4cfe3afe36fdf1fe22fdedfdf8fdfdfe20fe05fe1cfe21fe14fe3ffe41fe21fe37fe4bfe5bfe6bfe8afed4feeaff01ff14ff15ff45ff2aff47ff72ffb8ffb1ffff001000330028003e005a006c005e00a300ca00bd00e50117
MIC 036864 013c0125015101680160017001a101950190019e01b101b901d801dd01ec01ec020c01fc020f020101fb01e001ee01fa01d201c501c101b601700182013b014200fe010200f800ed00d100c0009600810055002d00260025000bfff4ffd6ffa7ff79ff63ff44ff2cfefaff10fef1fedffecdfebffea3fe71fe4ffe49fe2bfe02
MIC 036928 fe0cfde7fdfafdb3fde1fdc7fdd6fddafe0efdf2fe07fde6fddffde8fe10fe07fe46fe4ffe7afe8dfe8afeb8feccff0fff20ff41ff4bff72ff61ffaeff9fffc8ffc3ffe5ffd0fffb00220040003e009c00be00ba00fc012d012601370190016d0198018501aa019e01e901c801f0020002130207021f020a0207020402250215
MIC 036992 01fb01fb01ed020001c701c501ae01c6015401890171017901510156010800ef00b700b90090009d0084005e004e0022ffecffbcffb7ff8fff94ff93ffb2ff79ff4aff2bff0cfebefec4fe99fe94fe5dfe5afe61fe3dfe38fe36fe3dfe11fdedfde9fe02fdfffe29fe41fe4dfe42fe4bfe43fe56fe60fe8bfeb3feaafe9afea3
MIC 037056 feb1fec7fed2fee1fefeff43ff1cff56ff4bff68ff57ff79ffaeff9affc6fff000260048006000a900ef00e800fa010c01370133013d017e0178019501a301d901de01ef02160211020b01f601f10218021e020d021e023a020c01d8020001e501d801c601ca01ae01b2019401b30198018d015c0162013a011a00fe012100cf
MIC 037120 00ca009b0086004b003b0024fffcffefffacff9eff60ff41ff19ff34fef9ff00fefafef1febcfedafe93fe83fe7bfe71fe28fe2ffe17fdfafde3fde6fde0fdb1fde1fdeefdd5fdc3fdd5fde4fe04fddcfe25fe2afe44fe60fe9afe89feaafecdfef3fef2ff06ff14ff10ff2dff53ff8affb7ffedffda000c00080051003a0084
MIC 037184 00a200c0009d00c000ca00d600cf00f10110012c015a01940171019501b001b601af01b401a601ad01bc01de01e201e301d201d801d101b601ae01b601b301a901b5019001980198019d0164015d012d011000ea010100b6009a009b007b002800230000ffd5ffb7ffbaffadff78ff7eff55ff26ff20ff26ff0dff15fef2fed2
MIC 037248 fe9bfeb1fe97fe79fe61fe8ffe8dfe73fe5cfe67fe5afe25fe25fe07fe29fdfffe25fe23fe4ffe30fe70fe67fe61fe78fed1fee4fef5fefcff14ff0aff11ff15ff50ff77ff75ff84ffa2ff9eff95ffd1ffed0009002a00420099009a00a200b600e100f201160143014d014c01750198019301b801ba01c001d201eb01df0210
MIC 037312 0208020301ea020801f001e201d601fd01ce01e601dc01cf01b501a401800168016701720162015b015c0120011a00ea00c6006d0087003c0050002400230005ffccffc7ffa7ff72ff4cff5aff49ff2cff08ff0ffed2fea5fe99fe6efe5bfe4cfe3efe2cfe35fe1dfe2afe3cfe26fe34fe28fe35fe2efe39fe4cfe4dfe40fe60
MIC 037376 fe3efe5cfe5bfe78fe4cfe65fe48fe43fe5afe98fe97feadfee0ff05ff0fff50ff60ff6cff8affa9ffcdffd8001d00210051005d009f00a400c700c201200124014101630143015c015e018b017101bd01d201cf01ab01c301aa017d01c101c801ab01dd01db01df01c601cd01e601eb01b901c801cc019e019e017b01800151
MIC 037440 0148012600e900d900c1007f00850090004f0042003c0006ffc9ffcfffc6ffb7ffa7ffa3ff73ff5fff3bff18ff00ff1cff08fee8fed6feb4fe8efe60fe73fe39fe32fe21fe2bfe13fe14fe25fe33fe0dfdf2fdf3fde8fdf7fdfcfe23fe1dfe2bfe34fe65fe3efe80fe8bfeb1fea5febffedbfeeaff0cff2aff34ff49ff80ff88
MIC 037504 ffb2ffdf0007fff9003000370056004b00a400c100ee00f0012d01120128012c01570162019f01cf01b901c501de01da01cd01f701e701ea01e001e401c801de01df01bd01b001bd01b901c201d701b20199016e0177015e01440155013d011c00f800ce00c50091008b007d00630062003bfff1ffe3ffdeff92ff89ff90ff5a
MIC 037568 ff4cff3dff3eff1efefafee3feb5fe9bfe71fe51fe74fe61fe48fe53fe59fe14fe18fdfffe00fdfbfe19fe4dfe41fe32fe44fe4afe3ffe4efe35fe5dfe5dfe7ffe86feb0fea6fecafedefef2feebff37ff64ff71ff6cff6cff88ff6cff74ff8cffd4ffed0030004f0079008f00a500bf00e000ea01040127014d015f0168019a
MIC 037632 019f01b101ae01ad01c501d001be01b301d301ab01d201c701f001c101e501fa01fc01c001ed01cd01c601950192016e01570141011600e800f100fb00a500cb00a5009e007d0099004f002cfff1fffbffadff9effa3ff91ff6aff60ff62ff2cff06fef6fee2fe91feaefe93fe78fe41fe49fe35fe41fe23fe32fe31fe2afe2e
MIC 037696 fe0afe10fdebfdeffdd0fdecfdd9fddcfde0fe15fe1dfe1ffe3bfe6afe5bfe86febdfeebff17ff3aff4bff85ff7fff95ffa3ffccffbeffcc000100050033003a0080007b009b00ac00ea00eb00fe01070148013d0154015e0180018401b601c101c401cb01ac01b301ca01bc01d0020a0215022102140211021001f0020a01e5
MIC 037760 01cc01e001b501ba01b301ab0191017b014e011400f7010a00ea00b80094009c0065003a0023001f0018ffefffd9ffb0ff6fff56ff0bfeedfee4fea2fec7fe95fe84fe64fe57fe5cfe3cfe33fe21fe27fe06fe2bfdfcfe1afe0ffe1efe00fe05fe1bfe0afe14fe03fde2fdd9fe11fe1afe20fe48fe67fe5ffeacfea5feb3feaa
MIC 037824 fee6ff04ff26ff33ff76ff86ff98ff99ffe0ffe0ffe1000a0033006a00610083007600b500ab00f601040152013e016001460190018901b201ab01aa018a01870192019d01c201ed01ed01cc01f601d301fb01e50234022a023e021c021501d601ce019201a6017c01690157014d01440125011f00e800c8006d0067003b002f
MIC 037888 000f0025ffeaffdcffa3ff78ff48ff31ff23ff05ff02fec4fe91fe86fe5dfe31fe36fe3afe44fe43fe40fe38fe20fe45fe45fe21fe47fe50fe2afe3bfe4cfe31fe23fe44fe45fe30fe42fe60fe53fe5dfea8fe9bfeadfe9efea9fe9efed0fee9ff11ff2eff47ff50ff6effd1ffdaffef0013002d0015001c004d0093009a00b9
MIC 037952 00e8010c01060142016e016c0160019b019d019d01b801d001ee020401fa01f8020001ec01d901bf01e901f601da01d301f201c201f101d801d401ca01ad019f016801350132012b0131010100d200ac007d006c00630068004a004a001b0009ffdfffb7ffb8ff8cff5cff3dff2cfefafeacfeb3feb8fea0fe84fe92fe78fe5b
MIC 038016 fe1afe30fe34fe3dfe41fe53fe22fe0dfdedfdf4fde5fdebfdf6fdf1fe1efe2ffe33fe68fe93fe64fe7bfe8efeb6febbfee5ff20ff36ff19ff53ff23ff30ff46ff90ffc1ffdbffff001a0028002d0067005b008900a100c700d600fe011f0148013101680182017c01a401bd01b201b201b501bf01b601cf01eb01e301f80210
MIC 038080 021701f101dd01e401cd01c701da01d201ac0186018501690166015c01570151012e0133011b011100eb00cc00bb00960075005f003800200018ffbaffabff91ff8bff4bff65ff33ff32fef7fefefec6feb4fe97fe65fe6ffe34fe3bfe30fe26fdf5fe19fdeffddbfdcffdf5fdeefe03fe18fe2dfe2cfe1ffe26fe08fe48fe1e
MIC 038144 fe53fe67fe70fe87fe91fe92feb1fedbfef9ff2bff5fff9cffa7ffceffd5ffd5ffc0fff5fff900350061009500a600c700aa00c100bf00c901160129015c015c01ab01b301b901b701e201da01f10202021502050201021a01ff020701e7020c01d9020b01d801fd01cd01e201cc01ea01cd01bc019401840169014200e800de
MIC 038208 00c0009300890080005a0033004e0014ffeeffc1ffc8ff97ff50ff58ff66ff2bff2bff24ff12fee3fec6fec7fea3fea2fe81fe70fe43fe50fe15fe2dfe1dfe18fdf8fe0cfe2dfe34fe0efe25fe4ffe41fe39fe67fe87fe51fe74fe86fe52fe56fe79fea0feb8fec8fedfff11ff2fff3aff56ff96ffa2ffb5ffd70038002e003b
MIC 038272 006500790089009c00b100d000b7010e014d0170016f018e0191019901ad01b501de01fd021f02080209020101dc01f801e101e301e00216020001f201b501c30198019e015b016a017901780144016d016c01380118011200cc009a00a30090007c003a00540000ffdeffb4ff9eff8bff77ff5dff59ff30ff41ff2aff21ff28
MIC 038336 ff05fef0fefafef0fec0feabfe90fe60fe42fe20fe16fe0afe0ffe09fe1bfe09fe19fdfcfe00fe0cfe22fe27fe53fe42fe4dfe43fe85fe6efe84fe8cfeb5fedafed8ff00ff0eff24ff0cff4dff54ff70ff61ffc5ffa1ffb7ffd4fffefffa002f0049008000a100d300ff011701450146015d01610180019301dd01b201e401cd
MIC 038400 01df01de01f8020a022d0238020d021b01ed01f201c501c801a201a3018001a1016e0180014e01530130010c010100f700ea00ec00c400cd00c400840077004f0069001bfffeffe7ffc3ff77ff77ff76ff46ff33ff16ff0cfeebfec0feaefe93fea5fe9cfe86fe8cfe73fe5efe72fe62fe24fe08fdf0fdc9fdbafdcafdfbfde8
MIC 038464 fdfefdfdfdfffe08fe07fdfcfe20fe42fe56fe7bfe8bfea3febbff05ff3fff58ff2aff5bff5bff66ff62ffb1ffcbffb3fffc002c003a0068008c00a600ae009600c800e5011d0125017401b301a0019d01a701b101ba01de01ce01ef01f801f101e1022a021602250216021f01ed01e3020601ff01ea01fe021001c501b501b0
MIC 038528 0194015601610145012e0104010000e600e500a6009100a7007b006b00290029ffe2ffe2ffa4ff90ff73ff8cff27ff39ff27fefefed5fee8fe8afe88fe7cfe85fe49fe31fe26fe1dfdfffdfffe24fdf0fdf1fdeffdfbfde9fdf5fdf2fe10fde4fdeefdedfe0afe08fe28fe36fe61fe63fe84feb4feccfeedff26ff28ff25ff4e
MIC 038592 ff42ff4dff56ff72ff9bffb6ffd2ffd5fff90026003d004400770098008b00ad00eb010b011901510186019d01a001cd01c601db01f6021201ec0211020e020a01f3021f022d02030208021801e901dc01ea01dd01ce01b501d401a00178016701680142014d0128011500e600e900a800860053006c00190005ffe1ffb0ff8b
MIC 038656 ff79ff58ff34ff3dff39ff27ff03ff15fec4febcfea0fea4fe6dfe60fe61fe54fe1dfe0cfe0afdd4fddefddcfddbfdd3fdf6fddefe06fe05fe0dfdfefe25fe27fe23fe0ffe45fe51fe5ffe89fea5fe9dfec1fecbff06ff02ff3aff4cff8bffa7fff0fff700280019002f00570081008500ae00cc00d800e10104012001240119
MIC 038720 01680187019a018f01a701be01c001ba01c101e801db01ed020501ea01fb020d021102230223022e0211021201ff01cc01b101aa01960171016f013101340105011a00eb00b700a4008500370012000affdbffbeffb0ffb9ff83ff61ff69ff4dff17ff39ff14fef6feccfea2fe77fe73fe73fe56fe65fe73fe44fdfafe16fe17
MIC 038784 fde8fdecfdf7fdd7fddbfdcefdeffe04fe13fe12fe29fe33fe1efe23fe3dfe4cfe68fe79fea2fe9cfea5feaefee3ff06ff32ff3dff58ff5aff80ffaf0006fffa002b0041005e0042005c008800a200af00f600f30108012d015f01720168016901560184016c01bc01c401f801f7021c020101ee01e401fe01e501fb01ed01d4
MIC 038848 01e501bb019e0197019901810184019201740167015a011a010b010e00ed00b700d300ce00bc00aa009a005e00400009fff1ffbbffa1ff8eff63ff33ff23fefefef8fec3fec2feaefea7fe7ffe8cfe6bfe6afe36fe58fe22fe07fe12fe1cfe1afe27fe05fdedfdfcfe08fe25fe20fe6ffe4ffe73fe59fe8ffe69fe86fe90fe92
MIC 038912 fe89fea6fec3fee4fef6ff18ff14ff28ff53ff51ff90ffc1fff0fffe001f002c0056007c009d00be00d100ef00eb011d011801370149015e014b0184017c0191019a01cf01b901b801d501e501c201d301fb020601e701e5020101d401b901ad01d001a4019d017f016d014301110102010600fd00e900d600d800b5008500af
MIC 038976 00830078005d00520005ffeeffc8ffbfff91ff74ff6aff1aff0bfee8febbfebefebffe90fe79fe5cfe4bfe47fe38fe58fe4afe2bfe3ffe0afe33fe25fe32fe2bfe37fe39fe4afe60fe58fe52fe6efe92fe94fe99fea9fe9ffe93fee0fee4fee6fedaff2cff3eff35ff78ffaaffb9ffc2ffe600100011001e0063009f00cb00f0
MIC 039040 00f300fb010b011a012c01590145015501610178015601620176019201a201b101b201c201e601cd01e801e701f201cd01ea01f401e501f901e201bc01ae01b7019c01ad0190017a01390125011f011400e900ee00c000d900a800810050003a000cfff1ffe0ffedffbbff9bff85ff91ff55ff3cff15fefdfefffec0fed2fea5
MIC 039104 fe8ffe79fe61fe52fe3cfe1ffe08fdfefe01fdf1fdf2fe2bfe12fe16fe39fe2bfdebfdf7fe02fe17fe05fe63fe64fe89fe7efeb0fe8ffeaefeabfee4ff06ff1cff43ff69ff82ffa5ffc6ffc600160034005f0069009000ab009e00aa00e800ed01010148017e016a015f01750182016f019601c701cd021a0216023a021d0217
MIC 039168 0207021502040212023c0235023f023e0241022001fc01eb01a0018e01730179015f014100fb00fb00ec00e200b9009f0094005b003d0020fff1ffdcffccffb5ffb9ffa3ff70ff50ff49ff1bff14feeffed8fea4fec1fe8ffe86fe46fe33fe18fe0dfdeefde4fe03fdebfdfbfe11fe08fdf8fe0dfe0dfdfafe16fe37fe3efe39
MIC 039232 fe6cfe54fe69fe86fe9bfea9fec8fed3feeffed6fefaff11ff3eff6dff85ff94ffa6ffbeffec00020004003f003e004d006400ad00cf011b011b0165013601490138016301660160016d01a0018b018f01a601bc01b801cd01d101d301d301be01ce01db01eb01d6020801f101d501ea020e01d201cd01be0191016001120117
MIC 039296 00d900e900cc00c900a8008d004d005a003700400026001bfff3ffdcff9fff84ff62ff30ff0bfeeffed2febcfe9bfea8fea6fe88fe87fe6afe4cfe2efe12fe23fe25fe29fe25fe0dfdeafdd2fde4fdd0fdcefde5fe04fdedfe00fe12fe0efe2cfe5cfe5ffe94fea8fed7fedbff26ff32ff23ff1aff2dff17ff53ff81ffa4ffbd
MIC 039360 ffd0ffe5fff10034003c009a00b700db00d2010501310125012f0173016801a3019d01b2018d01bf01d501c301d501e501e301e801f301f601f201dd020001f302050202020f01f401e401bd01940150015d013a01200112013000ef00de00d700af0090007200480040000c0004ffcfffc9ffbcffa2ff86ff9bff58ff55ff33
MIC 039424 ff0afefafed0fee1fed7feb3fe74fe73fe54fe42fe23fe37fe09fdfdfde6fe13fdd5fe12fe04fe25fe3bfe2bfe18fe32fe25fe36fe59fe5afe7dfe62fea7fe7afebcfe97fecafeadfedffebeff09fef9ff23ff42ff5dff77ff89ffd0ffd70020002a003a0052008d009500af00c900ef010e01490151017d016c0197018f0198
MIC 039488 01a101d001f602160226022c021701f201fb01f001bc01d201ce01b401c301a1019c01900194019b017e019f01a20187017c017e0123010a00f000c30082006700840030fff6fff0ffc6ff79ff88ff91ff73ff66ff6bff67ff38ff3cff4bff06fee1fee3fec1fec4fea8feb4fe95fe78fe26fe21fde7fde5fde0fe0dfdc5fdf1
MIC 039552 fde9fdf9fdf7fe17fe15fe12fe38fe39fe40fe3ffe6cfe6afe66fe7cfe8cfe97fea6fea8fecefed5fedbff01ff21ff39ff5aff74ffa8ffd8001e005d0081009800c200e7011c010901170120012f0124016a016a0188019001a701a401cb01d301e901ca01fc01fc01ee021d01fc021401e9020a01c501f201a401e401a201cd
MIC 039616 01ad01bd0187019e018101690131014a015101290131010100e300c300960040003f00300009ffddffdcffa7ff74ff3bff33ff23fefdfeebfeecfed6fe88fe7ffe78fe65fe3efe51fe4bfe2efdfbfe14fdf6fe0bfde5fdebfe08fdeefdf7fe02fe02fde2fe19fe16fe42fe3cfe56fe90fea2fec4fedcfecafec1fed3fecefef8
MIC 039680 ff02ff45ff54ff77ff86ff94ffa7ffc9ffe40002003e003c0063009500b000da0108010701230112013b0151016c0174019901a601d901cd01d401e4021202090206021501f701f301fd0224020a02130218021d01d001cd01ab01a5016d01920167014c013a012f00f000f4010d010700ea00ee00c800a300a6007f00630035
MIC 039744 0010ffe2ff93ff6dff6eff3dff0efef0fedcfeb0fe9bfe92fea0fe6efeadfe82fe74fe4dfe5efe2bfe37fe29fe30fe0afe17fdedfdddfdd6fe09fdc4fdf3fdecfdf9fe15fe20fe5bfe49fe52fe5ffe6cfe50fe7dfea4fee1fee1ff26ff40ff42ff4eff7dff8dffa7ffd3ffd1ffdafffe00080039005100760086008e00dc00c3
MIC 039808 00f7011d013301350183015f01a7019401c801c201e201be01d601cf01e601b701cb01f901d301d401cb01d601b1019c01a801c401bf01ca01d401bf01810163013c0121010b00fa011d00ff00eb00bf009a00640037001dfffeffc0ffacff89ff50ff1eff14fef1fee1feddfec1feb3fe93fe72fe4bfe38fe29fe24fe23fe29
MIC 039872 fe2bfe15fe23fe2dfe1bfe14fdf4fdfefdedfdeafe22fe36fe22fe3dfe25fdfefe13fe24fe1efe59fe5bfe76fe8dfe9dfeb2febffef3fefffefdff30ff5dff71ff91ffd1ffee0017001d002a0043004c008600a400ce00f200e900ee011d01350152016b019801a2018701a101b601b001d801f401f401fa020b01f801e601de
MIC 039936 01d901ce01c401bd01c401af01c401a801d101ad0192015f0181013c014f013e012000ff00d500c5009c008b004a0057002d003d0005fffdffbcffc0ff86ff8aff4bff5cff1ffef6fedbfeb4fe73fe73fe5cfe30fe3bfe29fe32fe16fe0ffe03fe0bfdcbfdedfde4fe08fdf0fe47fe3cfe3ffe37fe8afe39fe57fe6efe79fe8b
MIC 040000 fe9efeb0fea0fec5fec5fec8fee1ff3fff54ff6eff7fffa5ff9effb1ffe30014000b00490083009d00a200d200d300e40101012201490161019001c101a601db01cd01ed01dc02020221021a023c0232021e021c024a020e020f0202020101d801f801dc01d5019a01a9016c01770148012e00ff011100d600ee00d400bf008e
MIC 040064 009f0091009700720075005c002d0012000dfffcffb7ffc7ffb3ff87ff48ff57ff13fecefeb4fe88fea5fe95fe7bfe59fe5ffe2dfe2afe16fe1afdf1fdf4fe19fe21fe0efe24fe38fe29fe08fe0bfe25fe1bfe28fe55fe5dfe58fe7cfe6afe70fe7cfea7fec7fedbff11ff2eff50ff76ffaeffacffcaffea001600080030003d
MIC 040128 0072006e009200b000d300dc0105010d0112012a0142015a0172019901ac01b801bd01bc01b701c601b501c501c901db01ff021201fe01fc020e01e701e701ee020401e1020001e401d9018a019201400142014e01530117010c00d900ab005f00560036fff8fffaffe4ffdeffb6ff91ff81ff47ff05ff02feccfea8fea1feb1
MIC 040192 fe86fe7bfe82fe60fe42fe35fe1ffe16fe12fe02fddcfdc3fe00fdcffde7fde0fe03fdf5fdfcfe16fe22fe3efe4bfe5afe6afe54fe80fe9efec6fee2feedff15ff18ff09ff3dff38ff7cff68ffd8ffcc0000fff7004800280058008c00a300ab00f600fd0101010501310144013f017d0177019101a701a701a101e501e101c2
MIC 040256 01cd01f501e8020b01fc022801de01e301ee01d601ec01da01d801de01ae01690170018b01590155014c014e011f00fb00df00ba008d00800058003000290013fff7ffcfffb4ff6dff41ff3dff2ffefbff1fff14fef5fed2fedbfe9ffe87fe96fe7ffe86fe70fe68fe42fe3dfe2efe2cfe37fe38fe25fe54fe4bfe3bfe1ffe49
MIC 040320 fe32fe56fe5bfe74fe88fe90fe8ffe9cfe8ffe83fe84fea7fec8fec2fee0ff21ff09ff1bff6cff57ff5cff8bffb8ffb8fffd003a005600560093007d006400b600b300d2010a013e01470167017b018f019201b001cd01ca01ee01ec01d701d901e201cb021201e0021602080226022e022901f3020601d201bd01b1019b018c
MIC 040384 0177016f0148010f00f300de00b400a7008e007b003a00030006fffdffddffcdffd7ff90ff73ff62ff5fff1cfefffeeefed9fea9feaefebffebcfe9ffe97fe7dfe44fe26fe3efe0cfe38fe46fe3dfe45fe32fe28fdeffde9fddafdeafde8fe11fe02fe0cfe15fe33fe41fe33fe45fe66fe94fe9cfed8fed8fef9fef3ff10ff25
MIC 040448 ff2fff54ff8dffcaffe10015003a004e0047007a00ae00d600d8010e013001230132013d014a013b0182019001cb01d001e201e3020501f301dd01ee021e01fa0208021701fe01d601cb01c501a901b601a901a6019401780148014e01310144013f016d0123013200fd00f600ba00c20097008300610037fffdffc8ffa8ff6d
MIC 040512 ff80ff1dff05fefefeecfec1fed4fe9ffeaafe91fe8efe65fe74fe5ffe43fe4efe53fe1cfdf3fe40fe07fdf2fdf6fe07fdeafe0afe12fe2dfdf9fe1efe0dfe19fe08fe3cfe39fe95fe93fe9cfebbfee3fedafee7ff15ff57ff6aff86ffcfffc8ffeaffe3001400490043005300b500b600b200e100fa01120120014e015f0181
MIC 040576 0171017b017701a9018901b5020201ff01e30225020e01e801fa01f901dc01e401df01d401c301bc01a4019001a101980175017201750151013e0131010b00e400ad00b100b900880084007c005000210018ffd8ffbfff8bff85ff6eff42ff39ff19ff01fed9fec5fec1feb0fe6efe9dfe9dfe74fe64fe52fe39fe28fdfbfdfd
MIC 040640 fe0bfe04fe18fe0efe1dfe00fdf8fdebfe01fdeafe2cfe3afe5afe42fe39fe57fe78fe50fe93febafee7feecff27ff42ff59ff54ff71ff9cffa0ffe600010076003d006600680095006f00e6010b012e014c017d018c0185018801b201ba01df020201ea021d01fc020101d801f901c401de01bc01e101d301f901df01dd01df
MIC 040704 01a901a801ac0191019b01af017c01780152013d00f600f100be00b7008e00c80070008100500021fff50005ffbfffa7ff9effa6ff7cff3dff37ff0ffeccfedcfebbfe96fe85fe8ffe92fe7dfe69fe62fe3ffe33fe33fe24fe2cfe2dfe35fe3afe3afe32fe2dfe15fe3cfe23fe20fe18fe42fe3cfe6afe56fe7dfe7afe84fea0
MIC 040768 fedbfeedff0cff37ff5aff3bff5aff87ff83ffb1ffb10007000200260035006c005f009f00af00e700f10103011b013501590167019e01c701fc01e00222020902030212021f0215022f024302320212021701f201d401c501c901c001b201ae01870175016c0160014101400134011a011b012a00e9009b009e0086007b0065
MIC 040832 0073007000350002ffd2ff8dff86ff3eff4aff3fff39ff19ff16ff1ffee0feccfeb3fea4fe51fe4efe4ffe57fe4dfe53fe4afe28fde5fe05fdf0fdd7fddcfdfdfde8fdeafde1fde0fdfdfe13fe17fe30fe5dfe2efe2cfe42fe77fe76feacfed6fee8fee1ff10ff3aff35ff5eff91ffa8ffb2ffe7001c0039003f007e00680082
MIC 040896 00a100cc00d7010f0135014e01610177017b01a301d101fd01ee01fc021301f601df01c101e701cd01a201dc01e301d801db01f001e701ef020401fa01c201b9019a016a0174015a010d00eb00ef00bc00b80082008e0059004f00320020ffeefffbffdaffc5ffb0ff83ff77ff53ff53ff12ff14fef5fee8fea5fecbfe8bfe9b
MIC 040960 fe8cfea0fe71fe77fe3efe44fdf1fdfafdfcfe0efdfafe20fe27fe12fe17fe33fe34fe2efe4bfe65fe64fe6afe8afe86fe93fe98feb1fedffef2ff0cff06ff2cff2aff37ff3bff5fff72ff88ffd90001001300160051004b007600a000e100d90119011d0145015c019b017b01ae01d501ea01f20219020c020d021a0212022a
MIC 041024 020c023b0208021b01fb022e01e5021701ee01e801bb01b9019901800151013a01220107010e00dd010500e900d400960078004a0052002f0028fffcffe8ffc4ff93ff6eff60ff33ff2fff38ff21fefafee4fec8fe8afe75fe4ffe58fe30fe39fe25fe3afe4efe3dfe25fe0bfe10fdf3fdfcfe03fe13fe0bfe2cfe37fe37fe1a
MIC 041088 fe3dfe4afe31fe68fe84fe8ffe91feb4feb8feeeff0aff3aff39ff34ff7dff7eff80ff9fffc6ffc2fffc0009003c0044006d008900b300be011900ed013f0174018a01c001f5021301f501e9020301f901f701f902170221020c01f60209021201e301fa01f201e101d701e601de01d201bf01e101b801a201870151016f0142
MIC 041152 012000ed00dd008e007f00650048001b00390019ffe1ffa5ff93ff5eff46ff3dff26ff2bff1bfeebfee3fec2fec2fe93fe9ffe7bfe81fe50fe71fe31fe42fe05fe37fde7fe03fe05fe2ffe3efe67fe50fe30fe3bfe1cfe2cfe29fe6cfe5cfe85fe6ffe90fe51fe9efe97fed3feb8ff04ff26ff63ff69ffa5ff94ffc1ffd7ffe4
MIC 041216 fff1000d0046005c0072007e00b2009e00ca00c20113011a013a01430177017001c001bd01de01fa0222020f0234021202150219021e023e021a02170221021701d001e801b501ad01680171016e01390145014b013000d000d800c400940066008b007d0073005a0042001c001affe0ffe6ffcbffccffa2ff92ff9bff62ff30
MIC 041280 ff19feeafeb7fe9dfe84fe9cfe7cfe78fe64fe5ffe58fe54fe54fe3efe43fe3afe0bfe0cfe0afe02fe13fe31fe13fe1bfe47fe40fe2ffe3ffe56fe57fe57fe71fe8efeb2febdfedbfee7fee3fef1ff30ff50ff40ff94ffa1ff9fffc3ffeb001600360072009500b500bf00f801260138014f015101580153015d0195019a01ba
MIC 041344 01d101df01d801c801e801eb01fc01f2020301ec01fe01f201fa01f10218020301ee01dd01d501a601a10176014f0130010e00ec00da00db00bc00c500a000b4006e007500250020ffee0004ffd4ffbeff78ff80ff50ff23ff06ff03fed0febffeabfe83fe5cfe44fe47fe27fe30fe49fe65fe4afe67fe3dfe42fe0afe18fe19
MIC 041408 fe17fe13fe3afe3afe42fe34fe30fe2ffe25fe3cfe46fe75fe75fea1fe9cfed5fed8ff0aff10ff42ff51ff73ff60ff9cff99ffacffda0006002a001f004a0066007d009400d100e200ec00f8011701270127013a016a0184018b01b501db01e901e3020a02270232023502430252024602480228023f0220021301d001f301a7
MIC 041472 01a70196019c0161016e01350128010100e200d500b500a00054004c0036002500110006ffc8ffa6ff6cff4aff13ff24ff02ff22fef8feedfebdfec2fe99fe72fe7cfe7efe54fe3ffe50fe2dfe5cfe40fe4efe12fe0afdf3fe04fdf7fe17fe13fe30fe3cfe1ffe2dfe3cfe3dfe39fe54fe79fea2feaffef0ff26ff17ff32ff46
MIC 041536 ff67ff3cff58ff92ffa2ffcbfff3001d0041006f0055009100b700b900c7011501010131012b0157013301450160016f017901a601b4020301ef01ec01ff02140200020b0224021c01ee01dd01e801c001ba019a01a301760193016701a60187017f0158013c013000d800cb00d300da00a000a2005e005d00160021ffe9ffde
MIC 041600 ffa4ff8eff5aff38ff05fee0fec0fec3fec0feb3feb6fea6fe95fe8afe91fe78fe6efe2ffe3cfe34fe35fe1efe0bfdf7fdeefdd2fdeefdfffe0dfdf0fe0afe01fe07fe11fe50fe70fe77feb0feebfed7ff21ff1eff3aff37ff6fff7eff83ff84ffa4ffa6ffe2fffe000e000a002b0026003a0059008900da00ed00fe01080146
MIC 041664 010a012d0127016201550177017f01b8019e01bd01cd01dd01be01d601db01f801de01f901e101d801db01db01dc01ec01d601b201cc018701670173014f0140013c013b0115010600e900be008b005c002ffff3ffcdffacffa4ffa5ff77ff4cff53ff14fefdfee4fee3feccfec9febdfe92fe81fe55fe2bfe17fe10fddefdfa
MIC 041728 fde8fdd9fdc2fdc5fdaafdbefdabfdc6fdc1fde7fdcbfddffdfafe17fdf7fe29fe57fe60fe97feadfedefee0feebff22ff3aff29ff6aff8effc5ffc7fff3fffa001300210043004f008c00b700d900ed00fa0111010a012d0114013c013b016c01470179017601ab01a101c901c101d601c101eb01cb01b901e401d601e601e5
MIC 041792 01e701e101d701d501ca01a801a501800145015001580127012001290116010b0108010800ec00cb00b50099008a0060003e0013000effbfff98ff6aff69ff25ff08fed6feaefe9bfe94fe99fe8ffe90fe7afe85fe6afe56fe09fe13fdeffdd1fddbfe00fdf3fde2fdf4fde4fdd2fde1fdf6fdf7fdf3fe3ffe5efe58fe64fe7f
MIC 041856 fe97feb8fedfff0cff15ff22ff29ff22ff4dff69ff6aff85ff92ffa5ffd0ffd0ffe8fffdfffd002600340046007e00b500f9011e0147016a01520134016d015d017c018d01d901e001f801e702380236025602690285028d02650257025c025b02400228020301e401b001b5018d016b0142013b0124013500fc00f700d800cb
MIC 041920 0084006a004a00120010fff40001ffb6ffb3ff6eff50fef6ff01fef4ff04feb2fed5fee1fee8febffecefebdfe8afe6ffe5ffe40fe17fe1afe10fe3efe14fe40fe16fe11fdf9fe09fe16fe3efe34fe43fe49fe50fe4efe54fe8dfe9ffec8fefdff2fff10ff2bff55ff73ff7bff9bffadffe6ffe7000b0007004300540042006c
MIC 041984 007b0097009900d600ea01120115014b0147015c017e01a901a801b701a5018d018e018101a0018101b901c501cb01ba01cb01af01b201a9019a01a701a701a701ab01c401a101940186017e01480134012b0121010900e800e400be0097007b006f0055004f002ffff3ffaaff80ff35ff04fee3fed0fe9cfeb0feacfe83fe8e
MIC 042048 fe74fe70fe51fe3afe4dfe4efe36fe3bfe36fe29fe12fdeafdfefdebfe07fde4fe0afe06fe17fdf6fe46fe3bfe55fe69feabfe94fe92fe84feb9feddfedcff12ff2eff4aff52ff9aff9fffcfffb9fff0ffe9002c003f00560062009a007d00ce00d200f1010801420159017a0197019701900175018701640184016d019f01a6
MIC 042112 01df01d602180211020401f7021f020b0206020501f101d001cc01a5017801580150014c01540142012d0136011e00fa00d700c5009700710041002b0000ffc3ffb6ff98ff7fff64ff66ff72ff6cff5aff1aff23ff04feb3fe9ffe93fe76fe57fe55fe4dfe16fe16fe23fdf7fe07fdd7fdeafdfafe0bfde0fdf4fddafdfafdce
MIC 042176 fe15fe05fe32fe40fe6cfe58fe63fe73fe93feaefeb4ff0cff38ff56ff73ffb5ffa8ffacffce0011fffe00580081009a00a600e300e900e900ef011d0115012601620170016d0186018f0177019001a201e401c601f001d701e601b601ea01d601d901ad01d401c1018a01aa01d601a501b301cd01b201a9018b018c016c0173
MIC 042240 0175014b0133011e010400fc0116011000f100ba008b00600016fffaffe4ffb3ff94ff6cff5bff5eff08ff01fefcfee9feb6fe9cfea2fe5ffe08fe1cfdf6fdbafdb2fdd4fda4fdc4fdc8fdf5fdc6fdcdfe07fdd0fdcefdfafe3bfe39fe53fe4cfe78fe57fe6bfe65fe90fec4fecbfeadfecafed1fee5ff1aff31ff6affa8ffa9
MIC 042304 ffa3ffc2ffe7ffe60016005600360048006a0083007e00cb00e80100010d0141014d017e01b501d601bf01b001ce01ea0205021502560259024d0237022f021902240205020b01e301e701a001a7019d017d0176018c017d01530134013701210156011d011e00ea00d200a900980071002e00200001ffd7ffacffdcffbcffac
MIC 042368 ff8bff80ff35ff10fec9fec4fe87fe93fe83fe6ffe59fe35fe2dfe35fe09fddcfdcffda8fd8afd9bfdaffdd7fe04fe1cfdf1fdfbfdfcfde7fdf3fe25fe40fe1ffe36fe3efe5bfe81fe9afeb6febbfee0fef0ff17ff3eff5dff9bffcbfff40017005d007d00b000dd00ff00e000da00ee00f3010d0146016e018d017301890188
MIC 042432 019101a501b701c301c201e301e301f601ef01f901e401e201ca01bc01b101d1018d01a701a5018201690154017f015f0169013a014c00fc010500d500d500b500a0008c00ab006f00670047006f002a0019ffddffecffc9ffa6ffa5ff74ff58ff21ff29ff08fed6feb4feaefe77fe61fe28fe1ffdfffdddfdbdfdd7fddafd9e
MIC 042496 fdc2fdc2fdc2fdbdfddefde2fde0fe02fe39fe4efe67fe81feb0febcfebafebffed2fef3fefdff22ff44ff6cff82ffa4ffcbffd4ffd7fff300150010003e0066009200a300b700da00f301050135013401640145014c014601580146016a0185018c0187018b019801ad01c501c701e101f101e701dc01fb01d9019c01a00179
MIC 042560 0151015e01860199017f018201950168015901290148011800fc010d010800b6009600800050003f0036ffefffe3ff9aff69ff2aff13fed6fea9fe87fe93fe68fe64fe1efe2ffe1cfe19fe08fe42fdf0fde7fe09fdeafd9afdd2fddffdbbfdcbfdf0fe0cfdfcfe1afe1dfe4cfe4dfe89feabfed9feeeff0eff07ff0eff01feff
MIC 042624 feecff14ff2eff34ff5fff81ff91ffb700070006003b00440094009500bf00c700e100a600c800de010c00e800f3010c0126010c0135015b014b0191019301a601a301b801a501b8019b01bc01bd01e201f101ff021b020301e501d601bc01c001bf0199018e017f0145011e011d011100ff00ea00f900b10088005f0042001b
MIC 042688 0014ffe8ffccffb5ff6dff6aff57ff27ff0dfedcfeb4fe86fe7cfe70fe5afe6efe5ffe3dfe53fe41fe0efe07fdfefdd5fdd2fde2fdcbfdbdfdc2fdd8fdc5fdd3fdd6fe00fdf2fe16fe40fe7bfe6ffe92fe98fe9cfe9dfec2feebfeffff37ff47ff4cff60ff9cff92ffb9ffe4fff70014003600720069006c0088009e007a00c2
MIC 042752 00c400f800f8012401230124011f014f016c018801b201da01f401fc020201f001f2020002420225026e027602610248024e022c020501dd01c6017c019d018d0171014b014b011500f000e100c500d800b000cd008f0074000e0029ffe0ffe7ff9cffccff9dffabff7aff6dff5eff42ff04fee0fed5fe8dfe76fe50fe4afe04
MIC 042816 fe29fe11fe09fdd9fde6fdc9fdd8fdaafdbdfdf6fe1cfe0dfe2afe37fe25fe30fe35fe59fe49fe6dfe7dfe7dfe85fea9feb5fef1fefaff19ff22ff39ff0dff34ff5cff88ff77ffbdffedffd5ffec005000810094009e00bb00be00d800e901020110014a0152016b019101b201b701d901cc01e301d201e501ec01f802200235
MIC 042880 022b020a01e901e201ea01c001d901b5019d01780180016b016801730166014f0131011800e600f100d200cf00b000b4006c005900250036ffd8ffd2ffabff90ff5cff3cff1bfef5feccfecffec5fe84fe69fe5ffe5efe46fe4afe2ffe50fe3cfe50fe30fe3cfe16fe0bfe0dfe18fe06fe2dfe33fe36fe4dfe60fe69fe7bfe6c
MIC 042944 fe77fe8bfea9fec8febefef3fefbff0cff15ff08ff27ff2eff3fff5cff80ff6affbeffbdffdafffb00410065008000aa00ae00c800c600f800ef011400e701480169018e016a01d901bd01c501cc020d021502270245025c02390230022801fe020d01f2020a0200020d01e001db01b301b9018b0194017c01680137012300fa
MIC 043008 00ea00d300a800a00080008000460024ffe0ffd7ffc7ffb4ff92ff87ff5bff69ff38fef1fed3fec6feaefe97fe9afea1fe9bfe76fe90fe4efe5cfe4afe5efe39fe54fe67fe5bfe2bfe27fe2efe0dfdebfe14fe24fe48fe2efe61fe57fe2efe46fe80fe6dfeacfec6ff11ff08ff4fff56ff73ff76ff9fffa1ffcf000a00150032
MIC 043072 00730081006a007c009200b800b100f30119013801680192018c018f017c01af01b301bc01e701f6020a01b901eb01f801f701e8021b022e02190225020c01f401ec01bf019b019901a40185017301690129012e0113011500f200f200ef00f500b200aa00a9006e0058001f0022fff9ffceffb4ff84ff3eff1bfee0fee3fe9f
MIC 043136 fe82fe76fe6dfe4bfe4cfe44fe0dfe16fdf6fe00fdedfe22fe19fe33fe32fe50fe04fdf8fdddfdc2fdbdfdf0fe08fe09fe07fe30fe40fe3dfe43fe78fe9efea4fed9ff01fef5ff04ff37ff39ff6cff8affc3ffdf000e0005000d000a001100120035004f0061009e00ab00cd00bf011801130147014c018701ae01c401d401e0
MIC 043200 01e201e301f501f101ef01fc022201e701f8020201e801b801c501bf01b801af01940185015a014601380133012c012401260129010400ff00d000ae00a3008d005b00130040000effeaffb4ffb3ff63ff4aff3dff1dff15ff20ff01fef1fedcfe6efe70fe5bfe4afe1bfe47fe2afe21fe27fe40fe32fe39fe11fe1bfe02fdeb
MIC 043264 fdf1fde9fdc9fdcffe06fe1ffe29fe35fe7afe4dfe74fe74fea3fe9bfee2fed8ff44ff5aff7aff79ffa0ff90ff9affa3fff100040011005300700086008b00ac00e700ed00f30117014401590180018b01b20193019e0189018c019001b7019a01c701c801c801e501fa01e901e301e401d901ea01d701d201a301b901ae01a1
MIC 043328 016f01850143016b0129012800f500d600c100a8009c0093007300570049001f0027ffddffdeff90ff93ff36ff24fefdfed5fe92feaafea4fe6afe65fe6efe67fe3bfe31fe25fe29fe05fe19fe01fdfbfdf0fe08fe17fe39fe23fe4ffe28fe27fe32fe2bfe58fe72fe77fe7afe8dfe9afea4feaafee0fed6ff14ff37ff44ff60
MIC 043392 ffa0ffa3ff9fffccffe6ffe6001e0019001700450085008300ab00e300fd01240152017a017c019f01b301b701af01bf01ec01e801e201e3022902110220021a021a0210020c01eb01b401b0018a018b016d0187015b0167016401340109010900da00a900a6009f009000740077004a001f00200014fffe0007ffe9ffceffa9
MIC 043456 ff85ff6dff5fff4eff50ff3dff2eff19fee8fec8fea4fe92fe8dfe73fe75fe60fe5bfe68fe56fe52fe66fe3ffe41fe42fe43fe33fe51fe3cfe2bfe2bfe23fe14fe28fe68fe6efe62fe85fea4fe9afeacfec6ff0eff10ff37ff4cff52ff58ff86ff9dffc3ffcb00110019004b00660088008d00bc00b000c100f600f60102012c
MIC 043520 0155012e0152015f0162017201c801ab01b401c901f201ec0216020b01df020101f601f201db0209020901e801d401dd01b1019c0145015e011a010a00e900fc009a00700042004300110002ffecfff0ffd0ffc0ffd3ffb5ffb2ff96ff82ff67ff5aff49ff23ff01fed1fe9bfe9ffe98fe8dfe81fe97fe81fe4bfe3ffe0bfdf0
MIC 043584 fde3fddffdf7fdddfddffdeffe1cfdfafe1afe0dfe23fe34fe51fe79fe88fe92feb8fec6ff01fef0ff14ff39ff60ff70ff86ffa0ffd0fff9ffdd0009fff10002000b002e0044006c005900a300aa00ab00a400cc00a500c300ec011f013e014401910168019201ad01c301c801dc01d101fc01e501e5020601fb022101e80202
MIC 043648 020101f501bd01d601c5019a018401ac019a01830193017201550113011600c500d700a60092009c00510039002d0023ffd2ffb7ffa4ffa8ff51ff33fef1fecefea5fe9afe85fe70fe4dfe54fe6bfe39fe1bfe11fdfbfdf5fdeafdf3fe12fe11fe41fe2bfe41fe0dfe1afe04fe20fe0afe21fe1dfe50fe20fe34fe5bfe80fe67
MIC 043712 fe6efea2febbfecafef6ff47ff54ff68ff83ffa6ffa0ffd80001002d0032007500a700d600f4012801200135011d012c014e018501a701af01d301e5020e02040202020001f801ee0202021501ec01f501f901e901d301b601c2018e01660166016f0148014d0169016a011c0132012f00f000da010900ec00d900a000900065
MIC 043776 00520034003d00180021ffe3ffd2ffd4ff7fff70ff4eff40ff2afee7fed9fee3feaffe6afe60fe51fe2dfdedfe0cfe0bfdfdfe0dfe22fdfafe08fe24fe4afe38fe4ffe53fe4bfe14fe0cfe0afe3afe58fe3efe61fe63fe68fe73fea2feaefef2fec5fee4ff09ff0eff36ff7cffaaffb3ffa5ffb1ffb7ffb6ffd1fffa0021005d
MIC 043840 007f009400e300eb0109010f0130014c0170019a019801c201bb01d501ca021901f602180203022501f7021c020b02150210021902190231027d024f0239021e021601e101b301ba01a40125012200f000b90089008c007f006d004c003dffdfffbeff8eff98ffa1ff9bff66ff3fff5aff04ff01feedff09fea5fe9cfea0fe92
MIC 043904 fe62fe84fe54fe2ffdedfde1fde9fddafdf1fe16fe29fe20fe0afdfdfdfefdecfe11fe3bfe43fe75fe7efe7bfec4fe91fe90febcfecefeddfef7ff2fff77ff83ff78ff86ff9eff80ffa1ffd6ffff0026005d006f0085007f0087008900b100be00d20106013b01250139015701790162019d01c401c701ec0208021d01da01ea
MIC 043968 020f01f001c501e601f801f601fa01f301f401d501dc01ef01cc01c801b10183018401540144013e0138010f00d200b60075005c00450053003c004a00300003ffdbffb4ffa9ff93ff50ff13ff13feecfeebfeb4fea9fe88fe8dfe61fe63fe59fe49fe12fe2cfe2cfdfcfdeffdf3fdfdfdfbfdddfdfcfde2fdc1fdc3fdc7fe09
MIC 044032 fe10fe36fe44fe57fe23fe4afe5afe88fe91fed9fedbfee7fef4ff1eff3cff4dff90ffb3fff8fff90043003a0067008200c100a800e6011001200134012d015f0156017e018901a001b501f101fe0222020a022101f2020101e701fb01e601ff020b01e901ec01fa01cf01d0018901920188017d017e0173019501630136012c
MIC 044096 010400be00cc00b400a1004d004b001f002d0007002f0019fffbffd0ffa3ff8cff69ff6bff47ff52ff39ff2efefbfefafed5feadfe93fe6ffe73fe59fe66fe6ffe5dfe4ffe53fe36fe4efe2afe46fe57fe3dfe5afe5afe4bfe42fe43fe2dfe28fe26fe3bfe47fe47fe36fe43fe66fe90fe9bfed2ff1fff04ff19ff37ff59ff6e
MIC 044160 ff84ffb1ffe8ffc4000000320062008800bf00e200d5010b01270151015c0194018a019801c901cb01bd01f001ca01f801e801f201ed01f2022501ed020501f1022c02350228020d01f701d001bc01a2019d0172017c016d012e011100d500bd009f00b6007b0075004b00300006001bffd2ffe2ffa1ffbdff79ff56ff77ff47
MIC 044224 ff49ff05fefdfeb4fe96fe4afe7ffe44fe58fe27fe37fdedfde5fdc7fddcfdb3fdb5fdcdfde1fdd2fde0fdecfe0afe04fe0ffe20fe25fe43fe3cfe77fe95fe90fe92feadfea6fea5fecbff0afefdff1dff2aff37ff55ff91ffa8ffd90020001100090016000f0036006d008800ad00de011b0146015d019501a201ba01b001b9
MIC 044288 0203020201f001f801fe01e901ec01bb01af01d4020102010245021201db01c601e7019e0189018c019f014d0151014201330120011e010900d600c200a6008f007c005f00030005ffe6ffd8ffd5ffcbffa6ff9cff6dff5fff55ff2eff3dff33ff12ff07fef5feb7feaefe72fe6cfe5bfe50fe03fe24fe13fdfbfde7fe30fe1b
MIC 044352 fe02fdfcfdeafdc5fdbffdc9fdd7fdfdfdf7fe05fe51fe35fe49fe64fe9cfe9cfea8febafee1ff05ff2fff40ff7cffb7ffc1ffddffecffd5fff1003b00150043009400d200ff012e01310167015f014c016801a40188017201c201f401cb01d101f801e001cf01e301fe01df01f001e701d701cb01dc01a301a401c601d90198
MIC 044416 018b0187019b0193019c016a01390172016101620134013a00f100cb009800b30079006700510034ffdfffd4ffa4ffa9ff4fff30fefdfec1fedbfebbfe7ffe87fe8efe7bfe98fe83fe67fe1ffe24fe1bfdf7fdf3fdfcfdd6fde5fdbcfdc3fdbdfdb8fdd1fdf2fde2fe28fe57fe79fe88fe7dfeb0fedafee0fefaff18ff68ff63
MIC 044480 ff71ff89ffb0ff92ffb1ffec00080001000d001c00160054007500a2008a00bf00be010f010b01100117014f01520173018f01a30184019a01af01d001f501e601ee020501ed01df01ff01e301e701f10213020601f901fa01da01aa018b018e0169015c0135013b01470129011d012000c200a0008f008300680035001f000e
MIC 044544 ffd4ff8aff68ff46ff54ff3dff40ff2eff17fef3fed4fec6fe7efe66fe8dfe87fe3ffe59fe54fe3bfe0ffe28fdfffdfefdfdfe1efdf0fe1cfe26fe15fe0afe17fe33fe22fe5dfe71fe78fe83fe89feb3fed1fee8ff05ff2dff51ff48ff7bff6eff85ffa1ffb2ffc9ffda0007001f001c002800550064008f0088009200b000d5
MIC 044608 00e600fa00e101110112014101540169019c01b301cc01e101e101e0020001fd020a020701f901e201e401bc01b501b301ca01a901930197017c0151014c013d0122011100ea00df00d300af00ab006b007d002b00240018000d0012fff9ffa6ff90ff71ff41ff36ff31ff20feddfed9fec3fe7efe62fe59fe27fe47fe34fe2c
MIC 044672 fe20fdfefdbefdd3fdc6fddefdf5fdf7fe0ffe0afe3cfe34fe34fe54fe4dfe6ffe75fe97feadfec4fed1fef1ff0bfee0fee3ff00ff2bff1aff31ff71ff89ff8bffc5ffc6ffdb00010001001400350071007f009a00d600b200d000e600f901010162016e01880191019a018901ad01a201b701ec020c01f2020e021201e901c7
MIC 044736 01d601f201cf01e001f301f001bb01980171016d0150013f01320130013801530138010500f100cb00b600700067004b00420003fff9ffc2ffb1ff55ff3dff4bff33ff0eff16fee5fec5fe9dfea6feb4fea4feaafe99fe83fe5bfe55fe1cfe2cfdd6fdf7fdedfdfefe15fe32fe12fe18fe0cfdedfe0afe27fe08fe33fe53fe5d
MIC 044800 fe48fe71fe74fe68febcfeddfee7fef0ff22ff39ff50ff57ff8fff9bffd4ffd0fff5000d00530074009200a200e000e100ec0112014a0126015a01800191019801ad01ff01f301f60232023b022e022b02160228020402180215020101e301e901ee01d301d201b201b5017a01720173015301530138012200f800b7008b006a
MIC 044864 00600055004f0052004ffffbffe9ffc3ffa6ff82ff75ff57ff72ff41ff49ff3aff07fed5fec4fe97fe5dfe59fe6dfe47fe30fe43fe25fe1ffe34fe37fe4efe68fe47fe22fdf8fdfffdf8fe00fe1bfe38fe5efe49fe50fe74fe64fe4cfe89fea9fe92fedbff12ff36ff25ff5bff61ff6dff69ffa7ff88fff70021006e008500c8
MIC 044928 00c100dd00fc011c0121015901950184019c019701c2018b01c501bf01c201aa01c301aa01ae01af01bd01d301bc01c001c901cb01ac01c901d201e101be01b001c101ce01ab019c0177015f01250121011700fa00e100fd00c4009400700055004a003e0010000efff7fff0ffdaffc7ffd0ffadff7aff79ff3fff11fef4fee7
MIC 044992 fee0fea8fe86fe79fe5bfe15fe42fe59fe4afe36fe3afe16fe12fdecfe10fddffe08fe0ffe31fe15fe20fe32fe4dfe4efe52fe3dfe7bfe8efe98fec1fed8fefbff0fff30ff36ff60ff55ff8affc2ffe1ffcc0005003400430058008b009e008b00a700bf00d300da00f1010f0157015b019a019601a601aa01e2020902110235
MIC 045056 02150202021e022101e701e301d301a101b601da01e501d101e901ae018d01780176013c012b011a01270124011f01030115010100d600ad009b008000500072006f0057002b0025ffe2ffb2ff76ff86ff68ff5cff39ff30fefbfef2fed2feb1fe8dfe6cfe87fe59fe5cfe3afe48fe00fe0dfdeffdf8fdd0fe1ffdedfe02fdea
MIC 045120 fdd2fda4fdd7fde6fe11fe34fe57fe5efe67fe75fe8dfe9ffec9fee1fefcff1dff0fff34ff3cff62ff88ffb1ffe200100016003100490053007d008600bf00b7010301140161011d0161015c017c017a018b01ab01d401ca020d0216021402180234022e021b01df01ee01d101f201f401fd01f501ed01b301a7018b01770144
MIC 045184 01600140014001140127010200d600e100ce00c8009800960078009c004f00600038fff2ff93ff8dff3eff06feeafef1fe94fe82fe59fe51fe31fe31fe29fde3fdf0fddcfde7fdf4fe05fdfdfe17fe0dfe0afdeefdf6fe01fdeefdfdfe32fe36fe2dfe31fe23fe45fe73fe8afea5fea7fecaff01fef0ff10ff1dff1cff26ff4b
MIC 045248 ff5bff94ffc8ffe4fff8002600660054007500cb00be00f100f801230112015301370150015b0179017f01c401c701d601bf020201c001b101e501cd01c501d601f001dd01d501da01e601c701cb01a701b301d801cd01a001b7018e015b01320146011c00f200d500ca00a8007900400006ffdfffbdffceffa1ff7eff5cff53
MIC 045312 ff24ff25ff02ff00feadfeaffe8efe92fe63fe51fe54fe4dfe51fe2ffe4dfe28fe2ffde7fdfcfdf0fe0ffe1cfe6cfe6bfe7dfe96fe77fe63fe63fe52fe25fe2afe2efe18fe47fe65fe64fe8efeccfebcfeb4fee6ff1bff1cff41ff6bff9dffb4ffe700210040007200a100dd00f9010801080113012e013b0146017f01ae0198
MIC 045376 01ad01c401c0019101ba01b7018a01c80207020c01f3021b01f701ec01ca01b901ac01b901e301ba01c201be01ad016c01710154015f012c0138011f00f400eb00e400d10086005300460020ffc7ffdbffd7ffbfffa5ffa8ff92ff5bff58ff42ff2bfed1fec3fe8afe85fe7dfeadfea0fea3fe91fe76fe3cfe38fe1cfdfefe02
MIC 045440 fe00fdf8fdfcfe1cfe0dfde2fddbfdfefdeafe11fe38fe7bfe8bfebdfecdfee8fec2fedffed2feebff13ff03ff1fff2aff4aff67ffb4ffacffedffdc00160036005f0047009c008900910098009c00c200a700df011b01230139017101890176018701dc01ca01d001c601ff01da021f0201021602270232021601ea01fa01d7
MIC 045504 01af019901a70168018d01750194016f01600142013f0102010b00ee00f100e400bc008a003600250013fff7ffd40011ffe6ffe6ffa0ff79ff42fefffeecff06fec4fea4feb7fec5fec8fea8fea1fe83fe56fe2cfe2dfe27fe29fe0dfdfefe01fdf8fdf8fe03fdeefdf8fe05fdf3fe01fde3fdcdfdfbfe27fe39fe42fe7ffe8a
MIC 045568 fe91feabfed2fef2fef1ff21ff56ff5cff89ffa8ffd5ffe9001b004c004800580068007f007a00cd00e501310151016301650188019201c201ae01cf01e301f101e401f7022a02270218022c022701e7020e022e0228021d021c021a022e02180233023001d601cf01aa01960134013a0120011400df00ff00cc00cb0063005f
MIC 045632 0015002bffdcfff2ffddffc6ffaaff71ff4dff2cff28ff21ff49ff24ff0ffebcfedcfe89fe97fe89feb0fe65fe72fe57fe62fe3afe5cfe49fe47fe53fe36fe48fe4afe16fe14fe5dfe5cfe39fe2efe70fe73fe6ffe7cfe92fe69fe5dfe88fea1fee8ff07ff4aff49ff49ff6aff82ff9affbcffef0026004500520081006d0087
MIC 045696 009b00dd01020112012d016c016f019401a901ac01c601c501df01ef021f0226024b02390245022002210208020901cd01e001d601e001a701a201ab01a401800197017f01720170015c0151012400ff00af00af0075007d0033004f000effefffc5ffacff6cff6aff5dff1ffef0feb9fe8afe67fe8dfe77fe6efe66fe5ffe1b
MIC 045760 fe2bfe08fe28fe23fe46fe25fe17fe1cfe0cfe06fe04fde2fde8fdf7fe03fe13fe27fe47fe64fe63fe5dfe59fe67fe71fe87feb2fee8ff0cff50ff69ff84ffa3ff9bffa2ffbbffb8ffca00120041002f00310067006f0086009500c000da00e400e20107010401050104013101480167019601b301e101b301f60222021f0216
MIC 045824 023d02210228020f0218022e022401f201df01f201e801f401eb01e001aa019e0177017d0149011800e500d000ba00a2008100750051003dfffdffedffd2ff98ff7aff77ff4dff19ff2bfef2fed6fec1febefe8cfe8cfe89fe51fe32fe42fe2bfe25fe1dfe1afe11fe1ffe10fe2afe18fe11fe06fe1bfe0ffe25fe1efe52fe0f
MIC 045888 fe15fe22fe23fe2dfe43fe5bfe96febdfec4fee7ff14ff39ff70ff78ffaeffc1ffcbffe9fff400090007003f004d009200b400df00e50117014401410183017d0141016f019301a801a801b401d401bc019901a301b801c601b901d301d301c501b701b801b1019501a8019f019c017a01770177015f01540126013401320125
MIC 045952 012c00fa010200e000f700cb00b10086007a0036000effd5ffc2ff97ff77ff50ff49ff1dfed1fec3feb4fea2fe58fe6afe6dfe5dfe4bfe88fe44fe4cfe14fdd5fda9fda8fda5fde0fdfbfe12fe30fe15fe13fdfefe10fe27fe33fe5cfe8bfea8feb9fea8feaafeaefedafedeff24ff37ff4dff64ff8fffaaff9dffd20000000e
MIC 046016 0024007a008e00ab00ab00ca00ba00ed00f40126012c01570154014701630172018a01a301d801d301d001ed01fb01d801dd01f101dd01d301d401e801cf01e401de01e401df01b501a6019001730161015b01520131010a00f300ef00f900ee00dd00b300a200710070004b0020ffc9ffc6ff9eff92ff86ff8bff6bff31ff02
MIC 046080 fed8febefec1feb4fea4fea9fe93fe99fe77fe7bfe51fe24fe08fde9fdbafddcfdeefdbdfdd8fdecfdf7fddcfde5fdf9fe10fe07fe53fe53fe8bfea5fed0fed9ff04ff1ffefffefcff1dff35ff27ff48ff59ff6cff9effec001800280038003c0046004a0060005a00a700b000e600f4012600f00119011b01280134019901b3
MIC 046144 01d001bc01d901bd01ec020401fc020a020c0236022c023e021d021701e001e601c401c701a301940162016d0150013200ff00f300ef00bf00a5008a00880000002d0011fffeffbaffc7ff94ff50ff1dff16ff00fee3fee8feecfed3fe99fe84fe53fe63fe46fe59fe60fe42fe23fe4afe0afe28fde3fe07fdd2fdfafdfcfe11
MIC 046208 fdf7fe1dfe43fe3efe2efe0ffe1cfe03fe26fe4bfe90fe6dfec2fe90feaffec1ff07fee7ff11ff3cff55ff59ff94ffceffc7fffa003300450048005f007e00ad00cd00fb011a011b011a0136015f0172018701c701c601c401f20208020901f50200020f0218021401e701fe021c01f501f401f501c401c901da01b801c601d2
MIC 046272 01ba019b016d012e010600ed010000de00de00e000850088008b005600410025ffe0ffb8ff9cff8dff82ff71ff43ff20ff16ff22fed3fed6fed9fea9fe8dfe68fe71fe4afe48fe4bfe69fe3efe3efdfdfe0ffdd9fe0cfe28fe58fe41fe37fe3bfe39fe2bfe11fe16fe23fe27fe42fe65fe61fe81fe8afec3fe84feb5feb7fefe
MIC 046336 fefdff4cff62ffa7ffd00000002a00540084008800c900c100d400ae0121012301760155019d016d019a018701bc01c001d801bb01da01d301b901dc01cf01db01ca01d201c2019f01a301b5016e0182018e019d0177018f016d016501590142013200f300e400d400e100f400c2009d0098004c0025fff2fff9ffe3ffc9ffc8
MIC 046400 ffc5ff84ff77ff5cff33ff1bff03fef8fef6feecfeddfef5fef6feddfec5fe9cfe9bfe73fe70fe4afe49fe26fe24fdf2fe05fe0afe13fe22fe3bfe31fe3efe2afe4efe4dfe65fe78fe94fea0fe77fea3fea7febefee2ff0aff0bff18ff45ff6bff79ffacfffd000200120035004a004600610069008b009000d700ce00d800d6
MIC 046464 010501090147014b0164018c019901c001b601c001d601de01cc01d101e901ec01c401ab01af018801790176017c018201af01b001cc018c01a4019301680151014c0163012d010f00f300e500bd00b50082007e005c0043000fffecffcbffccffa7ffaeff94ff76ff59ff4fff0dfef0fec9feb8fe82fe5bfe6cfe60fe5ffe2b
MIC 046528 fe22fdf7fde7fdd6fdf0fdf8fdebfe19fe50fe4efe49fe49fe47fe27fe46fe4ffe37fe6afe95fec6fecdfee0ff0cff0dfefeff17ff02ff1fff4aff79ff93ffa5ffc9ffecfffd002c0041001f0024005c006d008000cd00ff0102010601440127013401630162016101a0019f01c301bd01bf01e101e201f401ef01e6022601ff
MIC 046592 01f601e801e9019c01a501a401ac018c019f019e01a9016f01790148011d010100bc00b10090009d009f00a30075003ffff5fff9ffd3ffb5ff90ffa6ff74ff5bff3dff37fef3fee8fec6feb6fe5afe6afe7efe82fe67fe58fe3efe1efe0dfe15fe2efe18fdfefdeffda5fdc7fdb0fdc0fdd1fdf9fdf0fe18fe2efe23fe39fe2b
MIC 046656 fe68fe82feb7fed4ff0aff27ff38ff5eff8cff85ff93ffb8ffc1fffc003a0064009a0082005f009900a200cc00e301140115012a0113012e01100142015d0176018201ad01b401ef01c901d201e30200021002110221020801f601fd01f101f301fa020501eb01ba019a018c0174012b011200f900f700fa00d800d100a70085
MIC 046720 006800680036001effdbffe3ffbdff82ff63ff74ff2bff2eff07fef8fe99fe8afe94fe79fe73fe5cfe48fe25fe0efdd0fdeffdd8fdcffdcefde8fdaffdb6fdd3fdfefdfefe1bfe24fe15fe38fe2ffe4dfe2cfe3efe1ffe4bfe5cfe65fe8dfec4fee7fedafef0ff00ff2cff3dff68ff98ffc7ffc1ffedffdeffef000a00160060
MIC 046784 006c009a00c200b600ed010700fb013e0142014201680189016e01ab019801a7019201b801ea01e2020102280225020a01e401d301db01b701ba01ab01b4017201b8018001630143013f0130011c011e011300d000e400ac007500700054002b0042003c0024fff40007ffdeffb6ff94ff7dff61ff65ff35ff2afef1fed7fea7
MIC 046848 fe88fe70fe3afe49fe48fe3efdfcfe06fdeafe07fdc9fdd7fdfafe1bfe32fe69fe66fe5cfe2bfe2dfe26fe1bfe15fe52fe61fe73fe59fe58fe71fe85fea8fea7fec3fefbff49ff40ffa5ff94ffdefffc001f001b0028002b0055008a009c00d700de00f50112013a015e018a01900195017c01ac01c301e30205020c02080232
MIC 046912 023d022d0213020b01ff01f101e901d201d101b001cc01af019701620183014001470134012f00ee00f500cb00d90097006a005a00600042004200370015ffc9ffc1ffc4ffc1ffaeffadff99ffa6ff5aff4bff24ff06feeeff01fec6feb2fe98fe77fe2ffe0dfe1bfe0efdfffdeafdd8fdccfdf0fdf0fe06fe19fdf9fe08fe07
MIC 046976 fe2bfe32fe6ffe89fe8cfe7bfe5ffe41fe72fe64fe95fed4fef4feedfefeff25ff31ff59ff65ff9bffb5ffddfffa0027005d008f00a800d6010b011c01440173018601530175019c016f017901c701bf01b401c901e9019b019901c301df01b801ee021602210221020a01f101cf01ba01c301ae017f019a016b0158012d014c
MIC 047040 0141016b014201370107011900e500a8008d006b00550039003efff7ffd1ffa1ffaaff58ff71ff4bff53ff0fff18feeffef5fed4febffe91fe7cfe51fe3afe14fe2ffe32fe45fe22fdf8fdcdfda6fdbdfdd2fdf1fdc8fe20fe11fe1ffde8fe3afe36fe54fe5afe64fe7afe9efea4fec6fed6fecefee9ff03ff44ff70ff87ffa0
MIC 047104 ffb6ffa9ffb9ffcafff40007004b00aa00e600e3010b010500f90122010f013d014c017901a4019101aa01a501b601a40193017001910174018d019701cd01c001d601d101ec01e701e9020501d801d301960177015001660148013b0122013800e700d800c100a800600097006e004e003a0027ffe8ffb7ffcbff9cff55ff12
MIC 047168 ff12fee6ff09fee5ff0efed9fed0feb3fe96fe65fe8cfe73fe68fe61fe42fdf2fe07fdfdfdf0fdfefe34fe25fe15fe1efe02fde7fdf3fe1efe2afe4cfe65fe52fe80fe81fe7efea2fed4fedffee9ff13ff37ff50ff60ff80ffa3ffaeffadffdeffc0ffe0ffe7002d00330031005b009a00be00f601210178019401c301c101d5
MIC 047232 01c501df01ec01e4020d01fb023b021502080209021d01eb01ec0207021d02290219022a021b020b01fb01e101aa01910156015901320114010f010800d2009a007a006200540053002e003a000fffbaff84ff78ff75ff5bff67ff4cff13feecfeedfea6fe8efe89fea1fe8afea5fe83fe91fe90fe5ffe6efe82fe64fe4cfe2d
MIC 047296 fe26fe08fe18fe2dfe3cfe1ffe0bfdeafe21fe0efe04fe11fe3afe0bfe38fe7ffe8dfee7ff09ff26ff0cff3fff2fff53ff7bffc6ffa9ffdcffdcfff1ffe70011002c0058005a00a200a9008d00c7011e0138015b017001750152016b0186019f01b401bd01b001b301a001b501d6020201e7020501e302280210024902430249
MIC 047360 020901e501cd01ad017701860187016f01310116010c00d800b800bf00af0071005600460048000afffaffdfff9cff4fff44ff2eff0aff16fef6fec6fea1feaefe7efe89fe96fe93fe86fea1fe85fe7dfe89fe95fe80fe7cfe66fe6bfe39fe2bfe50fe48fe4bfe56fe7bfe69fe7afe7afe77fe60fe90fe89fe99fe89fe9bfe9c
MIC 047424 feddfee3ff06ff10ff37ff51ff6bff77ff83ffa9ffc8000200120049006600780081009b00a000c40101012c011e01690198019801c101d601e001be01e901eb01c501bd01e101f201c001d401e201c101ba01ba01bc01c001c901df01c401d401cc01b8019f016001470140013500ed00ee00db00c0007b0079003a0039000d
MIC 047488 001affe6fff5ffd8ffbfff86ff85ff64ff57ff41ff3cfef5fee3fefafeddfed3fea4fe9ffe82fe6dfe5ffe68fe54fe60fe54fe31fdf8fdfefe1efe3bfe33fe4afe60fe2efe35fe23fe32fe15fe49fe67fe62fe66fe9afea6fed6feefff07ff11ff23ff45ff5dff69ffa3ff91ffa9ffd800030011004c006e008a009800ad0095
MIC 047552 00b500d801080134018b01b101d101eb01e6020e0210021b0229020d020e021001f8020801db01e401d001de01a201aa01ae01d801af01be0192016001580162012a00fa011600e100de00d100fc009a008e00930074000e0006ffecffe1ffbcffc3ffc7ff8dff62ff32ff2bff16ff13fee9ff0bfeeefeddfec8feb7fe69fe73
MIC 047616 fe30fe31fe06fe37fe44fe44fe53fe2efe17fe0cfe01fdd0fde4fde0fe0bfdf4fe39fe2afe6bfe73fea5feb5fea8fea7fed7fef1ff07ff27ff3bff56ff70ffa0ffc2fff00028004300490069006c005f009b00c000ad00ee00ff00ee010e011c013b012a0145016f014c018101a901d501c501cf01dd01d7019701c201df01f6
MIC 047680 01f4020f01ee01f101cd01c701a501b301d301b1018a018b012d01130103010b00ee010200fc00ff009e00a70091004d001d001d0018000affecffc3ff9eff80ff5aff34ff02fef5fee0fee1feedfec2feaffebffe9bfe7ffe63fe63fe47fe3cfe3dfe11fe14fe03fe16fdf5fe06fdf7fdfbfdfafdd4fde3fe08fe0cfe17fe50
MIC 047744 fe54fe7afe92feb4fe76fea4fe8dfee7fef1ff4aff36ff75ff87ffacffc10003002600320077007000b400af00df00d200fd00be00f600ea0129011e01720150013c01250156015e015b019c019a01ba01c201cb01ba01c101ae01d101b101d301c101e901cc01ce01cb01e101bc01bd01a2016a014b014d01510117011000f1
MIC 047808 00e800bb00ce008800900085006d00350029fff7ffd6ff82ff5dff50ff2bff10ff16ff17fefcfec3feb3fe7cfe6bfe5bfe43fe2efe4dfe06fe39fe26fe13fde0fe1dfe08fdf7fdf5fe26fe16fe1afe46fe2cfe36fe42fe4afe53fe8cfe83fe9cfec7fef8fed5feeffeedff28ff03ff48ff48ff61ff7aff9dffb1ffe100020027
MIC 047872 002400350064005c00a7009600b600ef0131010d0127012c0134014e01710186019e01d301db01e901e001d001da01f601df01f1020c02460250023d0249023e021401e801f501ec01b901a201b9017e012b0143011700de00e200d100ba00b900b1009200670068002effedffcdffd6ff83ffa5ff88ff77ff40ff41ff1ffee1
MIC 047936 feaffe9bfe88fe5bfe55fe57fe49fe07fe24fe15fe2bfdf8fe05fdd4fddbfdebfdedfdf0fdfbfdcffdd4fdf7fe1afdfffe28fe67fe3afe6cfe58fe86fe63fe92fe90fed9fe8cfedafeccfefeff04ff67ffc1ffd8ffdc0027004c00390072008a00ae00b100d000dc010a010f01420135016001510167017c01ac01bd01cd01ec
MICEND
I (462833) M1: command=r
I (462833) M1: blocks=173438 dma=173438 render_max_us=66 deadlines=0 write_errors=0 short=0 tx_q_ovf=0 gaps=0 running=1 failed=0
I (466843) M1: blocks=174940 dma=174940 render_max_us=66 deadlines=0 write_errors=0 short=0 tx_q_ovf=0 gaps=0 running=1 failed=0
I (476843) M1: blocks=178690 dma=178690 render_max_us=66 deadlines=0 write_errors=0 short=0 tx_q_ovf=0 gaps=0 running=1 failed=0
I (486843) M1: blocks=182440 dma=182440 render_max_us=66 deadlines=0 write_errors=0 short=0 tx_q_ovf=0 gaps=0 running=1 failed=0
I (496843) M1: blocks=186190 dma=186190 render_max_us=66 deadlines=0 write_errors=0 short=0 tx_q_ovf=0 gaps=0 running=1 failed=0
I (506843) M1: blocks=189940 dma=189940 render_max_us=66 deadlines=0 write_errors=0 short=0 tx_q_ovf=0 gaps=0 running=1 failed=0
I (516843) M1: blocks=193690 dma=193690 render_max_us=66 deadlines=0 write_errors=0 short=0 tx_q_ovf=0 gaps=0 running=1 failed=0
I (526843) M1: blocks=197440 dma=197440 render_max_us=66 deadlines=0 write_errors=0 short=0 tx_q_ovf=0 gaps=0 running=1 failed=0
I (536843) M1: blocks=201190 dma=201190 render_max_us=66 deadlines=0 write_errors=0 short=0 tx_q_ovf=0 gaps=0 running=1 failed=0
I (546843) M1: blocks=204940 dma=204940 render_max_us=66 deadlines=0 write_errors=0 short=0 tx_q_ovf=0 gaps=0 running=1 failed=0
I (556843) M1: blocks=208690 dma=208690 render_max_us=66 deadlines=0 write_errors=0 short=0 tx_q_ovf=0 gaps=0 running=1 failed=0
I (566843) M1: blocks=212440 dma=212440 render_max_us=66 deadlines=0 write_errors=0 short=0 tx_q_ovf=0 gaps=0 running=1 failed=0
I (576843) M1: blocks=216190 dma=216190 render_max_us=66 deadlines=0 write_errors=0 short=0 tx_q_ovf=0 gaps=0 running=1 failed=0
I (586843) M1: blocks=219940 dma=219940 render_max_us=66 deadlines=0 write_errors=0 short=0 tx_q_ovf=0 gaps=0 running=1 failed=0
I (596843) M1: blocks=223690 dma=223690 render_max_us=66 deadlines=0 write_errors=0 short=0 tx_q_ovf=0 gaps=0 running=1 failed=0
I (606843) M1: blocks=227440 dma=227440 render_max_us=66 deadlines=0 write_errors=0 short=0 tx_q_ovf=0 gaps=0 running=1 failed=0
I (616843) M1: blocks=231190 dma=231190 render_max_us=66 deadlines=0 write_errors=0 short=0 tx_q_ovf=0 gaps=0 running=1 failed=0
I (626843) M1: blocks=234940 dma=234940 render_max_us=66 deadlines=0 write_errors=0 short=0 tx_q_ovf=0 gaps=0 running=1 failed=0
I (636843) M1: blocks=238690 dma=238690 render_max_us=66 deadlines=0 write_errors=0 short=0 tx_q_ovf=0 gaps=0 running=1 failed=0
I (646843) M1: blocks=242440 dma=242440 render_max_us=66 deadlines=0 write_errors=0 short=0 tx_q_ovf=0 gaps=0 running=1 failed=0
HOST command=? elapsed=624.141s
I (648483) M1: command=?
I (648483) M1: blocks=243058 dma=243058 render_max_us=66 deadlines=0 write_errors=0 short=0 tx_q_ovf=0 gaps=0 running=1 failed=0
HOST command=m elapsed=627.047s
I (651393) M1: command=m
I (651393) M1: blocks=244146 dma=244146 render_max_us=66 deadlines=0 write_errors=0 short=0 tx_q_ovf=0 gaps=0 running=1 failed=0
HOST command=x elapsed=630.110s
I (654453) M1: command=x
I (654453) M1: blocks=245297 dma=245297 render_max_us=66 deadlines=0 write_errors=0 short=0 tx_q_ovf=0 gaps=0 running=1 failed=0
I (656663) M1: blocks=245299 dma=245299 render_max_us=66 deadlines=0 write_errors=0 short=0 tx_q_ovf=0 gaps=0 running=0 failed=0
HOST command=? elapsed=633.141s
I (657493) M1: command=?
I (657493) M1: blocks=245299 dma=245299 render_max_us=66 deadlines=0 write_errors=0 short=0 tx_q_ovf=0 gaps=0 running=0 failed=0
I (666593) M1: blocks=245299 dma=245299 render_max_us=66 deadlines=0 write_errors=0 short=0 tx_q_ovf=0 gaps=0 running=0 failed=0
